id,province,population,population_density,hospital_name,type,class,total_beds,total_services,total_labors,ownership,blu_status,city,address
1107014,Aceh,5695.9,100,RS Umum Daerah Cut Nyak Dhien,Rumah Sakit Umum,B,267,16,812,Pemkab,BLUD,Aceh Barat,Jl. Gajah Mada Meulaboh 
1107016,Aceh,5695.9,100,RS Umum Harapan Sehat,Rumah Sakit Umum,D,51,25,53,SWASTA/LAINNYA,Non BLU/BLUD,Aceh Barat,"Jl. Sisingamangaraja, Dusun III, Desa Gampa, Kecamatan Johan Pahlawan, Kabupaten Aceh Barat. Provinsi Aceh"
1107017,Aceh,5695.9,100,RS Tk. IV IM 07.02,Rumah Sakit Umum,D,56,23,20,TNI AD,Non BLU/BLUD,Aceh Barat,Jl. Pocut Baren Ujung Karang Desa Suak Indrapuri Kec. Johan Pahlawan Meulaboh Aceh Barat
1107015,Aceh,5695.9,100,RS Umum Montella,Rumah Sakit Umum,D,51,16,55,SWASTA/LAINNYA,Non BLU/BLUD,Aceh Barat,"Jl. Beringin jaya ,  kel.  seunubok Kec. Johan pahlawan , kabupaten aceh barat,  Aceh 23611"
1112011,Aceh,5695.9,100,RS Umum Daerah Teungku Peukan,Rumah Sakit Umum,C,256,96,1100,Pemkab,BLUD,Aceh Barat Daya,"Jl. Nasional Padang Meurante Desa Ujung Padang, Kec. Susoh"
1108015,Aceh,5695.9,100,RS Umum Daerah Kabupaten Aceh Besar,Rumah Sakit Umum,C,101,23,262,Pemkab,Non BLU/BLUD,Aceh Besar,"Jl. Banda Aceh-Medan Km. 25 Desa Sinyeu, Kec. Indrapuri"
1108028,Aceh,5695.9,100,RS Hermina Aceh,Rumah Sakit Umum,D,63,22,,SWASTA/LAINNYA,Non BLU/BLUD,Aceh Besar,"Jl. Soekarno Hatta,  Kec. Ingin Jaya"
1108017,Aceh,5695.9,100,RS Umum Ibnu Sina,Rumah Sakit Umum,D,63,33,67,SWASTA/LAINNYA,Non BLU/BLUD,Aceh Besar,"Jl. Banda Aceh-Medan Km 25,5 Kecamatan Indrapuri, Kabupaten Aceh Besar, Provinsi Aceh. "
1116011,Aceh,5695.9,100,RS Umum Daerah Teuku Umar Kabupaten Aceh Jaya,Rumah Sakit Umum,C,107,23,406,Pemkab,BLUD,Aceh Jaya,"Jln. Ali Gunong, Lr. PMI No. 1, Calang, Kec. Krueng Sabee Kabupaten Aceh Jaya Propinsi Aceh"
1103010,Aceh,5695.9,100,RS Umum Daerah Dr. H. Yulidin Away,Rumah Sakit Umum,B,359,68,515,Pemkab,BLUD,Aceh Selatan,Jl. T. Ben Mahmud Nomor 86 A Tapaktuan
1103021,Aceh,5695.9,100,RS Cahaya Sehat,Rumah Sakit Umum,D,71,20,,Kementerian Lain,Non BLU/BLUD,Aceh Selatan,"Jl. Panglima Raja Lelo, No. 10, Gampong Hilir, Kec. Tapaktuan"
1103022,Aceh,5695.9,100,RS Umum Daerah Type D Pratama T. Cut Ali,Rumah Sakit Umum,D PRATAMA,,3,,Pemkab,Non BLU/BLUD,Aceh Selatan,Jl. Padang Ketek Gampong Kedai Rundeng Kec. Kluet Selatan
1102016,Aceh,5695.9,100,RS Umum Daerah Aceh Singkil,Rumah Sakit Umum,C,101,32,566,Pemkab,BLUD,Aceh Singkil,Jl. Rimo-Singkil Km. 8 Desa Gunung Lagan Kec. Gunung Meriah
1114011,Aceh,5695.9,100,RS Umum Daerah Muda Sedia Kabupaten Aceh Tamiang,Rumah Sakit Umum,C,287,31,398,Pemkab,BLUD,Aceh Tamiang,Jl. Kesehatan Kab.Aceh Tamiang 
1105034,Aceh,5695.9,100,RS Umum Pertamina Rantau,Rumah Sakit Umum,D,50,21,49,BUMN,Non BLU/BLUD,Aceh Tamiang,Jl. Cepu No 1 Komplek Pertamina Rantau Aceh Tamiang
1106013,Aceh,5695.9,100,RS Umum Daerah Datu Beru Takengon,Rumah Sakit Umum,B,376,80,470,Pemkab,BLUD,Aceh Tengah,Jl. Rumah Sakit No.153 Kec. Kebayakan 
1106014,Aceh,5695.9,100,RS Umum Fandika,Rumah Sakit Umum,D,45,15,45,SWASTA/LAINNYA,Non BLU/BLUD,Aceh Tengah,Jl. Terminal Simpang Wariji Blangkolak 1 Kec. Bebesen
1106025,Aceh,5695.9,100,RS Gayo Medical Centre,Rumah Sakit Umum,D,60,56,,SWASTA/LAINNYA,Non BLU/BLUD,Aceh Tengah,"Jl. Paya Tumpi-Mandale, No. 126  Kec. Kebayakan"
1104013,Aceh,5695.9,100,RS Ibu dan Anak Keluarga Desa,Rumah Sakit Khusus Ibu dan Anak,C,80,28,3,SWASTA/LAINNYA,Non BLU/BLUD,Aceh Tenggara,Jl. Iskandar Muda No. 58 Kutacane
1104011,Aceh,5695.9,100,RS Umum Daerah H. Sahudin Kutacane,Rumah Sakit Umum,C,180,32,493,Pemkab,BLUD,Aceh Tenggara,Jl. Kutacane - Blangkejeren Km. 3 Kec. Badar Kabupaten Aceh Tenggara Provinsi Aceh
1104012,Aceh,5695.9,100,RS Umum Nurul Hasanah,Rumah Sakit Umum,C,123,26,167,SWASTA/LAINNYA,Non BLU/BLUD,Aceh Tenggara,Jl. A. Yani No. 23 Pulo Kemiri Kutacane
1105056,Aceh,5695.9,100,RS Umum Daerah dr. Zubir Mahmud,Rumah Sakit Umum,B,246,47,636,Pemkab,BLUD,Aceh Timur,Jl. Banda Aceh-Medan Km. 372 Desa Seuneubok Barat Kecamatan Idi Timur
1105067,Aceh,5695.9,100,RS Umum Daerah Sultan Abdul Aziz Syah Peureulak,Rumah Sakit Umum,C,170,34,480,Pemkab,BLUD,Aceh Timur,Jl. Monisa No.1 Desa Lhok Dalam Kecamatan Peureulak Kabupaten Aceh Timur Provinsi Aceh
1105078,Aceh,5695.9,100,RS Umum Graha Bunda ,Rumah Sakit Umum,C,163,26,315,Organisasi Sosial,Non BLU/BLUD,Aceh Timur," Jl. Medan - Banda Aceh Bukit Pala, Idi Rayeuk - Aceh Timur "
1111029,Aceh,5695.9,100,RS Zahra,Rumah Sakit Umum,D,56,11,,SWASTA/LAINNYA,Non BLU/BLUD,Aceh Utara,"Jl. Medan-Banda Aceh, KM 303, Meunasah Reudeup, Kec Lhoksukon"
1111005,Aceh,5695.9,100,RS Umum Prima Inti Medika,Rumah Sakit Umum,D,70,29,44,Perusahaan,Non BLU/BLUD,Aceh Utara,Jl. Singgalang No. 1 Komplek Perumahan PT. PIM Krueng Geukeuh Kab. Aceh Utara
1111006,Aceh,5695.9,100,RS Umum Daerah dr. Muchtar Hasbi,Rumah Sakit Umum,D PRATAMA,28,13,,Pemkab,Non BLU/BLUD,Aceh Utara,Jl. Medan Banda Aceh Alue Mudem Landing Lhoksukon
1117027,Aceh,5695.9,100,RS Ibu dan Anak Azalia,Rumah Sakit Khusus Ibu dan Anak,C,60,16,13,Perorangan,Non BLU/BLUD,Bener Meriah,Jl. Empun Bayak Kampung Bale Atu  Kec. Bukit
1117025,Aceh,5695.9,100,RS Umum Daerah Muyang Kute Redelong Bener Meriah,Rumah Sakit Umum,C,176,35,199,Pemkab,BLUD,Bener Meriah,"Jl. Simpang Teritit-Pondok Baru, Simpang Empat Kute Kering Redelong Kec. Bukit"
1110075,Aceh,5695.9,100,RS Umum Daerah Dr. Fauziah Bireun,Rumah Sakit Umum,B,251,84,1178,Pemkab,BLUD,Bireuen,Jl. Mayjen T. Hamzah Bendahara No. 13 Bireuen
1110104,Aceh,5695.9,100,RS Umum Jeumpa Hospital,Rumah Sakit Umum,C,104,28,151,SWASTA/LAINNYA,Non BLU/BLUD,Bireuen,"Jl. B.Aceh - Medan, Km 220 No 102 Dsn.Teratai, Desa Geulanggang Baro, Kecamatan Kota Juang"
1110101,Aceh,5695.9,100,RS Umum Bireuen Medical Center ,Rumah Sakit Umum,D,75,27,221,Organisasi Sosial,Non BLU/BLUD,Bireuen,"Bireuen, Aceh"
1110102,Aceh,5695.9,100,RS Umum Telaga Bunda,Rumah Sakit Umum,D,50,39,186,Organisasi Sosial,Non BLU/BLUD,Bireuen,"Jl. Peutua Banta 7, Gampong Bireuen Meunasah Blang"
1110027,Aceh,5695.9,100,RS Umum Malahayati,Rumah Sakit Umum,D,74,35,123,Organisasi Sosial,Non BLU/BLUD,Bireuen,"Jl. Medan-Banda Aceh No. 100 M, Meunasah Blang, Bireuen"
1110103,Aceh,5695.9,100,RS Umum Avicenna,Rumah Sakit Umum,D,50,17,101,SWASTA/LAINNYA,Non BLU/BLUD,Bireuen,"Jln. Laksamana Malahayati/Kuala Raja No.1 Lhok Awe Teungoh, Kecamatan Kota Juang, Kabupaten Bireuen, Provinsi Aceh, 24252"
1113012,Aceh,5695.9,100,RS Umum Muhammad Ali Kasim,Rumah Sakit Umum,C,159,24,640,Pemkab,BLUD,Gayo Lues,"Jl. Pangur, Desa Pangur, Kecamatan Dabun Gelang"
1113023,Aceh,5695.9,100,RS Tanoh Gayo,Rumah Sakit Umum,D,54,22,,Kementerian Lain,Non BLU/BLUD,Gayo Lues,"Jl. Blower Kp Pers. Sentang, Desa/Kelurahan Bustanussalam, Kec. Blangkejeren"
1171163,Aceh,5695.9,100,RS Gigi Mulut Universitas Syiah Kuala,Rumah Sakit Khusus Gigi dan Mulut,B,11,24,,Kementerian Lain,BLU,Kota Banda Aceh,Jl. Prof A. Madjid Ibrahim I No. 5 Banda Aceh Kel. Punge Jurong
1171121,Aceh,5695.9,100,RS Ibu dan Anak Pemerintah Aceh,Rumah Sakit Khusus Ibu dan Anak,B,108,29,453,Pemprop,BLUD,Kota Banda Aceh,Jl. Prof. A. Madjid Ibrahim I No. 3 Punge Jurong Kec. Meuraxa
1171146,Aceh,5695.9,100,RS Ibu dan Anak Cempaka Az Zahra Banda Aceh,Rumah Sakit Khusus Ibu dan Anak,C,46,18,66,Perusahaan,Non BLU/BLUD,Kota Banda Aceh,"Jl. Syiah Kuala No. 88, Bandar Baru, Kec. Kuta Alam, Kota Banda Aceh, Provinsi Aceh"
1171041,Aceh,5695.9,100,RS Jiwa Aceh,Rumah Sakit Khusus Jiwa,A,354,29,541,Pemprop,BLUD,Kota Banda Aceh,Jl. Dr. T. Syarief Thayeb No.25 Banda Aceh
1171015,Aceh,5695.9,100,RS Umum Daerah  Dr. Zainoel Abidin,Rumah Sakit Umum,A,833,141,2039,Pemprop,BLUD,Kota Banda Aceh,"Jl. Tgk Daud Beureueh, NO. 108 B. Aceh"
1171026,Aceh,5695.9,100,RS Tk. II Iskandar Muda Banda Aceh,Rumah Sakit Umum,B,273,82,442,TNI AD,BLU,Kota Banda Aceh,"Jl. T.  Hamzah Bendahara No. 1, Kel. Kuta Alam, Kec. Kuta Alam, 24415"
1171110,Aceh,5695.9,100,RS Umum Daerah Meuraxa,Rumah Sakit Umum,B,310,77,487,Pemkot,BLUD,Kota Banda Aceh,Jl. Soekarno Hatta Km. 2 Desa Mibo Kecamatan Banda Raya
1171106,Aceh,5695.9,100,RS Umum Teungku Fakinah,Rumah Sakit Umum,C,113,39,148,Organisasi Sosial,Non BLU/BLUD,Kota Banda Aceh,Jl. Jend. Sudirman 27-29 Banda Aceh
1171161,Aceh,5695.9,100,RS Umum Cempaka Lima,Rumah Sakit Umum,C,135,96,,Perusahaan,Non BLU/BLUD,Kota Banda Aceh,"Jl. Politeknik No 23 Dusun Meunasah Dayah, Lr B, Gp.Beurawe, Kecamatan Kuta Alam, Banda Aceh"
1171096,Aceh,5695.9,100,RS Umum Harapan Bunda Banda Aceh,Rumah Sakit Umum,C,154,32,379,Organisasi Sosial,Non BLU/BLUD,Kota Banda Aceh,"Jl. Teuku Umar No. 181-211, Kel. Setui, Kec. Baiturrahman"
1171143,Aceh,5695.9,100,RS Bhayangkara Banda Aceh,Rumah Sakit Umum,C,182,23,147,POLRI,BLU,Kota Banda Aceh,"Jl. Cut Nyak Dhien No. 23, Lamteumen Barat Banda Aceh"
1171150,Aceh,5695.9,100,RS Umum Pertamedika Ummi Rosnati,Rumah Sakit Umum,C,151,54,243,Perusahaan,Non BLU/BLUD,Kota Banda Aceh,"Jl. Sekolah No. 5 Gampoeng Ateuk Pahlawan, Kecamatan Baiturahman, Kota Banda Aceh 23241"
1171145,Aceh,5695.9,100,RS Umum Meutia,Rumah Sakit Umum,D,51,14,63,SWASTA/LAINNYA,Non BLU/BLUD,Kota Banda Aceh,Jl. Cut Meutia No. 55
1171085,Aceh,5695.9,100,RS Umum Malahayati,Rumah Sakit Umum,D,42,13,18,Organisasi Sosial,Non BLU/BLUD,Kota Banda Aceh,Jl. Cut Nyak Dhien No. 498 Banda Aceh
1171147,Aceh,5695.9,100,RS Pendidikan Universitas Syiah Kuala,Rumah Sakit Umum,D,50,28,118,Kementerian Lain,Non BLU/BLUD,Kota Banda Aceh,"Jl. Lingkar Kampus USK, Kopelma Darussalam, Kota Banda Aceh"
1173012,Aceh,5695.9,100,RS Umum Daerah Langsa,Rumah Sakit Umum,B,361,65,1169,Pemkot,BLUD,Kota Langsa,"Jl. Jend. Ahmad Yani No.1, Gampong Jawa, Kec. Langsa Kota, Kota Langsa, Provinsi Aceh."
1173023,Aceh,5695.9,100,RS Umum Cut Meutia,Rumah Sakit Umum,C,113,18,36,BUMN,Non BLU/BLUD,Kota Langsa,"Jl. Garuda No. 1  Kebun Baru, Kec. Paya Bujok Seulemak, Langsa Baro, Kota Langsa, Aceh"
1173045,Aceh,5695.9,100,RS Cut Nyak Dhien Langsa,Rumah Sakit Umum,D,68,16,79,Organisasi Sosial,Non BLU/BLUD,Kota Langsa,Jl. T.M. Bachrun No.1. Kabupaten Kota Langsa Provinsi Aceh
1173003,Aceh,5695.9,100,RS Umum Ummi Langsa,Rumah Sakit Umum,D,54,20,46,SWASTA/LAINNYA,Non BLU/BLUD,Kota Langsa,"Jl. Prof. Majid Ibrahim No.10 A Kelurahan. Gp Sungai Pauh Kecamatan Langsa Barat  Kota Langsa, Aceh"
1174023,Aceh,5695.9,100,RS Ibu dan Anak ABBY,Rumah Sakit Khusus Ibu dan Anak,C,66,30,91,SWASTA/LAINNYA,Non BLU/BLUD,Kota Lhokseumawe,"Jl. T. Chik Ditiro Nomor 28 Lancang Garam, Kec. Banda Sakti, Kota Lhokseumawe Propinsi Aceh"
1174016,Aceh,5695.9,100,RS Umum Cut Meutia Kab. Aceh Utara,Rumah Sakit Umum,B,275,106,1352,Pemkab,BLUD,Kota Lhokseumawe,Jl. Banda Aceh-Medan Km.6 Buket Rata Lhokseumawe
1110053,Aceh,5695.9,100,RS Arun Lhokseumawe,Rumah Sakit Umum,C,218,36,328,SWASTA/LAINNYA,Non BLU/BLUD,Kota Lhokseumawe,"Jl. Plaju Komplek Perumahan PT Arun Batuphat Timur, Kec. Muara Satu"
1110086,Aceh,5695.9,100,RS Umum Bunda ,Rumah Sakit Umum,C,101,33,261,Organisasi Sosial,Non BLU/BLUD,Kota Lhokseumawe,"Jl. Darussalam Nomor 16, Desa/Kel. Lancang Garam, Kec. Banda Sakti"
1174100,Aceh,5695.9,100,RS Tk. IV Lhokseumawe Aceh Utara,Rumah Sakit Umum,C,171,60,303,TNI AD,Non BLU/BLUD,Kota Lhokseumawe,Jl. Samudra No.53A Kp Jawa Kec. Banda Sakti  Kota Lhokseumawe 
1174064,Aceh,5695.9,100,RS Umum Kasih Ibu Lhokseumawe,Rumah Sakit Umum,C,116,26,80,Organisasi Sosial,Non BLU/BLUD,Kota Lhokseumawe,"Jl. Merdeka No. 17 Dusun III, Kel. Kuta Blang, Kec. Banda Sakti"
1111018,Aceh,5695.9,100,RS Umum PMI Cabang Aceh Utara,Rumah Sakit Umum,D,73,15,60,Organisasi Sosial,Non BLU/BLUD,Kota Lhokseumawe,"Jl. Samudera, Desa/Kel Kampung Jawa, Kec. Banda Sakti"
1174021,Aceh,5695.9,100,RS Umum Sakinah,Rumah Sakit Umum,D,68,22,119,SWASTA/LAINNYA,Non BLU/BLUD,Kota Lhokseumawe,Jl. Antara No. 30 Kp. Jawa Baru Lhokseumawe
1174024,Aceh,5695.9,100,RS Umum Az-Zuhra,Rumah Sakit Umum,D,51,29,19,Perusahaan,Non BLU/BLUD,Kota Lhokseumawe,"Jl. Pasar. Impres No.2 LK. IV Desa Kuta Blang  Kec. Banda Sakti, Kota Lhokseumawe, Aceh 24352"
1174019,Aceh,5695.9,100,RS Umum Bunga Melati,Rumah Sakit Umum,D,116,21,156,Perorangan,Non BLU/BLUD,Kota Lhokseumawe,"Jl. Samudra Baru No.3, Keude Aceh Kec. Banda Sakti"
1174022,Aceh,5695.9,100,RS Umum Metro Medical Center,Rumah Sakit Umum,D,88,38,128,SWASTA/LAINNYA,Non BLU/BLUD,Kota Lhokseumawe,"Jl. Merdeka Barat No. 70 A, Kecamatan Muara Dua, Kota Lhokseumawe , Nanggroe Aceh Darussalam"
1172016,Aceh,5695.9,100,RS Umum Daerah Sabang,Rumah Sakit Umum,C,104,29,289,Pemkot,Non BLU/BLUD,Kota Sabang,Jl. Teuku Umar No. 21 Gampong Kuta Ateuh Kec. Sukakarya
1172031,Aceh,5695.9,100,RS AL Sabang,Rumah Sakit Umum,D,52,17,20,TNI AL,Non BLU/BLUD,Kota Sabang,"Jl. Teuku Chik Ditiro, Kel. Kota Atas, Kec. Sukakarya"
1102027,Aceh,5695.9,100,RS Umum Daerah Kota Subulussalam,Rumah Sakit Umum,C,189,34,537,Pemkot,BLUD,Kota Subulussalam,  Jl. Hamzah Fansyuri (Subulussalam-Rundeng) Kec. Simpang Kiri Kota Subulussalam Aceh 24782
1115012,Aceh,5695.9,100,RS Umum Daerah Sultan Iskandar Muda Nagan Raya,Rumah Sakit Umum,C,215,44,577,Pemkab,BLUD,Nagan Raya,"Jl. Nasional Meulaboh-Tapak Tuan KM. 28,5 Ujung Patihah Kabupaten Nagan Raya"
1109016,Aceh,5695.9,100,RS Umum Daerah TGK Chik Ditiro Sigli,Rumah Sakit Umum,B,294,31,1949,Pemkab,BLUD,Pidie,Jl. Prof. A. Majid Ibrahim Sigli
1109027,Aceh,5695.9,100,RS Umum Daerah TGK. Abdullah Syafii Beureuneun,Rumah Sakit Umum,C,200,25,801,Pemkab,BLUD,Pidie,"Jl. Banda Aceh-Medan Km. 125,5 Kota Mini  Beureunuen Kec. Mutiara Timur"
1109028,Aceh,5695.9,100,RS Umum Mufid,Rumah Sakit Umum,D,102,64,208,Perusahaan,Non BLU/BLUD,Pidie,"JL. PROF. A. MAJID IBRAHIM, NO. 62-66, KEC. KOTA SIGLI KABUPATEN PIDIE, ACEH"
1109029,Aceh,5695.9,100,RS Umum Citra Husada,Rumah Sakit Umum,D,89,75,159,Perusahaan,Non BLU/BLUD,Pidie,Jl. Prof. A. Majid Ibrahim Kelurahan Lampeudeu Baroh Kecamatan  Pidie. Kabupaten Pidie. Provinsi Aceh.
1109042,Aceh,5695.9,100,RS Umum Harapan Ibu,Rumah Sakit Umum,D,58,24,,SWASTA/LAINNYA,Non BLU/BLUD,Pidie,"Jl. Kembang Ranjong-Teupin Raya, Desa Gampong Sagoe No. 7 Kec. Glumpang Baro"
1109031,Aceh,5695.9,100,RS Islam Ibnu Sina Sigli,Rumah Sakit Umum,D,72,31,196,SWASTA/LAINNYA,Non BLU/BLUD,Pidie,"Jl Lingkar Keunire no 21-24, Gampong Cot"
1118012,Aceh,5695.9,100,RS Umum Daerah Pidie Jaya,Rumah Sakit Umum,B,250,16,235,Pemkab,BLUD,Pidie Jaya,Jl. Banda Aceh - Medan Gp.Dayah Timu  KM. 158 Meureudu 
1101015,Aceh,5695.9,100,RS Umum Daerah Simeulue,Rumah Sakit Umum,C,120,33,533,Pemkab,BLUD,Simeulue,"Jl. Teuku Raja Mahmud Desa Amiria Bahagia,  Kecamatan Simeulue Timur,  Kabupaten Simeulue,  Provinsi Aceh"
5103034,Bali,4488.2,804,RS Khusus Bedah BIMC Nusa Dua,Rumah Sakit Khusus Bedah,B,68,55,173,SWASTA/LAINNYA,Non BLU/BLUD,Badung,"Kawasan ITDC Blok D, Nusa Dua, Badung"
5103021,Bali,4488.2,804,RS Khusus Bedah BIMC,Rumah Sakit Khusus Bedah,C,25,24,178,SWASTA/LAINNYA,Non BLU/BLUD,Badung,Jl. By Pass Ngurah Rai No. 100X Kuta Badung
5103040,Bali,4488.2,804,RS Universitas Udayana,Rumah Sakit Umum,B,122,96,260,Kementerian Lain,Non BLU/BLUD,Badung,"Jl. Rumah Sakit Universitas Udayana No. 1, Lingk. Perarudan Kel. Jimbaran Kec. Kuta Selatan"
5103032,Bali,4488.2,804,RS Daerah Mangusada,Rumah Sakit Umum,B,228,128,1049,Pemkab,BLU,Badung,"Jl. Raya Kapal Mengwi, Badung, Bali "
5103035,Bali,4488.2,804,RS Umum Siloam Bali,Rumah Sakit Umum,B,200,120,509,SWASTA/LAINNYA,Non BLU/BLUD,Badung,"Jl. Sunset Road No. 818 Kel. Kuta, Kec Kuta"
5103038,Bali,4488.2,804,RS Bali Jimbaran,Rumah Sakit Umum,C,104,34,51,Perusahaan,Non BLU/BLUD,Badung,"Jl. Raya Kampus Unud No.52, Jimbaran, Kec. Kuta Sel., Kabupaten Badung, Bali"
5103036,Bali,4488.2,804,RS Umum Surya Husadha Nusa Dua,Rumah Sakit Umum,C,152,35,185,Perusahaan,Non BLU/BLUD,Badung,"Jl. Siligita Blok I No 14, Nusa Dua, Kuta Selatan"
5103041,Bali,4488.2,804,RS Umum Garba Med,Rumah Sakit Umum,C,110,44,32,Perusahaan,Non BLU/BLUD,Badung,Jl. Raya Kerobokan No. 53 Lingkungan Jambe Kerobokan Kuta Utara
5103052,Bali,4488.2,804,RS Umum Murni Teguh Tuban Bali,Rumah Sakit Umum,C,104,33,,SWASTA/LAINNYA,Non BLU/BLUD,Badung,"Jl. Raya Tuban N0.1A/45, Tuban Kuta Kab. Badung"
5103033,Bali,4488.2,804,RS Umum Kasih Ibu Kedonganan,Rumah Sakit Umum,C,102,15,163,Organisasi Sosial,Non BLU/BLUD,Badung,"Jl. Uluwatu No. 69 Kedonganan, Kuta, Badung "
5103053,Bali,4488.2,804,RS Windu Husada,Rumah Sakit Umum,C,94,27,,SWASTA/LAINNYA,Non BLU/BLUD,Badung,"Jl. Raya Mambal-Ubud, Mekar Bhuwana, Kec. Abiansemal"
5106025,Bali,4488.2,804,RS Jiwa Provinsi Bali,Rumah Sakit Khusus Jiwa,A,330,39,773,Pemprop,BLUD,Bangli,Jl.Kusuma Yudha No. 29 Bangli
5106014,Bali,4488.2,804,RS Umum Daerah Bangli,Rumah Sakit Umum,B,223,107,612,Pemkab,BLUD,Bangli,Jl. Brigjen Ngurah Rai No. 99X Bangli
5106026,Bali,4488.2,804,RS Umum Bangli Medika Canti,Rumah Sakit Umum,C,131,174,86,Perusahaan,Non BLU/BLUD,Bangli,"Jl. Tirta Giri Kutri, LC Subak Aya, Bebalang"
5108091,Bali,4488.2,804,RS Ibu dan Anak Puri Bunda Singaraja,Rumah Sakit Khusus Ibu dan Anak,C,28,22,,SWASTA/LAINNYA,Non BLU/BLUD,Buleleng,Jl. Pulau Komodo No. 6 Banyuning
5108016,Bali,4488.2,804,RS Umum Daerah Kab. Buleleng,Rumah Sakit Umum,B,288,103,1071,Pemkab,BLUD,Buleleng,Jl. Ngurah Rai 30 Singaraja
5108042,Bali,4488.2,804,RS umum Karya Dharma Husada,Rumah Sakit Umum,C,100,20,152,Organisasi Sosial,Non BLU/BLUD,Buleleng,Jl. Yudistra No. 7 Singaraja
5108064,Bali,4488.2,804,RS Umum Parama Sidhi ,Rumah Sakit Umum,C,109,35,98,SWASTA/LAINNYA,Non BLU/BLUD,Buleleng," Jl. Ahmad Yani No.171 A Baktiseraga, Singaraja "
5108031,Bali,4488.2,804,RS Umum Kertha Usadha,Rumah Sakit Umum,C,120,65,381,Organisasi Hindu,Non BLU/BLUD,Buleleng,Jl. Cendrawasih No. 5-7 Singaraja
5108080,Bali,4488.2,804,RS Balimed Buleleng,Rumah Sakit Umum,C,101,38,299,Perusahaan,Non BLU/BLUD,Buleleng,"Jl. Gunung Lempuyang, Singaraja, Banjar Tegal"
5108075,Bali,4488.2,804,RS Umum Shanti Graha,Rumah Sakit Umum,D,50,20,104,SWASTA/LAINNYA,Non BLU/BLUD,Buleleng,"Desa Sulanyah, Kecamatan Seririt, Singaraja"
5108077,Bali,4488.2,804,RS Umum Daerah Tangguwisia,Rumah Sakit Umum,D,66,20,167,Pemkab,Non BLU/BLUD,Buleleng,"Jl. Singaraja-Seriri, Desa Tangguwisia, Kecamatan Seririt, Kabupaten Buleleng, Provinsi Bali"
5108079,Bali,4488.2,804,RS Umum Daerah Giri Emas,Rumah Sakit Umum,D,50,14,144,Pemkab,Non BLU/BLUD,Buleleng,"Jl. Raya Sangsit, Desa Giri Emas Kecamatan Sawan Kabupaten Buleleng"
5108020,Bali,4488.2,804,RS Tk. IV Singaraja,Rumah Sakit Umum,D,50,21,93,TNI AD,Non BLU/BLUD,Buleleng,Jl. Ngurah Rai No. 70 Singaraja
5104012,Bali,4488.2,804,RS Umum Daerah Sanjiwani Gianyar,Rumah Sakit Umum,B,241,132,846,Pemkab,BLUD,Gianyar,Jl. Ciung Wenara No. 2 Gianyar
5104023,Bali,4488.2,804,RS Umum Premagana,Rumah Sakit Umum,C,100,58,52,SWASTA/LAINNYA,Non BLU/BLUD,Gianyar,"Jalan Hyang Sangsi No.2 Komplek Perumahan Chandra Ayu, Banjar Tubuh, Batubulan Sukawati"
5104036,Bali,4488.2,804,RS Umum Famili Husada,Rumah Sakit Umum,C,102,33,291,Perorangan,Non BLU/BLUD,Gianyar,"Jl. Astina Timur No. 8A Samplangan, Kecamatan Gianyar, Kabupaten Gianyar"
5104039,Bali,4488.2,804,RS Umum Payangan,Rumah Sakit Umum,C,113,24,,Pemkab,BLUD,Gianyar,"Jl. Giri Kesuma, Br. Melinggih, Kecamatan Payangan, Kabupaten Gianyar, Provinsi Bali"
5104034,Bali,4488.2,804,RS Umum Ganesha,Rumah Sakit Umum,C,109,63,310,Perorangan,Non BLU/BLUD,Gianyar,Jl Raya Celuk Sukawati
5104037,Bali,4488.2,804,RS Umum Kasih Ibu Saba,Rumah Sakit Umum,C,109,38,186,Perusahaan,Non BLU/BLUD,Gianyar,"Jl. Raya Pantai Saba No. 9, Saba, Blahbatuh, Gianyar (80581)"
5104035,Bali,4488.2,804,RS Umum Ari Canti,Rumah Sakit Umum,C,151,115,537,Perusahaan,Non BLU/BLUD,Gianyar,"Jl. Raya Mas Ubud, Kab.Gianyar"
5104050,Bali,4488.2,804,RS Kenak Medika,Rumah Sakit Umum,D,65,29,,SWASTA/LAINNYA,Non BLU/BLUD,Gianyar,Banjar Batanancak Jl. Raya Mas Ubud Gianyar
5101016,Bali,4488.2,804,RS Umum Daerah Negara,Rumah Sakit Umum,C,161,35,479,Pemkab,BLUD,Jembrana,Jl. Wijaya Kusuma No. 17 Kel. Baler Bale Agung Kec. Negara
5101054,Bali,4488.2,804,RS Umum Bunda,Rumah Sakit Umum,C,100,45,82,SWASTA/LAINNYA,Non BLU/BLUD,Jembrana,"Jl. Rajawali No. 36, Kelurahan Pendem, Kecamatan Jembrana"
5101055,Bali,4488.2,804,RS Umum Balimed Negara,Rumah Sakit Umum,C,100,40,229,SWASTA/LAINNYA,Non BLU/BLUD,Jembrana,"Jl. Hayam Wuruk No. 23 Negara, Dangintukadaya, Kecamatan Jembrana, 82218"
5101053,Bali,4488.2,804,RS Umum Kertayasa,Rumah Sakit Umum,D,54,13,43,SWASTA/LAINNYA,Non BLU/BLUD,Jembrana,Jl. Ngurah Rai 143 Negara
5107029,Bali,4488.2,804,RS Kasna Medika,Rumah Sakit Umum,C,114,30,,SWASTA/LAINNYA,Non BLU/BLUD,Karangasem,"Jl. Raya Singaraja Amlapura, Desa Tianyar Barat, Kec. Kubu"
5107015,Bali,4488.2,804,RS Umum Daerah Karangasem,Rumah Sakit Umum,C,193,42,524,Pemkab,BLUD,Karangasem,Jl. Ngurah Rai No. 58 Amlapura
5107017,Bali,4488.2,804,RS Umum Balimed Karangasem,Rumah Sakit Umum,C,158,34,226,SWASTA/LAINNYA,Non BLU/BLUD,Karangasem,"Jl. Nenas, Kecicang, Karangasem"
5107018,Bali,4488.2,804,RS Pratama Kubu,Rumah Sakit Umum,D PRATAMA,32,11,2,Pemkab,Non BLU/BLUD,Karangasem,"Dusun Labuan Sari, Desa Tianyar Barat, Kecamatan Kubu, Kabupaten Karangasem, Provinsi Bali"
5105013,Bali,4488.2,804,RS Umum Daerah Klungkung,Rumah Sakit Umum,B,247,92,740,Pemkab,BLUD,Klungkung,"Jl. Flamboyan No. 40 Semarapura, Kecamatan Klungkung, Kabupaten Klungkung - Bali"
5105017,Bali,4488.2,804,RS Umum Grha Bhakti Medika,Rumah Sakit Umum,C,112,64,30,SWASTA/LAINNYA,Non BLU/BLUD,Klungkung,Jl. By Pass Prof. Dr. Ida Bagus Mantra Desa Negari Kec. Banjarangkan
5105015,Bali,4488.2,804,RS Umum Bintang,Rumah Sakit Umum,C,119,58,191,SWASTA/LAINNYA,Non BLU/BLUD,Klungkung,Jl. Ngurah Rai No. 10
5105014,Bali,4488.2,804,RS Umum Permata Hati,Rumah Sakit Umum,D,50,31,172,SWASTA/LAINNYA,Non BLU/BLUD,Klungkung,Jl. Kecubung No. 22 Samarapura
5105016,Bali,4488.2,804,RS Umum Daerah Gema Santi Nusa Penida,Rumah Sakit Umum,D,50,20,134,Pemkab,BLUD,Klungkung,"Banjar Nyuh, Desa Ped, Kecamatan Nusa Penida"
5171234,Bali,4488.2,804,RS Khusus Bedah Dharma Usadha Sidhi,Rumah Sakit Khusus Bedah,C,29,43,,SWASTA/LAINNYA,Non BLU/BLUD,Kota Denpasar,Jl. Serma Kawi No 13-17 Denpasar
5171181,Bali,4488.2,804,RS Gigi dan Mulut Saraswati Denpasar,Rumah Sakit Khusus Gigi dan Mulut,B,17,21,95,Organisasi Sosial,Non BLU/BLUD,Kota Denpasar,Jl. Kamboja No. 11 A Denpasar
5171232,Bali,4488.2,804,RS Ibu dan Anak Bunda Denpasar,Rumah Sakit Khusus Ibu dan Anak,C,25,37,,SWASTA/LAINNYA,Non BLU/BLUD,Kota Denpasar,Jl. Gatot Subroto Barat 455X
5171215,Bali,4488.2,804,RS Ibu dan Anak Puri Bunda,Rumah Sakit Khusus Ibu dan Anak,C,80,28,223,SWASTA/LAINNYA,Non BLU/BLUD,Kota Denpasar,Jl. Gatot Subroto VI No. 19 Denpasar
5171219,Bali,4488.2,804,RS Khusus Ibu dan Anak Pucuk Permata Hati,Rumah Sakit Khusus Ibu dan Anak,C,33,12,83,SWASTA/LAINNYA,Non BLU/BLUD,Kota Denpasar,"Jalan Teuku Umar Barat NO. 71 xx, Kelurahan Padang Sambian Kelod, Kecamatan Denpasar Barat, Denpasar - Bali"
5171235,Bali,4488.2,804,RS Ibu dan Anak Bali Royal (Bros Ina),Rumah Sakit Khusus Ibu dan Anak,C,60,52,,SWASTA/LAINNYA,Non BLU/BLUD,Kota Denpasar,"Jl. Tantular Barat, Desa/Kelurahan Dangin Puri Kelod"
5171166,Bali,4488.2,804,RS Ibu dan Anak Harapan Bunda,Rumah Sakit Khusus Ibu dan Anak,C,29,12,46,Perusahaan,Non BLU/BLUD,Kota Denpasar,"Jl. Tukad Unda No. 1 , Banjar Sembung Sari, Desa Sumerta Kelod, Kecamatan Denpasar Timur, Kota Denpasar, Propinsi Bali. "
5171064,Bali,4488.2,804,RS Khusus Mata Bali Mandara,Rumah Sakit Khusus Mata,A,40,30,260,Pemprop,BLUD,Kota Denpasar,Jl. Angsoka No. 8 Denpasar
5171221,Bali,4488.2,804,RS Khusus Mata Ramata,Rumah Sakit Khusus Mata,C,15,28,76,Perusahaan,Non BLU/BLUD,Kota Denpasar,Jl. Gatot Subroto Barat No. 429
5171016,Bali,4488.2,804,RSUP Prof. Dr. I.G.N.G. Ngoerah,Rumah Sakit Umum,A,731,170,3149,Kemkes ,BLU,Kota Denpasar,Jl. Diponegoro Denpasar Bali
5171020,Bali,4488.2,804,RS Umum Daerah Wangaya,Rumah Sakit Umum,B,244,58,768,Pemkot,BLUD,Kota Denpasar,Jl. Kartini No. 133 Denpasar
5171220,Bali,4488.2,804,RS Umum Daerah Bali Mandara Provinsi Bali,Rumah Sakit Umum,B,238,72,126,Pemprop,Non BLU/BLUD,Kota Denpasar,Jl. By Pass Ngurah Rai No 548 Denpasar
5171133,Bali,4488.2,804,RS Umum Puri Raharja,Rumah Sakit Umum,C,100,70,387,Organisasi Sosial,Non BLU/BLUD,Kota Denpasar,Jl. WR. Supratman 14  dan 19 Denpasar
5171031,Bali,4488.2,804,RS TK. II Udayana,Rumah Sakit Umum,C,157,58,552,TNI AD,BLU,Kota Denpasar,Jl. PB. Sudirman No. 1 Denpasar
5171111,Bali,4488.2,804,RS Umum Kasih Ibu,Rumah Sakit Umum,C,100,51,234,Organisasi Sosial,Non BLU/BLUD,Kota Denpasar,Jl. Teuku Umar 120 Denpasar
5171086,Bali,4488.2,804,RS Umum Surya Husadha,Rumah Sakit Umum,C,125,45,349,Organisasi Sosial,Non BLU/BLUD,Kota Denpasar,Jl. Pulau Serangan No. 7 Denpasar
5171203,Bali,4488.2,804,RS Umum Balimed,Rumah Sakit Umum,C,176,114,589,SWASTA/LAINNYA,Non BLU/BLUD,Kota Denpasar,"Jl.Mahendradatta No.57,Denpasar Bali"
5171216,Bali,4488.2,804,RS Bhayangkara Denpasar,Rumah Sakit Umum,C,102,104,313,POLRI,BLU,Kota Denpasar,Jl. Trijata no.32 Denpasar
5171122,Bali,4488.2,804,RS Umum Dharma Yadnya,Rumah Sakit Umum,C,108,95,210,Organisasi Hindu,Non BLU/BLUD,Kota Denpasar,Jl. WR. Supratman 256 Denpasar
5171097,Bali,4488.2,804,RS Umum Bali Royal,Rumah Sakit Umum,C,110,43,524,Perusahaan,Non BLU/BLUD,Kota Denpasar,JL. Letda Tantular No. 6 Denpasar
5171053,Bali,4488.2,804,RS Umum Manuaba,Rumah Sakit Umum,C,77,27,73,Organisasi Sosial,Non BLU/BLUD,Kota Denpasar,Jl. Cokroaminoto 28 Denpasar
5171192,Bali,4488.2,804,RS Umum Prima Medika,Rumah Sakit Umum,C,150,46,683,SWASTA/LAINNYA,Non BLU/BLUD,Kota Denpasar,Jl. Raya Sesetan No.10 Kota Denpasar
5171217,Bali,4488.2,804,RS Umum Surya Husadha,Rumah Sakit Umum,D,104,32,138,Organisasi Sosial,Non BLU/BLUD,Kota Denpasar,Jl. Cokroaminoto No. 356 Denpasar
5171155,Bali,4488.2,804,RS Umum Bhakti Rahayu,Rumah Sakit Umum,D,58,33,153,Organisasi Sosial,Non BLU/BLUD,Kota Denpasar,Jl. Gatot Subroto II /11 Denpasar
5102051,Bali,4488.2,804,RS Ibu dan Anak Cahaya Bunda,Rumah Sakit Khusus Ibu dan Anak,C,45,41,61,SWASTA/LAINNYA,Non BLU/BLUD,Tabanan,Jl. Ir. Soekarno Nomor 88X Gerokgak Gede Tabanan
5102052,Bali,4488.2,804,RS Ibu dan Anak Puri Bunda Tabanan,Rumah Sakit Khusus Ibu dan Anak,C,45,20,85,Perusahaan,Non BLU/BLUD,Tabanan,Jl. By Pass Ir. Soekarno Kediri 
5102010,Bali,4488.2,804,RS Umum Daerah Tabanan,Rumah Sakit Umum,B,202,122,1037,Pemkab,BLUD,Tabanan,Jl. Pahlawan No. 14 Tabanan Bali
5102044,Bali,4488.2,804,RS Umum Wisma Prashanti,Rumah Sakit Umum,C,106,55,144,SWASTA/LAINNYA,Non BLU/BLUD,Tabanan,Jl. Yeh Gangga No. 9
5102049,Bali,4488.2,804,RS Umum Semara Ratih,Rumah Sakit Umum,C,104,23,104,Perusahaan,Non BLU/BLUD,Tabanan,"Jalan Raya Denpasar - Singaraja, Banjar Luwus, Desa Luwus, Kecamatan Baturiti, Kabupaten Tabanan, Provinsi Bali"
5102047,Bali,4488.2,804,RS Umum Daerah Singasana,Rumah Sakit Umum,C,102,43,177,Pemkab,BLU,Tabanan,"Banjar Tegal Antugan, Desa Nyitdah, Kec. Kediri , Kab.Tabanan, Prov.Bali, 82121."
5102046,Bali,4488.2,804,RS Umum Kasih Ibu Tabanan,Rumah Sakit Umum,C,102,51,248,Perusahaan,Non BLU/BLUD,Tabanan,"Jl. Flamboyan No.9 kampung Kodok. Tegal Belodan, Tabanan"
5102043,Bali,4488.2,804,RS Umum Bhakti Rahayu Tabanan,Rumah Sakit Umum,D,50,19,85,SWASTA/LAINNYA,Non BLU/BLUD,Tabanan,Jl. Batukaru No.2 Tuakilang Tabanan  
5102048,Bali,4488.2,804,RS Umum Bali Holistik,Rumah Sakit Umum,D,54,17,40,SWASTA/LAINNYA,Non BLU/BLUD,Tabanan,"Jl. Raya Umabian Desa Belayu, Kec. Marga Kab. Tabanan, Bali"
5102021,Bali,4488.2,804,RS Umum Dharma Kerti,Rumah Sakit Umum,D,50,30,167,SWASTA/LAINNYA,Non BLU/BLUD,Tabanan,Jl. Teratai No. 16 Dauh Pala
3672003,Banten,12641.3,1351,RS Ibu dan Anak Mutiara Bunda,Rumah Sakit Khusus Ibu dan Anak,C,30,29,,Perusahaan,Non BLU/BLUD,Kota Cilegon,"Jl. S.A.Tirtayasa Ruko Maisonnete Blok B1-8 Simpang Tiga, Ramanuju, Purwakarta, Cilegon, Banten"
3672022,Banten,12641.3,1351,RS Umum Daerah Kota Cilegon,Rumah Sakit Umum,B,233,92,489,Pemkot,BLUD,Kota Cilegon,Jl. Kapten P. Tendean Km. 3 Cilegon
3672011,Banten,12641.3,1351,RS Krakatau Medika,Rumah Sakit Umum,B,230,125,335,BUMN,Non BLU/BLUD,Kota Cilegon,Jl. Semang Raya No. 01
3672052,Banten,12641.3,1351,RS Umum Hermina Cilegon,Rumah Sakit Umum,C,115,60,,SWASTA/LAINNYA,Non BLU/BLUD,Kota Cilegon,Kawasan PT. Bonauli Real Estate Jl. Terusan Bonakarta Rt 01/01
3672034,Banten,12641.3,1351,RS Kurnia,Rumah Sakit Umum,C,120,32,219,SWASTA/LAINNYA,Non BLU/BLUD,Kota Cilegon,Jl. Jombang Masjid No.4 Cilegon
3672040,Banten,12641.3,1351,RS Citra sundari,Rumah Sakit Umum,D,55,25,113,SWASTA/LAINNYA,Non BLU/BLUD,Kota Cilegon,"Jl. Temu Putih No. 100 Kel. Jombang Wetan Kec. Jombang, Kota Cilegon, Provinsi Banten"
3673035,Banten,12641.3,1351,RS Ibu dan Anak Puri Garcia,Rumah Sakit Khusus Ibu dan Anak,C,37,13,62,Perusahaan,Non BLU/BLUD,Kota Serang,"Jl. Griya Purnama No. 99, Drangong, Kecamatan Taktakan, Kota Serang, Provinsi Banten"
3673011,Banten,12641.3,1351,RS Mata Achmad Wardi BWI-DD,Rumah Sakit Khusus Mata,C,21,23,43,SWASTA/LAINNYA,Non BLU/BLUD,Kota Serang,Jl. Raya Taktakan KM 01
3673036,Banten,12641.3,1351,RS Sari Asih Serang,Rumah Sakit Umum,B,226,70,442,Perusahaan,Non BLU/BLUD,Kota Serang,"Jl.Raya Jenderal Sudirman No.38, Kel.Penancangan, Kec.Cipocok, Kota Serang"
3673004,Banten,12641.3,1351,RS Umum Daerah Banten,Rumah Sakit Umum,B,501,83,346,Pemprop,BLUD,Kota Serang,"  JL Syeh Nawawi Al-Bantani Kelurahan Banjarsari Kecamatan Cipocok Jaya Kota Serang, Propinsi Banten"
3604035,Banten,12641.3,1351,RS Budiasih,Rumah Sakit Umum,C,112,41,301,SWASTA/LAINNYA,Non BLU/BLUD,Kota Serang,Jl. KH. Sohari No.39 Serang 42118
3673012,Banten,12641.3,1351,RS Umum Daerah Kota Serang,Rumah Sakit Umum,C,128,11,153,Pemkot,BLUD,Kota Serang,Jl. Raya Jakarta KM. 04 Lingk Kp. Turus Rt. 02 Rw. 11 Kelurahan Penancangan Kecamatan Cipocok Jaya
3604024,Banten,12641.3,1351,RS Tk. IV Kencana Serang,Rumah Sakit Umum,C,113,32,106,TNI AD,Non BLU/BLUD,Kota Serang,Jl. A. Yani No. 21-23 Serang 
3604053,Banten,12641.3,1351,RS Bhayangkara Tk. IV Biddokkes Polda Banten,Rumah Sakit Umum,C,104,23,93,POLRI,Non BLU/BLUD,Kota Serang,Jl. Raya Serang Pandeglang KM. 2 Sempu Cipare Serang
3673048,Banten,12641.3,1351,RS Citra Arafiq Serang,Rumah Sakit Umum,C,162,34,,SWASTA/LAINNYA,Non BLU/BLUD,Kota Serang,"Jl. Raya Serang-Pandeglang, Tembong, Cipocok Jaya"
3604046,Banten,12641.3,1351,RS Benggala,Rumah Sakit Umum,D,52,16,,SWASTA/LAINNYA,Non BLU/BLUD,Kota Serang,Jl. Yusuf Martadilaga No. 56 . RT 03 / RW 09. Kel Cipare. Kec Serang. Banten. 42117
3673010,Banten,12641.3,1351,RS Fatimah,Rumah Sakit Umum,D,100,39,59,SWASTA/LAINNYA,Non BLU/BLUD,Kota Serang,"Jl. Raya Serang Cilegon KM 3,5 Kelurahan Drangong Kec. Taktakan, Kota Serang, Banten 42162"
3673049,Banten,12641.3,1351,RS Jannah,Rumah Sakit Umum,D,51,9,,Perorangan,Non BLU/BLUD,Kota Serang,"Jl. KH. Abdul Hadi No. 20 RT.003/014 Kebon Jahe, Cipare"
3673047,Banten,12641.3,1351,RS Andalucia,Rumah Sakit Umum,D,52,22,,SWASTA/LAINNYA,Non BLU/BLUD,Kota Serang,"Jl. Raya Serang-Pandeglang KM.05 Kelurahan Tembong, Kec. Cipocok Jaya"
3673005,Banten,12641.3,1351,RS Umum Ibunda,Rumah Sakit Umum,D,65,28,51,SWASTA/LAINNYA,Non BLU/BLUD,Kota Serang,Jl. Ki Uju No. 1 Kaujon Masjid Kuno Kel. Serang Kec. Serang
3671222,Banten,12641.3,1351,RS Ibu dan Anak Makiyah,Rumah Sakit Khusus Ibu dan Anak,C,38,21,68,SWASTA/LAINNYA,Non BLU/BLUD,Kota Tangerang,"Jl. KH. Kuding RT. 005 RW. 006, Kelurahan Belendung, Kecamatan Benda, Kota Tangerang, Provinsi Banten"
3671221,Banten,12641.3,1351,RS Ibu dan Anak Pratiwi,Rumah Sakit Khusus Ibu dan Anak,C,38,11,46,SWASTA/LAINNYA,Non BLU/BLUD,Kota Tangerang,Jl. RHM Noeradji Kel. Sumur Pacing Kec. Karawaci
3671217,Banten,12641.3,1351,RS Ibu dan Anak Karunia Bunda,Rumah Sakit Khusus Ibu dan Anak,C,28,19,52,Perusahaan,Non BLU/BLUD,Kota Tangerang,"Jl. Aria Santika No. 28, Kel. Margasari, Kec. Karawaci, Kota Tangerang, Provinsi Banten, 15113"
3671219,Banten,12641.3,1351,RS Ibu dan Anak Gebang Medika,Rumah Sakit Khusus Ibu dan Anak,C,34,20,75,Perusahaan,Non BLU/BLUD,Kota Tangerang,Jl Prabu Kian Santang No. 30 Rt. 001 Rw. 001 Kel. Gebang Raya Kec. Periuk Kota Tangerang Provinsi Banten 
3603186,Banten,12641.3,1351,RS Ibu dan Anak Assyifa ,Rumah Sakit Khusus Ibu dan Anak,C,36,18,129,SWASTA/LAINNYA,Non BLU/BLUD,Kota Tangerang,"Jl. Paus Raya No.1, RT.002/RW.004, Karawaci Baru, Kec. Karawaci, Kota Tangerang, Banten 15116"
3671218,Banten,12641.3,1351,RS Ibu dan Anak PKU Muhammadiyah Cipondoh,Rumah Sakit Khusus Ibu dan Anak,C,35,19,79,Organisasi Islam ,Non BLU/BLUD,Kota Tangerang,"Jl. Maulana Hasanudin No. 63, Kelurahan Cipondoh, Kecamatan Cipondoh, Kota Tangerang, Provinsi Banten"
3671032,Banten,12641.3,1351,RSUP Dr. Sitanala Tangerang,Rumah Sakit Umum,B,250,69,606,Kemkes ,BLU,Kota Tangerang,Jl. Dr Sitanala No. 99 Kota Tangerang
3671203,Banten,12641.3,1351,RS Primaya,Rumah Sakit Umum,B,180,110,791,Perusahaan,Non BLU/BLUD,Kota Tangerang,"Jl. M.H. Thamrin No. 3 Kebon Nanas, Cikokol, Kota Tangerang 15117"
3671065,Banten,12641.3,1351,RS EMC Tangerang,Rumah Sakit Umum,B,205,108,730,SWASTA/LAINNYA,Non BLU/BLUD,Kota Tangerang,"Jl. KH. Hasyim Ashari No. 24 Kel. Buaran Indah, Kec. Tangerang, Kota Tangerang, Prov. Banten 15119"
3671241,Banten,12641.3,1351,RS Metro Hospitals M. Toha,Rumah Sakit Umum,B,200,57,,SWASTA/LAINNYA,Non BLU/BLUD,Kota Tangerang,Jl. Raya Mohammad Toha Km. 2  No. 1 Kel. Nambo Jaya Kecamatan Karawaci 15112
3671080,Banten,12641.3,1351,RS Mayapada,Rumah Sakit Umum,B,222,71,912,SWASTA/LAINNYA,Non BLU/BLUD,Kota Tangerang,"Jl. Honoris Raya Kav. 6 , Kota Modern, Tangerang"
3671226,Banten,12641.3,1351,RS Mandaya Royal Puri,Rumah Sakit Umum,B,173,161,,SWASTA/LAINNYA,Non BLU/BLUD,Kota Tangerang,Jl. Metland Boulevard Lot C3 Metland Cyber City RT. 001 RW. 002 Pondok Bahar
3671207,Banten,12641.3,1351,RS Dinda,Rumah Sakit Umum,C,134,51,206,Perusahaan,Non BLU/BLUD,Kota Tangerang,"Jl. Galuh No. 2 Jatiuwung, Cibodas - Tangerang"
3671135,Banten,12641.3,1351,RS Mulya,Rumah Sakit Umum,C,101,29,299,SWASTA/LAINNYA,Non BLU/BLUD,Kota Tangerang,Jl.KH. Hasyim Ashari No. 18 Sudimara Pinang Pinang
3671126,Banten,12641.3,1351,RS Murni Teguh Ciledug,Rumah Sakit Umum,C,170,34,372,SWASTA/LAINNYA,BLUD,Kota Tangerang,Jl. HOS Cokroaminoto (Ciledug Raya) No. 4A Kreo Selatan Larangan Tangerang 15156
3671210,Banten,12641.3,1351,Brawijaya Hospital Tangerang,Rumah Sakit Umum,C,109,46,240,Perusahaan,Non BLU/BLUD,Kota Tangerang,Jl. KH. Mas Mansyur No. 2 Kunciran Tangerang
3671076,Banten,12641.3,1351,RS An-Nisa ,Rumah Sakit Umum,C,210,88,578,SWASTA/LAINNYA,Non BLU/BLUD,Kota Tangerang,Jl. Gatot Subroto No. 96 Km. 3 Kel. Uwung Jaya Kec. Cibodas Tangerang
3671225,Banten,12641.3,1351,RS Hermina Periuk Tangerang,Rumah Sakit Umum,C,100,29,70,SWASTA/LAINNYA,Non BLU/BLUD,Kota Tangerang,"Jl. Moh. Toha Kp. Nagrak RT.004/006 Kel.Periuk, Kec. Periuk"
3671124,Banten,12641.3,1351,RS Melati,Rumah Sakit Umum,C,101,36,286,SWASTA/LAINNYA,Non BLU/BLUD,Kota Tangerang,"Jl. Merdeka No. 92, Kelurahan Gerendeng, Kecamatan Karawaci, Kota Tangerang, Provinsi Banten."
3671208,Banten,12641.3,1351,RS Umum Daerah Kota Tangerang,Rumah Sakit Umum,C,234,55,548,Pemkot,BLUD,Kota Tangerang,"Jl Pulau Puteri Raya Perumahan Modernland, Kel. Kelapa Indah Kec. Tangerang"
3671224,Banten,12641.3,1351,RS Sari Asih Cipondoh,Rumah Sakit Umum,C,215,36,168,SWASTA/LAINNYA,Non BLU/BLUD,Kota Tangerang,Jl. Maulana Hasanudin No. 108 Kel. Cipondoh Makmur Kec. Cipondoh Kota Tangerang Provinsi Banten Kode Pos: 15148
3671223,Banten,12641.3,1351,RS Karang Tengah Medika,Rumah Sakit Umum,C,100,31,201,SWASTA/LAINNYA,Non BLU/BLUD,Kota Tangerang,Jl. Karyawan IV Kec Karang Tengah Ciledug 
3671146,Banten,12641.3,1351,RS Umum Bhakti Asih,Rumah Sakit Umum,C,199,84,454,SWASTA/LAINNYA,Non BLU/BLUD,Kota Tangerang,"Jl. Raden saleh No.10 Karang Tengah, Tangerang"
3671136,Banten,12641.3,1351,RS Umum Hermina Tangerang,Rumah Sakit Umum,C,199,66,463,SWASTA/LAINNYA,Non BLU/BLUD,Kota Tangerang,"Jl. KS, Tubun No.10 Kel. Pasar Baru Kec. Karawaci Kota Tangerang"
3671043,Banten,12641.3,1351,RS Sari Asih Karawaci,Rumah Sakit Umum,C,155,35,452,SWASTA/LAINNYA,Non BLU/BLUD,Kota Tangerang,Jl. Imam Bonjol No. 38 Karawaci Sukajadi Kota Tangerang
3671209,Banten,12641.3,1351,RS Sari Asih Sangiang,Rumah Sakit Umum,C,184,30,241,Perusahaan,Non BLU/BLUD,Kota Tangerang,"Jl. Moh. Toha KM 3,5 (Simpang Tiga Sangiang) Kota Tangerang"
3671082,Banten,12641.3,1351,RS Islam Sari Asih Ar-rahmah,Rumah Sakit Umum,C,101,33,117,Organisasi Islam ,Non BLU/BLUD,Kota Tangerang,"Jl. K.S Tubun No. 44 Kelurahan Koang Jaya, Kecamatan Karawaci - Kota Tangerang, Banten"
3671205,Banten,12641.3,1351,RS Sari Asih Ciledug,Rumah Sakit Umum,C,160,82,459,Perusahaan,Non BLU/BLUD,Kota Tangerang,"JL. HOS Cokroaminoto No 38 Ciledug, Desa/Kelurahan Sudimara Timur, Kec. Ciledug, Kota Tangerang, Provinsi Banten, Kode Pos: 15151"
3603182,Banten,12641.3,1351,RS Medika Lestari,Rumah Sakit Umum,C,101,41,177,Perusahaan,Non BLU/BLUD,Kota Tangerang,"Jl. HOS Cokroaminoto Perum Pondok Lestari Blok C1 No.1-2 Ciledug, Kota Tangerang - Banten"
3671211,Banten,12641.3,1351,RS Aqidah,Rumah Sakit Umum,D,54,25,111,SWASTA/LAINNYA,Non BLU/BLUD,Kota Tangerang,Jl. Raden Fatah No.40
3603188,Banten,12641.3,1351,RS Bunda Sejati,Rumah Sakit Umum,D,82,40,52,SWASTA/LAINNYA,Non BLU/BLUD,Kota Tangerang,Jl. Prabu Siliwangi No. 11 Jatiuwung Tangerang
3671021,Banten,12641.3,1351,RS Daan Mogot Kesdam Jaya,Rumah Sakit Umum,D,50,14,84,TNI AD,Non BLU/BLUD,Kota Tangerang,Jl. Daan Mogot No. 59 Kota Tangerang
3671202,Banten,12641.3,1351,RS Hermina Ciledug,Rumah Sakit Umum,D,62,51,82,Perusahaan,Non BLU/BLUD,Kota Tangerang,Jl. Dr. Cipto Mangunkusumo No. 3 Kec. Ciledug
3671214,Banten,12641.3,1351,RS Tiara ,Rumah Sakit Umum,D,78,48,191,SWASTA/LAINNYA,Non BLU/BLUD,Kota Tangerang,"Jln Beringin Raya No.3-5 Kel.Nusajaya, Kec.Karawaci, Kota Tangerang, Provinsi Banten"
3671242,Banten,12641.3,1351,RS Umum Daerah Benda,Rumah Sakit Umum,D,60,39,,Pemkot,Non BLU/BLUD,Kota Tangerang,"Jl. Halim Perdanakusuma, Desa/Kel. Jurumudi Baru Kec. Benda"
3674206,Banten,12641.3,1351,RS Khusus Bedah Via Medika,Rumah Sakit Khusus Bedah,C,25,9,,Perusahaan,Non BLU/BLUD,Kota Tangerang Selatan,"Jl. WR Supratman, RT/RW 005/006, Kel. Cempaka Putih, Kec. Ciputat Timur"
3674021,Banten,12641.3,1351,RS Ibu dan Anak Bina Medika,Rumah Sakit Khusus Ibu dan Anak,C,42,44,44,SWASTA/LAINNYA,Non BLU/BLUD,Kota Tangerang Selatan,Jl. Rasuna Said Kav B7/A5-08 Sektor 7 CBD Bintaro Jaya
3674011,Banten,12641.3,1351,RS Ibu dan Anak Dhia,Rumah Sakit Khusus Ibu dan Anak,C,27,24,78,SWASTA/LAINNYA,Non BLU/BLUD,Kota Tangerang Selatan,"Jl. Cendrawasih No. 90 Sawah Lama, Ciputat, Tangerang Selatan, Banten 15413"
3603093,Banten,12641.3,1351,RS Ibu dan Anak Permata Dalima,Rumah Sakit Khusus Ibu dan Anak,C,29,24,78,SWASTA/LAINNYA,Non BLU/BLUD,Kota Tangerang Selatan,"Bumi Serpong Damai Sektor 1-2 Blok K/5-UA/26-27,Tangerang"
3674013,Banten,12641.3,1351,RS Ibu dan Anak Buah Hati Pamulang,Rumah Sakit Khusus Ibu dan Anak,C,50,31,101,Perusahaan,Non BLU/BLUD,Kota Tangerang Selatan,"Jl Raya Siliwangi No 189 Kelurahan Benda Baru, Kecamatan Pamulang"
3674015,Banten,12641.3,1351,RS Ibu dan Anak Vitalaya ,Rumah Sakit Khusus Ibu dan Anak,C,51,18,93,SWASTA/LAINNYA,Non BLU/BLUD,Kota Tangerang Selatan,"Jl. Raya Siliwangi No. 50  Pondok Benda, Pamulang, Tangerang Selatan 15416"
3674003,Banten,12641.3,1351,RS Ibu dan Anak Permata Sarana Husada,Rumah Sakit Khusus Ibu dan Anak,C,36,17,55,SWASTA/LAINNYA,Non BLU/BLUD,Kota Tangerang Selatan,Jl. Pamulang Permai Blok D3 No. 1-3
3674008,Banten,12641.3,1351,RS Ibu dan Anak Bunda Ciputat,Rumah Sakit Khusus Ibu dan Anak,C,25,18,60,Perusahaan,Non BLU/BLUD,Kota Tangerang Selatan,Jl.RE Martadinata No.30 Kec.Ciputat Kel. Ciputat Kota.Tangerang Selatan
3674071,Banten,12641.3,1351,RS Khusus Jiwa Dharma Graha,Rumah Sakit Khusus Jiwa,C,70,19,20,Organisasi Sosial,Non BLU/BLUD,Kota Tangerang Selatan,Jl. Raya Astek No. 17 Lengkong Gudang Timur Serpong
3671201,Banten,12641.3,1351,RS Khusus THT-Bedah KL Proklamasi BSD,Rumah Sakit Khusus THT-KL,C,23,23,67,SWASTA/LAINNYA,Non BLU/BLUD,Kota Tangerang Selatan,Commercial Park Central Business of District BSD Kav.7 Tangerang Selatan
3674102,Banten,12641.3,1351,RS Premier Bintaro,Rumah Sakit Umum,B,215,138,805,SWASTA/LAINNYA,Non BLU/BLUD,Kota Tangerang Selatan,Jl. MH. Thamrin No. 1 Sektor 7 Bintaro Jaya Tangerang 
3674113,Banten,12641.3,1351,RS Eka,Rumah Sakit Umum,B,203,102,875,SWASTA/LAINNYA,Non BLU/BLUD,Kota Tangerang Selatan,"Central Business Distric Lot IX, BSD City."
3603115,Banten,12641.3,1351,RS EMC Alam Sutera,Rumah Sakit Umum,B,202,122,217,SWASTA/LAINNYA,Non BLU/BLUD,Kota Tangerang Selatan,Jl. Alam Sutera Boulevard Kav. 25 Tangerang
3674157,Banten,12641.3,1351,RS Columbia Asia BSD,Rumah Sakit Umum,B,200,78,263,SWASTA/LAINNYA,Non BLU/BLUD,Kota Tangerang Selatan,"Jl. Letnan Soetopo Kav Kom. III A No.7, BSD Tangerang  Selatan, Banten"
3674205,Banten,12641.3,1351,RS. Mitra Keluarga Pamulang,Rumah Sakit Umum,C,99,36,,SWASTA/LAINNYA,Non BLU/BLUD,Kota Tangerang Selatan,Jl. Moch Toha RT/RW 002/017
3674020,Banten,12641.3,1351,RS Mitra Keluarga Bintaro,Rumah Sakit Umum,C,100,90,129,Perusahaan,Non BLU/BLUD,Kota Tangerang Selatan,Jl. Raya Bintaro Utama Sektor III A
3674004,Banten,12641.3,1351,RS Permata Pamulang,Rumah Sakit Umum,C,100,84,309,SWASTA/LAINNYA,Non BLU/BLUD,Kota Tangerang Selatan,Jl Raya Siliwangi No 1A Pondok Benda
3674171,Banten,12641.3,1351,RS Cinta Kasih,Rumah Sakit Umum,C,110,37,163,Perusahaan,Non BLU/BLUD,Kota Tangerang Selatan,"Jl.Ciputat Baru Raya No.10, Ciputat"
3674168,Banten,12641.3,1351,RS Umum Daerah Kota Tangerang Selatan,Rumah Sakit Umum,C,178,38,300,Pemkot,BLUD,Kota Tangerang Selatan," Jl. Pajajaran No.101, Kec.Pamulang, Kota Tangerang Selatan "
3603082,Banten,12641.3,1351,RS Ichsan Medical Center,Rumah Sakit Umum,C,107,47,146,SWASTA/LAINNYA,Non BLU/BLUD,Kota Tangerang Selatan,"Jl. Raya Jombang No. 56 , Kelurahan Jombang,  Kecamatan Ciputat, Kota Tangerang Selatan, Banten"
3674014,Banten,12641.3,1351,RS Hermina Serpong,Rumah Sakit Umum,C,125,81,227,SWASTA/LAINNYA,Non BLU/BLUD,Kota Tangerang Selatan,"Jl. Raya Puspitek No.km 1 No 99, Buaran, Kec. Serpong, Kota Tangerang Selatan, Banten 15310"
3674005,Banten,12641.3,1351,RS Sari Asih Ciputat,Rumah Sakit Umum,C,179,106,452,Perusahaan,Non BLU/BLUD,Kota Tangerang Selatan,"Jl. Otista Raya Sasak Tinggi No. 3 , RT 004/ RW 011,  Kelurahan Ciputat, Kecamatan Ciputat, Kota Tangerang Selatan, Banten, 15411"
3674006,Banten,12641.3,1351,RS Syarif Hidayatullah,Rumah Sakit Umum,C,100,60,306,Kementerian Lain,BLU,Kota Tangerang Selatan,"Jl. Ir. H. Juanda No. 95, Ciputat Timur"
3674016,Banten,12641.3,1351,RS Insan Permata,Rumah Sakit Umum,C,104,27,132,SWASTA/LAINNYA,Non BLU/BLUD,Kota Tangerang Selatan,Jl. Bhayangkara 1 No.68 Kel. Pakujaya Kec. Serpong Utara Tangerang Selatan
3674007,Banten,12641.3,1351,RS Hermina Ciputat,Rumah Sakit Umum,C,196,69,343,Perusahaan,Non BLU/BLUD,Kota Tangerang Selatan,Jl Ciputat Raya No 2 Kertamukti Ciputat
3674022,Banten,12641.3,1351,RS Umum Daerah Serpong Utara,Rumah Sakit Umum,C,102,34,11,Pemkot,BLUD,Kota Tangerang Selatan,Jl. Raya Serpong Kel. Pakulonan Kec. Serpong Utara Kota Tangerang Selatan
3674204,Banten,12641.3,1351,RS Umum Daerah Pondok Aren,Rumah Sakit Umum,C,93,21,,Pemkot,Non BLU/BLUD,Kota Tangerang Selatan,"Jalan Raya Pondok Betung, Kelurahan Pondok Betung, Kecamatan Pondok Aren, Kota Tangerang Selatan, Provinsi Banten"
3674193,Banten,12641.3,1351,RS Buah Hati Ciputat,Rumah Sakit Umum,C,100,48,141,Perusahaan,Non BLU/BLUD,Kota Tangerang Selatan,Jl Aria Putra No 399 Serua Indah
3671216,Banten,12641.3,1351,RS Rumah Indonesia Sehat,Rumah Sakit Umum,C,100,32,243,SWASTA/LAINNYA,Non BLU/BLUD,Kota Tangerang Selatan,Jl. Lengkong Gudang Timur Raya No. 777 BSD - Tangerang Selatan 
3674018,Banten,12641.3,1351,RS Pondok Indah Bintaro Jaya,Rumah Sakit Umum,C,125,114,340,SWASTA/LAINNYA,Non BLU/BLUD,Kota Tangerang Selatan,"CBD Emerald Blok CE/C No. 01, Boulevard Bintaro Jaya"
3602011,Banten,12641.3,1351,RS Umum Daerah Dr. Adjidarmo,Rumah Sakit Umum,B,310,73,633,Pemkab,BLUD,Lebak,Jl. Iko Jatmiko No. 1 Rangkasbitung
3602045,Banten,12641.3,1351,RS Umum Daerah Malingping,Rumah Sakit Umum,C,192,52,145,Pemprop,BLUD,Lebak,"  Jl. Raya Saketi Km.01, Malingping Kab.Lebak"
3602022,Banten,12641.3,1351,RS Misi Lebak,Rumah Sakit Umum,C,148,33,502,Organisasi Katholik,Non BLU/BLUD,Lebak,"Jl. Multatuli No. 41 Muara Ciujung Barat, Rangkasbitung, Banten."
3602012,Banten,12641.3,1351,RS Kartini,Rumah Sakit Umum,C,156,31,233,Perusahaan,Non BLU/BLUD,Lebak,"Jl. Sunan Kalijaga No. 325, Blok Papanggo, Cijoro Pasir, Rangkasbitung, Lebak, Banten"
3601034,Banten,12641.3,1351,RS Ibu dan Anak Permata Ibunda,Rumah Sakit Khusus Ibu dan Anak,C,64,14,76,SWASTA/LAINNYA,Non BLU/BLUD,Pandeglang,Jl. Stadion Badak No 20 Saruni Majasari Pandeglang
3601010,Banten,12641.3,1351,RS Umum Daerah Berkah Pandeglang,Rumah Sakit Umum,B,201,58,253,Pemkab,BLUD,Pandeglang,"Jl. Raya Labuan KM. 5, Desa/Kelurahan Paluruhan, Kec Kaduhejo, Kab.Pandeglang, Provinsi Banten, Kode Pos 42253"
3601048,Banten,12641.3,1351,RS SHL,Rumah Sakit Umum,D,72,23,,SWASTA/LAINNYA,Non BLU/BLUD,Pandeglang,"Jl. Amd Lintas Timur No. 17 Ciputri, Kec. Kadu Hejo, Kab. Pandeglang, Prov. Banten"
3601037,Banten,12641.3,1351,RS Alinda Husada,Rumah Sakit Umum,D,76,23,33,SWASTA/LAINNYA,Non BLU/BLUD,Pandeglang,Jl. Raya Tanjung Lesung KM. 1 Panimbang Kp. Neglasari Ds. Panmbangjaya Kec. Panimbang Kab. Pandeglang Prov. Banten
3601036,Banten,12641.3,1351,RS Umum Aulia Pandeglang,Rumah Sakit Umum,D,63,17,102,Pemkab,Non BLU/BLUD,Pandeglang,"Jl. Raya Labuan-Pandeglang KM. 12 Menes Pandeglang 42262. Kp Soreang Desa Menes Kecamatan Menes. Desa Menes, Kecamatan Menes, Kabupaten Pandeglang, Provinsi Banten."
3604013,Banten,12641.3,1351,RS Umum Daerah dr. Drajat Prawiranegara ,Rumah Sakit Umum,B,464,45,724,Pemkab,BLUD,Serang,Jl. Rumah Sakit No. 1 Serang
3604047,Banten,12641.3,1351,RS Kurnia Serang,Rumah Sakit Umum,C,103,36,121,SWASTA/LAINNYA,Non BLU/BLUD,Serang,Jl. Raya Cilegon KM 8 Kramatwatu
3604066,Banten,12641.3,1351,RS Bethsaida Hospital Serang,Rumah Sakit Umum,C,118,66,,SWASTA/LAINNYA,Non BLU/BLUD,Serang,"Jl. Lingkar Selatan Cilegon Km. 1,8 , Kel/Desa Harjatani, Kec. Kramatwatu"
3604002,Banten,12641.3,1351,RS Hermina Ciruas,Rumah Sakit Umum,C,280,49,362,Perusahaan,Non BLU/BLUD,Serang,Jl.Raya Serang-Jakarta Km.9 Ds.Ranjeng Rt 01/01 Kec.Ciruas
3604052,Banten,12641.3,1351,RS Otika Medika,Rumah Sakit Umum,D,50,15,39,Perusahaan,Non BLU/BLUD,Serang,"Jl. Raya Serang Pandeglang KM. 11 Kampung Pertanian RT.003/RW.001 Desa Baros, Kecamatan Baros, Kabupaten Serang, Provinsi Banten."
3604050,Banten,12641.3,1351,RS Permata Serdang,Rumah Sakit Umum,D,61,20,65,Perusahaan,Non BLU/BLUD,Serang,"Jl. Raya Waringin Kurung RT 001/ RW 003, Desa Serdang, Kecamatan Kramatwatu, Kabupaten Serang, Provinsi Banten"
3604054,Banten,12641.3,1351,RS Tonggak Husada,Rumah Sakit Umum,D,58,19,15,Perusahaan,Non BLU/BLUD,Serang,Jl. Raya Bojonegara No 8 Kp. Tunggak Rt. 002 Rw. 002 Ds. Kertasana Kec. Bojonegara Kab. Serang Prov. Banten
3603178,Banten,12641.3,1351,RS Ibu dan Anak Bunda Sejahtera,Rumah Sakit Khusus Ibu dan Anak,C,29,20,111,SWASTA/LAINNYA,Non BLU/BLUD,Tangerang,Jl.Puri Agung No.3 Pondok Makmur Kel.Kuta Baru Kec.Pasar kemis
3603146,Banten,12641.3,1351,RS Ibu dan Anak Tiara,Rumah Sakit Khusus Ibu dan Anak,C,44,16,66,Perusahaan,Non BLU/BLUD,Tangerang,Jl. Raya serang KM 14.5 No.1 Pasir Gadung
3603104,Banten,12641.3,1351,RS Ibu dan Anak Selaras,Rumah Sakit Khusus Ibu dan Anak,C,43,21,67,SWASTA/LAINNYA,Non BLU/BLUD,Tangerang,"Jl. Raya Serang KM. 18,5 Desa Bojong Kec. Cikupa "
3603190,Banten,12641.3,1351,RS Ibu dan Anak Ilanur,Rumah Sakit Khusus Ibu dan Anak,C,52,29,53,SWASTA/LAINNYA,Non BLU/BLUD,Tangerang,"Jl. Raya Serang KM 24 No.1 Balaraja, Kab. Tangerang, Banten"
3603173,Banten,12641.3,1351,RS Ibu dan Anak Harapan Mulia,Rumah Sakit Khusus Ibu dan Anak,C,77,16,82,Perusahaan,Non BLU/BLUD,Tangerang,Jl. Raya Pemda Tigaraksa RT 001/RW 001 Kel/Desa Matagara Kecamatan Tigaraksa Kabupaten Tangerang Provinsi Banten
3603010,Banten,12641.3,1351,RS Umum Daerah Kabupaten Tangerang,Rumah Sakit Umum,B,329,138,1344,Pemkab,BLUD,Tangerang,Jl. A Yani No. 9 Tangerang Kota Tangerang
3603181,Banten,12641.3,1351,RS Bethsaida,Rumah Sakit Umum,B,210,77,660,Perusahaan,BLU,Tangerang,"Jl. Boulevard Raya Gading Serpong Kav. 29, Tangerang"
3671054,Banten,12641.3,1351,RS Siloam Hospitals Lippo Village,Rumah Sakit Umum,B,300,72,1784,SWASTA/LAINNYA,Non BLU/BLUD,Tangerang,Jl. Siloam No. 6  Lippo Village Tangerang
3603180,Banten,12641.3,1351,RS Ciputra ,Rumah Sakit Umum,B,201,78,533,Perusahaan,Non BLU/BLUD,Tangerang,"Jl. Citra Raya Boulevard Blok V.00/08, Tangerang"
3603157,Banten,12641.3,1351,RS Umum Daerah Balaraja,Rumah Sakit Umum,B,196,58,154,Pemkab,BLUD,Tangerang, Jl.Rumah Sakit NO. 88 Desa Tobat Kec. Balaraja
3603191,Banten,12641.3,1351,RS Umum Daerah Pakuhaji,Rumah Sakit Umum,C,135,70,274,Pemkab,BLUD,Tangerang,Jl. KH. Sa'adullah No. 88 Kelurahan Pakuhaji Kabupaten Tangerang
3603195,Banten,12641.3,1351,RS Mentari,Rumah Sakit Umum,C,109,26,229,Perusahaan,Non BLU/BLUD,Tangerang,"Jl. Raya Legok KM 4 Bojong Nangka, Kelapa Dua, Tangerang"
3603175,Banten,12641.3,1351,RS Umum Murni Asih,Rumah Sakit Umum,C,109,39,86,SWASTA/LAINNYA,Non BLU/BLUD,Tangerang,"Jl. Raya Legok No.86, Rt 2/Rw 1 Kelurahan Medang, Kecamatan Pagedangan, Kabupaten Tangerang -15810 Banten "
3603210,Banten,12641.3,1351,RS Umum Daerah Tigaraksa,Rumah Sakit Umum,C,117,16,,Pemkab,Non BLU/BLUD,Tangerang,"Jl. Tigaraksa-Adiyasa, Kel/Desa Kadu Agung, Kec. Tigaraksa, Kab. Tangerang, Prov Banten, Kode Pos: 15720"
3603183,Banten,12641.3,1351,RS Umum BUN,Rumah Sakit Umum,C,102,23,100,SWASTA/LAINNYA,Non BLU/BLUD,Tangerang,"Jl. Raya Kosambi Timur no.2 RT. 011/004, Kosambi  Timur, Kosambi"
3603196,Banten,12641.3,1351,RS Umum Primaya Pasar Kemis,Rumah Sakit Umum,C,105,36,43,Perusahaan,Non BLU/BLUD,Tangerang,Jl. Raya Pasar  RT. 004 RW. 002 Kel. Kutajaya Kec. Pasar Kemis
3603176,Banten,12641.3,1351,RS Umum Keluarga Kita,Rumah Sakit Umum,C,88,48,135,Perusahaan,Non BLU/BLUD,Tangerang,Jl. Raya PLP Curug KM. 4 No. 8 Curug
3603185,Banten,12641.3,1351,RS Umum Hermina Bitung,Rumah Sakit Umum,C,128,60,333,SWASTA/LAINNYA,Non BLU/BLUD,Tangerang,JL. RAYA SERANG KM 10 POS BITUNG KEC. CURUG KAB. TANGERANG - BANTEN 
3603172,Banten,12641.3,1351,RS St. Carolus Summarecon Serpong ,Rumah Sakit Umum,C,72,69,82,Perusahaan,Non BLU/BLUD,Tangerang,Jl Gading Golf Boulevard Kav. 08 Desa Cihuni Kec. Pagedangan
3603169,Banten,12641.3,1351,Metro Hospitals Cikupa,Rumah Sakit Umum,C,165,39,271,Perusahaan,Non BLU/BLUD,Tangerang,"JL. Raya Serang Km. 16,8 Cikupa"
3671179,Banten,12641.3,1351,RS Mitra Husada,Rumah Sakit Umum,C,101,25,185,Perusahaan,Non BLU/BLUD,Tangerang,Jl. Kp. Melayu Barat No. 11A Teluk Naga - Tangerang -  Banten
3603192,Banten,12641.3,1351,RS Mitra Keluarga Gading Serpong,Rumah Sakit Umum,C,143,70,454,SWASTA/LAINNYA,Non BLU/BLUD,Tangerang,"Jl. Kp. Anggris, Kelurahan Medang, Kecamatan Pagedangan, Kabupaten Tangerang"
3603193,Banten,12641.3,1351,RS Siloam Hospitals Kelapa Dua,Rumah Sakit Umum,C,105,31,153,Perusahaan,Non BLU/BLUD,Tangerang,Jl. Kelapa Dua Raya No.1001 Kel. Kelapa Dua Kec. Kelapa Dua Tangerang
3603189,Banten,12641.3,1351,RS UniMedika Sepatan,Rumah Sakit Umum,C,146,19,71,SWASTA/LAINNYA,Non BLU/BLUD,Tangerang,Jl. Raya Pakuhaji No. 3 RT. 002 RW. 001 Kel. Sepatan Kab. Tangerang
3603023,Banten,12641.3,1351,RS Qadr,Rumah Sakit Umum,C,104,49,202,Organisasi Sosial,Non BLU/BLUD,Tangerang,"Komp Islamic Village, Kelapa Dua, Tangerang"
3603047,Banten,12641.3,1351,RS Selaras,Rumah Sakit Umum,D,80,20,36,Perusahaan,Non BLU/BLUD,Tangerang,"JL. RAYA LAPAN DESA SURADITA RT 007 RW 001 CISAUK KAB.TANGERANG, Desa/Kelurahan Suradita, Kec. Cisauk, Kab. Tangerang, Provinsi Banten,"
3603177,Banten,12641.3,1351,RS Permata Hati,Rumah Sakit Umum,D,64,19,56,Perusahaan,Non BLU/BLUD,Tangerang,"Jl. Raya Serang KM. 12,5 Kp. Cirewed, Kel.Sukadamai Kec.Cikupa"
3603168,Banten,12641.3,1351,RS Suci Paramita,Rumah Sakit Umum,D,55,29,67,Organisasi Sosial,Non BLU/BLUD,Tangerang,"Jl. Raya Serang Km. 28,5 Kawasan Industri CCM Kav. F 1 - 8 Cangkudu, Balaraja"
1701014,Bengkulu,2163.3,108,RS Umum Daerah Hasanuddin Damrah Manna,Rumah Sakit Umum,C,188,28,369,Pemkab,BLUD,Bengkulu Selatan,Jl. Raya Padang Panjang Manna Kabupaten Bengkulu Selatan
1701016,Bengkulu,2163.3,108,RS As-syifa,Rumah Sakit Umum,D,90,36,135,SWASTA/LAINNYA,Non BLU/BLUD,Bengkulu Selatan,Jl. Gerak Alam RT. 13 Kelurahan Kota Medan Kecamatan Kota Manna
1709038,Bengkulu,2163.3,108,RS Umum Daerah Bengkulu Tengah,Rumah Sakit Umum,D,64,31,269,Pemkab,BLUD,Bengkulu Tengah,"   Jl. Raya Bengkulu - Kepahiang  Km.27,5 Desa Durian Demang Kecamatan Karang Tinggi, Kabupaten Bengkulu Tengah, Propinsi Bengkulu 38385"
1703016,Bengkulu,2163.3,108,RS Umum Daerah Arga Makmur,Rumah Sakit Umum,C,121,22,564,Pemkab,Non BLU/BLUD,Bengkulu Utara,Jl. Siti Khadijah No. 08 Arga Makmur Kabupaten Bengkulu Utara
1703045,Bengkulu,2163.3,108,Charitas Hospital Arga Makmur,Rumah Sakit Umum,D,55,26,116,Organisasi Katholik,Non BLU/BLUD,Bengkulu Utara,"Jl. Ir. Soekarno No.12 Rama Agung Arga Makmur, Bengkulu Utara"
1703027,Bengkulu,2163.3,108,RS Bergerak Enggano,Rumah Sakit Umum,D,16,22,17,Pemkab,Non BLU/BLUD,Bengkulu Utara,Jl. Raya Malakoni KM 3 Kecamatan Enggano Kabupaten Bengkulu Utara
1703046,Bengkulu,2163.3,108,RS Umum Daerah Lagita,Rumah Sakit Umum,D,50,33,141,Pemkab,BLUD,Bengkulu Utara,Jl. Pusat KTM Lagita Desa Urai Kecamatan Ketahun Kab Bengkulu Utara Provinsi Bengkulu
1704028,Bengkulu,2163.3,108,RS Umum Daerah Kaur,Rumah Sakit Umum,C,111,20,339,Pemkab,BLUD,Kaur,"Jl. Lintas Barat Sumatera, Cahaya Bathin, Kec. Semidang Gumay, Kabupaten Kaur, Provinsi Bengkulu"
1708010,Bengkulu,2163.3,108,RS Umum Daerah Kepahiang,Rumah Sakit Umum,C,137,35,353,Pemkab,BLUD,Kepahiang,Jl. Lintas Kepahiang-Bengkulu KM 03 Desa Tebat Monok Kepahiang
1771073,Bengkulu,2163.3,108,RS Ibu dan Anak Tino Galo Kota Bengkulu,Rumah Sakit Khusus Ibu dan Anak,C,36,20,,Pemkot,Non BLU/BLUD,Kota Bengkulu,Jl. Budi Utomo Kel. Beringin Raya
1771025,Bengkulu,2163.3,108,RS Jiwa Soeprapto Provinsi Bengkulu,Rumah Sakit Khusus Jiwa,B,194,33,356,Pemprop,BLUD,Kota Bengkulu,Jl. Bhakti Husada Lingkar Barat Bengkulu
1771014,Bengkulu,2163.3,108,RS Umum Daerah Dr. M. Yunus Bengkulu,Rumah Sakit Umum,B,240,52,699,Pemprop,BLUD,Kota Bengkulu,Jl. Bayangkara Kel. Sido Mulyo Kec. Gading Cempaka Kota Bengkulu
1771062,Bengkulu,2163.3,108,RS Tiara Sella,Rumah Sakit Umum,C,135,34,326,Perusahaan,Non BLU/BLUD,Kota Bengkulu,Jl.S.Parman No.61 Kota Bengkulu
1771009,Bengkulu,2163.3,108,RS Gading Medika,Rumah Sakit Umum,C,115,75,104,SWASTA/LAINNYA,Non BLU/BLUD,Kota Bengkulu,Jl. Citandui No. 34 Kel. Lingkar Barat Kec. Gading Cempaka
1771007,Bengkulu,2163.3,108,RS Umum Ummi Bengkulu,Rumah Sakit Umum,C,119,38,267,SWASTA/LAINNYA,Non BLU/BLUD,Kota Bengkulu,Jln. Hibrida Raya No. 01 RT 23 RW 08
1771051,Bengkulu,2163.3,108,RS Bhayangkara Jitra Kota Bengkulu,Rumah Sakit Umum,C,100,47,458,POLRI,BLU,Kota Bengkulu,Jl. Veteran No.2 Kelurahan Jitra Kota Bengkulu
1771036,Bengkulu,2163.3,108,RS Rafflesia Bengkulu,Rumah Sakit Umum,C,100,33,266,Organisasi Sosial,Non BLU/BLUD,Kota Bengkulu,Jln. Mahoni No.10 Kelurahan Padang Jati Kecamatan Ratu Samban Kota Bengkulu Kode Pos 38227
1771002,Bengkulu,2163.3,108,RS Umum Daerah Harapan dan Doa,Rumah Sakit Umum,C,138,42,335,Pemkot,BLUD,Kota Bengkulu, Jl. Let. Jend. Basuki Rahmad  Kecamatan Ratu Samban Kota Bengkulu
1771040,Bengkulu,2163.3,108,RS Tk. IV Bengkulu,Rumah Sakit Umum,D,53,44,237,TNI AD,Non BLU/BLUD,Kota Bengkulu,Jl. Zainul Arifin RT 05/01 Kel. Padang Nangka Kecamatan Singaran Pati Bengkulu
1707026,Bengkulu,2163.3,108,RS Umum Daerah Lebong,Rumah Sakit Umum,C,102,28,158,Pemkab,BLUD,Lebong,"Jln. Muara Aman - Curup, Desa Muning Agung , Kecamatan Lebong Sakti, Kabupaten Lebong , Provinsi Bengkulu"
1706020,Bengkulu,2163.3,108,RS Ibu dan Anak AL-Barra,Rumah Sakit Khusus Ibu dan Anak,C,28,21,48,SWASTA/LAINNYA,Non BLU/BLUD,Muko Muko,Jl. Pulai Berantai Desa Ujung Padang Kecamatan Kota Mukomuko
1706019,Bengkulu,2163.3,108,RS Umum Daerah Mukomuko,Rumah Sakit Umum,C,165,45,491,Pemkab,BLUD,Muko Muko,Jl. Danau Nibung Desa Kota Praja Kecamatan Air Manjunto Kabupaten Mukomuko Provinsi Bengkulu
1702015,Bengkulu,2163.3,108,RS Umum Daerah Kabupaten Rejang Lebong,Rumah Sakit Umum,C,122,47,528,Pemkab,BLUD,Rejang Lebong,Jalan  Jalur Dua Kelurahan Durian Depun  Kecamatan Merigi  Kabupaten  Kepahiang  Provinsi  Bengkulu  Kode  Pos 39371
1702047,Bengkulu,2163.3,108,RS Assalam,Rumah Sakit Umum,D,67,4,,SWASTA/LAINNYA,Non BLU/BLUD,Rejang Lebong,"Jl. MH. Thamrin No. 04 Kel. Air Rambai, Kec. Curup"
1702035,Bengkulu,2163.3,108,RS An-Nissa,Rumah Sakit Umum,D,89,13,123,SWASTA/LAINNYA,Non BLU/BLUD,Rejang Lebong,"Jl. Lintas Curup-Lubuk Linggau, Kelurahan Simpang Nangka, Kecamatan Selupu Rejang, Kabupaten Rejang Lebong, Provinsi Bengkulu."
1705018,Bengkulu,2163.3,108,RS Umum Daerah Tais Kabupaten Seluma,Rumah Sakit Umum,C,100,23,298,Pemkab,BLUD,Seluma,"Jl. Raya Bengkulu-Manna Km. 64 Kelurahan Selebar Kecamatan Seluma Timur Kabupaten Seluma, Propinsi Bengkulu"
3101002,DKI Jakarta,10669.7,16129,RS Umum Daerah Kepulauan Seribu,021-26071997,Rumah Sakit Umum,,50,24,BLUD,D,Kepulauan Seribu,"Pulau Pramuka Rt.001 RW.004, Kelurahan : Pulau Panggang, Kecamatan "
3174544,DKI Jakarta,10669.7,16129,RS Kapal Nusa Waluya II,RS Kapal/Bergerak,C,26,28,,Kementerian Lain,Non BLU/BLUD,Kota Jakarta Barat,"RUKO MAQNA UNIT 12 & 15 APARTEMEN MAQNA  RESIDENCE KOMP. BUSINESS PARK KEBON JERUK JL RAYA MERUYA ILIR NO. 88, Desa/Kelurahan Meruya Utara, Kec. Kembangan"
3174527,DKI Jakarta,10669.7,16129,RS Gigi dan Mulut FKG Universitas Trisakti,Rumah Sakit Khusus Gigi dan Mulut,A,14,15,234,Perusahaan,Non BLU/BLUD,Kota Jakarta Barat,Jl. Kyai Tapa No. 260 Grogol Jakarta Barat
3174260,DKI Jakarta,10669.7,16129,RS Anak dan Bunda Harapan Kita,Rumah Sakit Khusus Ibu dan Anak,A,258,52,1418,Kemkes ,BLU,Kota Jakarta Barat,Jl. Let.Jend. S Parman Kav. 87 Slipi Jakbar
3174497,DKI Jakarta,10669.7,16129,RS Ibu dan Anak Metro Hospitals Kebon Jeruk,Rumah Sakit Khusus Ibu dan Anak,C,34,19,36,SWASTA/LAINNYA,Non BLU/BLUD,Kota Jakarta Barat,Jl. Duri Raya No. 22 Duri Kepa Jakbar
3174282,DKI Jakarta,10669.7,16129,RS Jantung dan Pembuluh Darah Harapan Kita,Rumah Sakit Khusus Jantung,A,403,52,2458,Kemkes ,BLU,Kota Jakarta Barat,"Jl. S. Parman Kav 87, Slipi"
3174041,DKI Jakarta,10669.7,16129,RS Jiwa Dr. Soeharto Heerdjan,Rumah Sakit Khusus Jiwa,A,3,26,398,Kemkes ,BLU,Kota Jakarta Barat,Jl. Prof.Dr.Latumeten No. 1 Jakarta Barat
3174063,DKI Jakarta,10669.7,16129,RS Kanker Dharmais,Rumah Sakit Khusus Kanker,A,350,96,1268,Kemkes ,BLU,Kota Jakarta Barat,Jl. S Parman Kav.84-86 Slipi Jakarta Barat
3174515,DKI Jakarta,10669.7,16129,RS Khusus Mata Jakarta Eye Center Kedoya,Rumah Sakit Khusus Mata,A,25,31,242,Perusahaan,Non BLU/BLUD,Kota Jakarta Barat,"Jl. Terusan Arjuna Utara No.1, Kedoya Sel., Kec. Kb. Jeruk, Kota Jakarta Barat, Daerah Khusus Ibukota Jakarta 11520"
3174486,DKI Jakarta,10669.7,16129,RS Umum  Royal Taruma,Rumah Sakit Umum,B,220,111,571,SWASTA/LAINNYA,Non BLU/BLUD,Kota Jakarta Barat,"Jl. Daan Mogot No.34,Jakarta Barat"
3174052,DKI Jakarta,10669.7,16129,RS Umum Grha Kedoya,Rumah Sakit Umum,B,224,123,801,Perusahaan,Non BLU/BLUD,Kota Jakarta Barat,"Jln. Panjang Arteri No. 26 Kedoya Utara, kebon Jeruk"
3174074,DKI Jakarta,10669.7,16129,RS Umum Daerah Cengkareng,Rumah Sakit Umum,B,410,110,1086,Pemprop,BLUD,Kota Jakarta Barat,Jl.Kamal Raya Bumi Cengkareng Indah Cengkareng Timur
3174522,DKI Jakarta,10669.7,16129,RS Umum Ciputra Hospital Citragarden City,Rumah Sakit Umum,B,200,94,245,SWASTA/LAINNYA,Non BLU/BLUD,Kota Jakarta Barat,Jl. Boulevard Blok G1 No.1 Citra 5 - CitraGarden City Jakarta Barat
3174351,DKI Jakarta,10669.7,16129,RS Umum Siloam Hospitals Kebon Jeruk,Rumah Sakit Umum,B,183,99,957,SWASTA/LAINNYA,Non BLU/BLUD,Kota Jakarta Barat,Jl. Perjuangan Raya Kav.8 Jakarta Barat
3174015,DKI Jakarta,10669.7,16129,RS Umum Sumber Waras,Rumah Sakit Umum,B,206,118,627,Organisasi Sosial,Non BLU/BLUD,Kota Jakarta Barat,Jl. Kyai Tapa No.1 Grogol Jakbar
3174026,DKI Jakarta,10669.7,16129,RS Umum Pelni Petamburan,Rumah Sakit Umum,B,600,117,1335,BUMN,Non BLU/BLUD,Kota Jakarta Barat,"Jl.Aipda KS Tubun No. 92-94, Desa/Kelurahan Slipi, Kec Palmerah, Kota Adm. Jakarta Barat, Provinsi DKI Jakarta Kode Pos  11410"
3174431,DKI Jakarta,10669.7,16129,RS Umum Hermina Daan Mogot,Rumah Sakit Umum,B,311,95,800,SWASTA/LAINNYA,Non BLU/BLUD,Kota Jakarta Barat,"Jl. Kintamani Raya No. 2, Komp. Perumahan Daan Mogot Baru"
3174508,DKI Jakarta,10669.7,16129,RS Pondok Indah Puri Indah ,Rumah Sakit Umum,B,200,102,247,SWASTA/LAINNYA,Non BLU/BLUD,Kota Jakarta Barat,"Jl. Puri Indah Raya,Blok S-2,Kel.Kembangan Selatan,Jakbar "
3174531,DKI Jakarta,10669.7,16129,RS Ukrida,Rumah Sakit Umum,C,108,32,,Perusahaan,Non BLU/BLUD,Kota Jakarta Barat,Jl. Arjuna Utara No. 6 Kel. Duri Kepa Kec. Kebon Jeruk
3174518,DKI Jakarta,10669.7,16129,RS Umum Daerah Kalideres,Rumah Sakit Umum,C,116,34,258,Pemprop,BLUD,Kota Jakarta Barat,"Jl. Bedugul Blok NA, RT.008 RW.012, Perumahan Daan Mogot Baru, Kelurahan Kalideres, Kecamatan Kalideres, Kota Jakarta Barat, Provinsi DKI Jakarta Kode Pos: 11840"
3174420,DKI Jakarta,10669.7,16129,RS Umum Eka Permata Hijau,Rumah Sakit Umum,C,102,101,212,SWASTA/LAINNYA,Non BLU/BLUD,Kota Jakarta Barat,Jl. Kebayoran Lama  No.64 Jakarta Barat
3174030,DKI Jakarta,10669.7,16129,RS Umum Bhakti Mulia,Rumah Sakit Umum,C,206,34,200,Organisasi Sosial,Non BLU/BLUD,Kota Jakarta Barat,Jl. KS Tubun No.79 Slipi Jakbar
3174519,DKI Jakarta,10669.7,16129,RS Umum Mitra Keluarga Kalideres,Rumah Sakit Umum,C,92,75,465,Perusahaan,Non BLU/BLUD,Kota Jakarta Barat,JL PETA SELATAN NO 1 RT/RW 007/011 KEL KALIDERES KEC KALIDERES JAKARTA BARAT
3174453,DKI Jakarta,10669.7,16129,RS Umum Cinta Kasih Tzu Chi,Rumah Sakit Umum,C,145,36,213,Organisasi Sosial,Non BLU/BLUD,Kota Jakarta Barat,JL. KAMAL RAYA OUTER RING ROAD CENGKARENG
3174517,DKI Jakarta,10669.7,16129,RS Umum Daerah  Kembangan,Rumah Sakit Umum,C,98,28,147,Pemprop,Non BLU/BLUD,Kota Jakarta Barat,"Jl. Topaz Raya Blok F 2 No. 3 Rt.15 Rw. 07, Kelurahan Meruya Utara,  Kecamatan Kembangan, Jakarta Barat 11620"
3174416,DKI Jakarta,10669.7,16129,RS Umum Patria IKKT,Rumah Sakit Umum,C,100,62,54,Organisasi Sosial,Non BLU/BLUD,Kota Jakarta Barat,"Jl. Cendrawasih No.1, Komplek Kemhan Mabes TNI Slipi, Kel. Palmerah, Kec. Palmerah, Kota Adm. Jakarta Barat, Prov. DKI Jakarta 11480"
3174525,DKI Jakarta,10669.7,16129,RS Umum Daerah Taman Sari,Rumah Sakit Umum,D,54,23,268,Pemprop,BLUD,Kota Jakarta Barat,Jalan Madu Rt/Rw 03/03 No.10 Mangga Besar Taman Sari Jakarta Barat 11180
3174510,DKI Jakarta,10669.7,16129,RS Umum Anggrek Mas,Rumah Sakit Umum,D,50,33,126,SWASTA/LAINNYA,Non BLU/BLUD,Kota Jakarta Barat,Jl. Anggrek No. 2B rt.009/02 Kelapa Dua Kebon Jeruk
3174542,DKI Jakarta,10669.7,16129,RS Umum dr Abdul Radjak Cengkareng,Rumah Sakit Umum,D,59,69,,SWASTA/LAINNYA,Non BLU/BLUD,Kota Jakarta Barat,Jl. Daan mogot KM. 17. Komplek Imperial Business Center Blok A No.1-10 Kel. Kalideres Kec. Kalideres
3173634,DKI Jakarta,10669.7,16129,RS Khusus Bedah Bina Estetika,Rumah Sakit Khusus Bedah,C,25,16,27,Organisasi Sosial,Non BLU/BLUD,Kota Jakarta Pusat,"JL. TEUKU CIKDITIRO NO.41, RT:10, RW:05, KELURAHAN MENTENG, KECAMATAN MENTENG, JAKARTA PUSAT, 10310"
3173671,DKI Jakarta,10669.7,16129,RS Gigi dan Mulut FKG Univ. Indonesia,Rumah Sakit Khusus Gigi dan Mulut,A,15,22,600,Kementerian Lain,Non BLU/BLUD,Kota Jakarta Pusat,Jl. Salemba Raya No. 4 Jakarta Pusat
3173707,DKI Jakarta,10669.7,16129,RS Gigi Dan Mulut YARSI,Rumah Sakit Khusus Gigi dan Mulut,B,12,19,74,SWASTA/LAINNYA,Non BLU/BLUD,Kota Jakarta Pusat,Jl. LetJend Suprapto Kav. 13 Cempaka Putih. Jakarta Pusat. DKI Jakarta
3173697,DKI Jakarta,10669.7,16129,RSGM LADOKGI R.E MARTADINATA,Rumah Sakit Khusus Gigi dan Mulut,B,12,20,43,TNI AL,Non BLU/BLUD,Kota Jakarta Pusat," Jl. Farmasi No.1, Bendungan Hilir, Tanah Abang, Jakarta Pusat"
3173120,DKI Jakarta,10669.7,16129,RS Khusus Ibu Anak Bunda Jakarta,Rumah Sakit Khusus Ibu dan Anak,B,61,60,463,Perusahaan,Non BLU/BLUD,Kota Jakarta Pusat,Jl. Teuku Cik Ditiro No. 28 Menteng
3173695,DKI Jakarta,10669.7,16129,RS Ibu dan Anak Tambak,Rumah Sakit Khusus Ibu dan Anak,C,34,30,220,SWASTA/LAINNYA,Non BLU/BLUD,Kota Jakarta Pusat,"Jl. Tambak No.18, Pegangsaan, Kec. Menteng, Kota Jakarta Pusat, Daerah Khusus Ibukota Jakarta 10320, Indonesia"
3173623,DKI Jakarta,10669.7,16129,RS Khusus JEC @Menteng,Rumah Sakit Khusus Mata,B,18,33,263,SWASTA/LAINNYA,Non BLU/BLUD,Kota Jakarta Pusat,Jl. Teuku Cik Ditiro No.46 Jakarta Pusat
3173532,DKI Jakarta,10669.7,16129,RS Khusus THT Bedah KL Proklamasi,Rumah Sakit Khusus THT-KL,B,25,30,181,SWASTA/LAINNYA,Non BLU/BLUD,Kota Jakarta Pusat,"Jl. Proklamasi No. 43, Menteng - Jakarta Pusat"
3173704,DKI Jakarta,10669.7,16129,RS Khusus THT SS Medika,Rumah Sakit Khusus THT-KL,C,19,23,25,SWASTA/LAINNYA,Non BLU/BLUD,Kota Jakarta Pusat,"JL. SALEMBA 1 NO.11-13 RT.06 RW 06 KELURAHAN KENARI , KECAMATAN SENEN, KOTA JAKARTA PUSAT PROV. DKI JAKARTA"
3173612,DKI Jakarta,10669.7,16129,RS Khusus THT Prof Nizar,Rumah Sakit Khusus THT-KL,C,15,13,44,SWASTA/LAINNYA,Non BLU/BLUD,Kota Jakarta Pusat,Jl. Kesehatan No. 9 Jakpus
3173521,DKI Jakarta,10669.7,16129,RS Umum Daerah Tarakan,Rumah Sakit Umum,A,437,125,1065,Pemprop,BLUD,Kota Jakarta Pusat,"Jl. Kyai Caringin no. 7 RT 11 / RW 04, Cideng, Kec. Gambir"
3173025,DKI Jakarta,10669.7,16129,RS Umum PAD Gatot Soebroto,Rumah Sakit Umum,A,568,58,2933,TNI AD,BLU,Kota Jakarta Pusat,Jl. dr. Abdul  Rahman Saleh No. 24  Senen Jakarta Pusat
3173014,DKI Jakarta,10669.7,16129,RSUPN Dr. Cipto Mangunkusumo,Rumah Sakit Umum,A,1542,81,6325,Kemkes ,BLU,Kota Jakarta Pusat,Jl. Diponegoro 71 Jakarta Pusat
3173712,DKI Jakarta,10669.7,16129,RS Umum Yarsi,Rumah Sakit Umum,B,211,160,219,Perusahaan,Non BLU/BLUD,Kota Jakarta Pusat,Jl. Letjen Suprapto Kelurahan Cempaka Putih Timur Kecamatan Cempaka Putih Jakarta Pusat 
3173706,DKI Jakarta,10669.7,16129,RS Umum Hermina Kemayoran,Rumah Sakit Umum,B,145,122,2392,SWASTA/LAINNYA,Non BLU/BLUD,Kota Jakarta Pusat,Jl. Selangit Blok B.10 Kav No.4 Kel. Gunung Sahari Selatan Kec. Kemayoran 
3173062,DKI Jakarta,10669.7,16129,RS Primaya PGI Cikini,Rumah Sakit Umum,B,206,79,678,Organisasi Protestan,Non BLU/BLUD,Kota Jakarta Pusat,Jl. Raden Saleh No. 40 Jakpus
3173506,DKI Jakarta,10669.7,16129,RS Umum dr. Abdul Radjak Salemba,Rumah Sakit Umum,B,204,189,198,Organisasi Sosial,Non BLU/BLUD,Kota Jakarta Pusat,"Jl. Salemba Tengah 24-28, Paseban, Senen, Jakarta Pusat, DKI Jakarta"
3173051,DKI Jakarta,10669.7,16129,RS Umum Sint Carolus,Rumah Sakit Umum,B,250,119,304,Organisasi Katholik,Non BLU/BLUD,Kota Jakarta Pusat,Jl. Salemba Raya No.41 Jakarta Pusat
3173040,DKI Jakarta,10669.7,16129,RS Umum Husada,Rumah Sakit Umum,B,236,125,674,SWASTA/LAINNYA,Non BLU/BLUD,Kota Jakarta Pusat,Jl. Raya Mangga Besar No.137/139 Jakarta Pusat
3173036,DKI Jakarta,10669.7,16129,RS Umum AL Dr. Mintoharjo,Rumah Sakit Umum,B,217,91,705,TNI AL,BLU,Kota Jakarta Pusat,"Jl. Bendungan Hilir No.17, RT.4/RW.3, Bendungan. Hilir, Kecamatan Tanah Abang, Kota Jakarta Pusat, Daerah Khusus Ibukota Jakarta 10210"
3173656,DKI Jakarta,10669.7,16129,RS Umum Mitra Kemayoran,Rumah Sakit Umum,B,139,74,723,SWASTA/LAINNYA,Non BLU/BLUD,Kota Jakarta Pusat,Jl. HBR Motik Rt 013 Rw 006 Kel. Kebon Kosong Kec. Kemayoran  Jakarta Pusat 10630
3173543,DKI Jakarta,10669.7,16129,RS Umum Abdi Waluyo,Rumah Sakit Umum,B,109,75,58,Organisasi Sosial,Non BLU/BLUD,Kota Jakarta Pusat,Jl. Hos Cokroaminoto 31-33 Jakarta Pusat
3173073,DKI Jakarta,10669.7,16129,RS Islam Jakarta Cempaka Putih,Rumah Sakit Umum,B,367,114,1054,Organisasi Islam ,Non BLU/BLUD,Kota Jakarta Pusat,Jl. Cempaka Putih Tengah I / 1 Jakarta Pusat - Indonesia
3173696,DKI Jakarta,10669.7,16129,RS Umum Bunda Jakarta,Rumah Sakit Umum,C,101,65,180,Perusahaan,Non BLU/BLUD,Kota Jakarta Pusat,Jl. Teuku Cik Ditiro No. 21 Menteng
3173580,DKI Jakarta,10669.7,16129,RS Umum Kramat 128,Rumah Sakit Umum,C,120,98,323,Organisasi Sosial,Non BLU/BLUD,Kota Jakarta Pusat,"Jl. Kramat Raya No.128,Jakpus"
3173441,DKI Jakarta,10669.7,16129,RS Umum Primaya Evasari Hospital,Rumah Sakit Umum,C,102,76,518,Organisasi Sosial,Non BLU/BLUD,Kota Jakarta Pusat,"Jl. Rawamangun No. 47, Rawasari, Cempaka Putih, Jakarta Pusat"
3173474,DKI Jakarta,10669.7,16129,RS Umum Pertamina Jaya,Rumah Sakit Umum,C,100,41,268,BUMN,Non BLU/BLUD,Kota Jakarta Pusat,Jl. A. Yani No. 2 By Pass Jakarta Pusat
3173645,DKI Jakarta,10669.7,16129,RS Menteng Mitra Afia,Rumah Sakit Umum,C,99,30,164,SWASTA/LAINNYA,Non BLU/BLUD,Kota Jakarta Pusat,"Jl. Kalipasir No.9 Kel. Kebon Sirih, Kec. Menteng, Jakarta Pusat"
3173723,DKI Jakarta,10669.7,16129,RS Siloam Agora,Rumah Sakit Umum,C,100,84,,SWASTA/LAINNYA,Non BLU/BLUD,Kota Jakarta Pusat,Jl. Letjend Suprapto No.1 
3171768,DKI Jakarta,10669.7,16129,RS Umum Murni Teguh Sudirman Jakarta,Rumah Sakit Umum,C,114,79,205,SWASTA/LAINNYA,Non BLU/BLUD,Kota Jakarta Pusat,Jl. Jend. Sudirman No. 86
3173105,DKI Jakarta,10669.7,16129,RS Umum Budi Kemuliaan,Rumah Sakit Umum,C,109,40,478,Organisasi Sosial,Non BLU/BLUD,Kota Jakarta Pusat,Jl. Budi Kemuliaan No.25 Jakarta Pusat
3173701,DKI Jakarta,10669.7,16129,RS Umum Daerah Johar Baru,Rumah Sakit Umum,D,50,12,113,Pemprop,BLUD,Kota Jakarta Pusat,"Jl. Tanah Tinggi XII,  No.15-23, RT.10/RW.9, Tanah Tinggi, Kec. Johar Baru, Kota Jakarta Pusat, Daerah Khusus Ibukota Jakarta"
3173699,DKI Jakarta,10669.7,16129,RS Umum Daerah Kemayoran,Rumah Sakit Umum,D,50,26,153,Pemprop,BLUD,Kota Jakarta Pusat,Jl. Serdang Baru I  RT.6/RW.5 Kel. Serdang Kec. Kemayoran Kota Jakarta Pusat DKI Jakarta
3173698,DKI Jakarta,10669.7,16129,RS Umum Daerah Sawah Besar,Rumah Sakit Umum,D,60,26,210,Pemprop,BLUD,Kota Jakarta Pusat,Jl. Dwi Warna Raya No. 6-8
3173700,DKI Jakarta,10669.7,16129,RS Umum Daerah Cempaka Putih,Rumah Sakit Umum,D,50,28,179,Pemprop,BLUD,Kota Jakarta Pusat,Jl.Rawasari Selatan No1
3173116,DKI Jakarta,10669.7,16129,RS Umum YPK Mandiri,Rumah Sakit Umum,D,51,40,212,Organisasi Sosial,Non BLU/BLUD,Kota Jakarta Pusat,Jl. Gereja Theresia No. 22 Menteng Jakpus
3173705,DKI Jakarta,10669.7,16129,RS Umum Daerah Tanah Abang,Rumah Sakit Umum,D,51,27,227,Pemprop,Non BLU/BLUD,Kota Jakarta Pusat,"Jl. KH. Mas Mansyur No. 30 Kel. Kebon Kacang Kec. Tanah Abang, Jakarta Pusat"
3171511,DKI Jakarta,10669.7,16129,RS Bedah Siloam Asri,Rumah Sakit Khusus Bedah,B,79,56,324,Perusahaan,Non BLU/BLUD,Kota Jakarta Selatan,"Jl. Duren Tiga Raya No. 20, Duren Tiga, Pancoran"
3171802,DKI Jakarta,10669.7,16129,RS Khusus Bedah Halimun,Rumah Sakit Khusus Bedah,C,28,21,43,Perusahaan,Non BLU/BLUD,Kota Jakarta Selatan,"Jl. Halimun No.9, Guntur Setiabudi, Desa/Kelurahan Guntur, Kec.Setiabudi, Kota Adm. Jakarta Selatan, Provinsi DKI Jakarta,Kode Pos: 12980"
3171691,DKI Jakarta,10669.7,16129,RS Gigi dan Mulut Univ. Prof. Moestopo,Rumah Sakit Khusus Gigi dan Mulut,B,3,20,75,Organisasi Sosial,Non BLU/BLUD,Kota Jakarta Selatan,Jl. Bintaro Permai Raya No 3 Jaksel
3171783,DKI Jakarta,10669.7,16129,RS Ibu dan Anak Kemang Medical Care,Rumah Sakit Khusus Ibu dan Anak,B,72,42,445,Perusahaan,Non BLU/BLUD,Kota Jakarta Selatan,Jl. Ampera Raya No. 34
3171724,DKI Jakarta,10669.7,16129,RS Khusus Ibu dan Anak Brawijaya,Rumah Sakit Khusus Ibu dan Anak,B,75,44,282,SWASTA/LAINNYA,Non BLU/BLUD,Kota Jakarta Selatan,Jl..Taman Brawijaya No.1 Kel. Cepete Utara Kec. Kebayoran Baru
3171911,DKI Jakarta,10669.7,16129,RS Ibu dan Anak SamMarie Wijaya,Rumah Sakit Khusus Ibu dan Anak,C,23,29,,SWASTA/LAINNYA,Non BLU/BLUD,Kota Jakarta Selatan,"Jl. Wijaya I No.45, RW.5, Petogogan, Kec. Kebayoran. Baru, Kota Jakarta Selatan"
3171757,DKI Jakarta,10669.7,16129,RS Ibu dan Anak Brawijaya Durentiga,Rumah Sakit Khusus Ibu dan Anak,C,27,33,144,SWASTA/LAINNYA,Non BLU/BLUD,Kota Jakarta Selatan,Jl. Duren Tiga Raya No.5 Pancoran Jaksel
3171413,DKI Jakarta,10669.7,16129,RS Ibu dan Anak JWCC Asih,Rumah Sakit Khusus Ibu dan Anak,C,37,31,42,Perusahaan,Non BLU/BLUD,Kota Jakarta Selatan,Jl. Panglima Polim III no.34 Melawai Kebayoran Baru
3171912,DKI Jakarta,10669.7,16129,RS Jantung dan Pembuluh Darah Heartology,Rumah Sakit Khusus Jantung,C,31,33,,SWASTA/LAINNYA,Non BLU/BLUD,Kota Jakarta Selatan,"Jl. Birah III No. 4 Kel. Rawa Barat, Kebayoran Baru"
3171060,DKI Jakarta,10669.7,16129,RS Jiwa Dharmawangsa,Rumah Sakit Khusus Jiwa,C,30,13,90,Organisasi Sosial,Non BLU/BLUD,Kota Jakarta Selatan,"Jl. Darmawangsa Raya Blok P/ II No.13, Kelurahan Pulo Kecamatan Kebayoran Baru Kotamadya Jakarta Selatan Provinsi DKI Jakarta"
3171056,DKI Jakarta,10669.7,16129,RS Khusus Kanker MRCCC Siloam Semanggi,Rumah Sakit Khusus Kanker,A,186,89,260,Perusahaan,Non BLU/BLUD,Kota Jakarta Selatan,"Jl. Garnisun No. 2 - 3, RT 003, RW 004, Kel. Karet Semanggi, Kec. Setiabudi, Jakarta Selatan"
3171804,DKI Jakarta,10669.7,16129,RS Khusus Mata Nusantara,Rumah Sakit Khusus Mata,C,25,27,92,SWASTA/LAINNYA,Non BLU/BLUD,Kota Jakarta Selatan,Jl. R.A. Kartini No. 99
3171643,DKI Jakarta,10669.7,16129,RS Orthopedi Siaga Raya,Rumah Sakit Khusus Orthopedi,C,34,45,206,Organisasi Sosial,Non BLU/BLUD,Kota Jakarta Selatan,"Jl. Siaga Raya Kav.4-8, Pejaten Barat, Pasar Minggu, Jakarta Selatan"
3171012,DKI Jakarta,10669.7,16129,RSUP Fatmawati,Rumah Sakit Umum,A,854,87,3736,Kemkes ,BLU,Kota Jakarta Selatan,"Jl. RS Fatmawati Cilandak,Jaksel"
3171072,DKI Jakarta,10669.7,16129,RS Umum Dr. Suyoto Kemhan,Rumah Sakit Umum,A,267,69,867,Kementerian Lain,BLU,Kota Jakarta Selatan,Jl. RC. Veteran Raya No. 178 RT 09 RW 03 Kelurahan Bintaro Kecamatan Pesanggrahan Jakarta Selatan 12330
3171034,DKI Jakarta,10669.7,16129,RS Umum AL Cilandak,Rumah Sakit Umum,B,198,93,766,TNI AL,BLU,Kota Jakarta Selatan,"Jl. Raya Cilandak KKO Cilandak Timur, Pasar Minggu Jakarta Selatan"
3171789,DKI Jakarta,10669.7,16129,RS Umum Siloam TB Simatupang,Rumah Sakit Umum,B,206,114,452,Perusahaan,Non BLU/BLUD,Kota Jakarta Selatan,Jl. RA Kartini No. 8 Cilandak
3171504,DKI Jakarta,10669.7,16129,RS Umum Pondok Indah,Rumah Sakit Umum,B,230,138,960,SWASTA/LAINNYA,Non BLU/BLUD,Kota Jakarta Selatan,"Jl. Metro Duta Kav. UE Pondok  Indah,Jaksel"
3171786,DKI Jakarta,10669.7,16129,RS Umum Mayapada,Rumah Sakit Umum,B,260,41,959,Perusahaan,Non BLU/BLUD,Kota Jakarta Selatan,Jalan Lebak Bulus I. Kav. 29
3171461,DKI Jakarta,10669.7,16129,RS Umum Tebet,Rumah Sakit Umum,B,203,66,142,Organisasi Sosial,Non BLU/BLUD,Kota Jakarta Selatan,Jl. Letjen MT Haryono kav 13 Jakarta Selatan
3171795,DKI Jakarta,10669.7,16129,RS Umum Daerah Pasar Minggu,Rumah Sakit Umum,B,401,94,869,Pemprop,BLUD,Kota Jakarta Selatan,"JL. TB. SIMATUPANG NO. 1 KELURAHAN RAGUNAN, KECAMATAN PASAR MINGGU - JAKARTA SELATAN"
3171665,DKI Jakarta,10669.7,16129,RS Umum Medistra,Rumah Sakit Umum,B,215,113,437,SWASTA/LAINNYA,Non BLU/BLUD,Kota Jakarta Selatan,"Jl. Jendral Gatot Subroto Kav  59 Kelurahan  Kuningan Timur,  Kecamatan  Setiabudi Jakarta Selatan DKI Jakarta"
3171515,DKI Jakarta,10669.7,16129,RS Umum MMC,Rumah Sakit Umum,B,203,122,,SWASTA/LAINNYA,Non BLU/BLUD,Kota Jakarta Selatan,"Jl. H R. Rasuna Said Kav C 20 - 21, Karet Kuningan, Setiabudi, Jakarta Selatan"
3171023,DKI Jakarta,10669.7,16129,RS Umum Pusat Pertamina,Rumah Sakit Umum,B,228,65,962,BUMN,Non BLU/BLUD,Kota Jakarta Selatan,"Jl. Kyai Maja No.43 Kebayoran Baru,Jakarta Selatan"
3171632,DKI Jakarta,10669.7,16129,RS Umum Agung,Rumah Sakit Umum,C,113,34,33,Organisasi Sosial,Non BLU/BLUD,Kota Jakarta Selatan,"Jl. Sultan Agung No.67 RT 1/ RW 8, Kelurahan Ps Manggis, Kecamatan Setiabudi, Kota Jakarta Selatan, Daerah Khusus Ibukota Jakarta 12970"
3171791,DKI Jakarta,10669.7,16129,RS Umum Daerah Pesanggrahan,Rumah Sakit Umum,C,100,37,192,Pemprop,BLUD,Kota Jakarta Selatan,Jalan Cenek I no. 1 Pesanggrahan
3171746,DKI Jakarta,10669.7,16129,RS Umum Aulia,Rumah Sakit Umum,C,101,24,122,SWASTA/LAINNYA,Non BLU/BLUD,Kota Jakarta Selatan,"Jl. Jeruk Raya No.15 RT.011 RW 01 Kelurahan Jagakarsa, Kecamatan Jagakarsa, Kota Jakarta Selatan, Provinsi DKI Jakarta"
3171798,DKI Jakarta,10669.7,16129,RS Umum Ali Sibroh Malisi,Rumah Sakit Umum,C,103,34,98,Perorangan,Non BLU/BLUD,Kota Jakarta Selatan,Jl. Warung Silah No. 01 Gudang baru Rt. 08 Rw. 05 Kel. Cipedak Kec. Jagakarsa Jakarta Selatan 12630
3171790,DKI Jakarta,10669.7,16129,RS Umum Daerah Tebet,Rumah Sakit Umum,C,100,26,262,Pemprop,BLUD,Kota Jakarta Selatan,"Jl. Prof. Dr. Soepomo, SH. No. 54, Tebet, Jakarta Selatan"
3171680,DKI Jakarta,10669.7,16129,RS Umum Tria Dipa,Rumah Sakit Umum,C,38,34,212,SWASTA/LAINNYA,Non BLU/BLUD,Kota Jakarta Selatan,"Jl. Raya Pasar Minggu No.3A Rt 004 Rw 01 Kelurahan Pancoran, Kecamatan Pancoran, Jakarta Selatan"
3171782,DKI Jakarta,10669.7,16129,RS Umum Andhika,Rumah Sakit Umum,C,114,32,132,Organisasi Sosial,Non BLU/BLUD,Kota Jakarta Selatan,"Jl. Warung Sila No. 8, RT.06/RW.04, Gudang Baru Ciganjur, Jagakarsa Jakarta Selatan"
3171735,DKI Jakarta,10669.7,16129,RS Umum Jakarta Medical Center (JMC),Rumah Sakit Umum,C,51,46,348,SWASTA/LAINNYA,Non BLU/BLUD,Kota Jakarta Selatan,"Jl. Buncit Raya No.15, Kalibata, Pancoran"
3171702,DKI Jakarta,10669.7,16129,RS Umum Zahirah,Rumah Sakit Umum,C,128,71,355,SWASTA/LAINNYA,Non BLU/BLUD,Kota Jakarta Selatan,"Jl. Sirsak No.21 RT/RW 009/001, Jagakarsa, Jakarta Selatan, DKI JAKARTA, 12620"
3171574,DKI Jakarta,10669.7,16129,RS Umum Prikasih,Rumah Sakit Umum,C,111,72,221,Organisasi Sosial,Non BLU/BLUD,Kota Jakarta Selatan,"Jl. RS Fatmawati Raya No. 74, Pondok Labu, Cilandak"
3171713,DKI Jakarta,10669.7,16129,RS Umum Kartini,Rumah Sakit Umum,C,111,23,243,SWASTA/LAINNYA,Non BLU/BLUD,Kota Jakarta Selatan,"Jl. Ciledug Raya No.94-96 Cipulir, Keabayoran Lama"
3171045,DKI Jakarta,10669.7,16129,RS Umum Jakarta,Rumah Sakit Umum,C,132,97,520,Organisasi Sosial,Non BLU/BLUD,Kota Jakarta Selatan,"Jl. Garnisun No. 1, Jl. Jend. Sudirman"
3171450,DKI Jakarta,10669.7,16129,RS Umum Setia Mitra,Rumah Sakit Umum,C,105,75,260,Organisasi Sosial,Non BLU/BLUD,Kota Jakarta Selatan,"Jl. Fatmawati No. 80-82, RT 3 RW 10, Kel. Cilandak Barat, Kec. Cilandak, Jakarta Selatan, DKI Jakarta, 12430"
3171805,DKI Jakarta,10669.7,16129,RS Umum Siloam Mampang,Rumah Sakit Umum,C,108,59,,Perusahaan,Non BLU/BLUD,Kota Jakarta Selatan,"Jl. Mampang Prpt. Raya No.16, RW.5, Duren Tiga, Kec. Pancoran, Kota Jakarta Selatan, Daerah Khusus Ibukota Jakarta 12760"
3171807,DKI Jakarta,10669.7,16129,RS Brawijaya Saharjo,Rumah Sakit Umum,C,101,43,,SWASTA/LAINNYA,Non BLU/BLUD,Kota Jakarta Selatan,"Jl. Dr. Saharjo No.199, RT.1/RW.1, Tebet Bar., Kec. Tebet, Kota Jakarta Selatan, Daerah Khusus Ibukota Jakarta 12810"
3171785,DKI Jakarta,10669.7,16129,RS Umum Bhayangkara Lemdiklat Polri,Rumah Sakit Umum,C,4,55,248,POLRI,BLU,Kota Jakarta Selatan,"JL. CIPUTAT RAYA NO 40, KELURAHAN  PONDOK PINANG, KECAMATAN KEBAYORAN LAMA"
3171781,DKI Jakarta,10669.7,16129,RS Muhammadiyah Taman Puring,Rumah Sakit Umum,C,111,33,21,Organisasi Islam ,Non BLU/BLUD,Kota Jakarta Selatan,"Jl. Gandaria 1 No.20, RT.1/RW.2, Kramat Pela, Kec. Kby. Baru, Kota Jakarta Selatan, Daerah Khusus Ibukota Jakarta 12130"
3171784,DKI Jakarta,10669.7,16129,RS Yadika Kebayoran Lama,Rumah Sakit Umum,C,101,27,138,Perusahaan,Non BLU/BLUD,Kota Jakarta Selatan,Jl. Ciputat Raya No. 5  
3171800,DKI Jakarta,10669.7,16129,RS Umum Daerah Jati Padang,Rumah Sakit Umum,D,70,25,137,Pemprop,Non BLU/BLUD,Kota Jakarta Selatan,"Jl. Raya Ragunan No. 16 dan 17, Kelurahan Pasar Minggu, Kecamatan Pasar Minggu, Kota Administrasi Jakarta Selatan, Provinsi DKI Jakarta. Kode pos 12520"
3171793,DKI Jakarta,10669.7,16129,RS Umum Daerah Mampang Prapatan,Rumah Sakit Umum,D,57,38,196,Pemprop,BLUD,Kota Jakarta Selatan,Jl. Kapten P. Tendean No. 9A Jakarta Selatan
3171621,DKI Jakarta,10669.7,16129,RS Umum Gandaria,Rumah Sakit Umum,D,58,35,213,SWASTA/LAINNYA,Non BLU/BLUD,Kota Jakarta Selatan,"Jl. Gandaria Tengah II, No 6 sd 14 Kebayoran Baru, Jakarta Selatan."
3171803,DKI Jakarta,10669.7,16129,RS Umum Daerah Kebayoran Lama,Rumah Sakit Umum,D,62,29,210,Pemprop,BLUD,Kota Jakarta Selatan,Jl. Jatayu RT. 001 RW. 012 Kelurahan Kebayoran Lama Selatan Kecamatan Kebayoran Lama Jakarta Selatan
3171796,DKI Jakarta,10669.7,16129,RS Umum Petukangan,Rumah Sakit Umum,D,50,23,131,SWASTA/LAINNYA,Non BLU/BLUD,Kota Jakarta Selatan,"Jl. Ciledug Raya No. 8A-B, Petukangan Selatan, Pesanggrahan"
3171801,DKI Jakarta,10669.7,16129,RS Umum Daerah Kebayoran Baru,Rumah Sakit Umum,D,58,16,215,Pemprop,BLUD,Kota Jakarta Selatan,"Jl. Abdul Majid No 28, Kelurahan Cipete Utara, Kecamatan Kebayoran Baru, Kota Administrasi Jakarta S"
3171792,DKI Jakarta,10669.7,16129,RS Umum Daerah Jagakarsa,Rumah Sakit Umum,D,50,47,87,Pemprop,BLUD,Kota Jakarta Selatan,"Jl. Moh. Kahfi  I No.27A, Kecamatan Jagakarsa Jakarta Selatan"
3171806,DKI Jakarta,10669.7,16129,Mayapada Hospital Kuningan,Rumah Sakit Umum,D,103,128,312,SWASTA/LAINNYA,Non BLU/BLUD,Kota Jakarta Selatan,Jl. HR. Rasuna Said Kav. C 17 Kel. Karet Kuningan Kec. Setiabudi
3171435,DKI Jakarta,10669.7,16129,RS Ketergantungan Obat,Rumah Sakit Ketergantungan Obat,B,185,25,327,Kemkes ,BLU,Kota Jakarta Timur,Jl. Lapangan Tembak No 75 Kelurahan Cibubur Kecamatan  Ciracas Jakarta Timur 13720
3172758,DKI Jakarta,10669.7,16129,RS Khusus Bedah Columbia Asia Pulomas,Rumah Sakit Khusus Bedah,A,154,79,300,Perusahaan,Non BLU/BLUD,Kota Jakarta Timur,Jl. Kayu Putih Raya No. 1 Kel. Kayu Putih Kec. Pulogadung
3172301,DKI Jakarta,10669.7,16129,RS Khusus Bedah Rawamangun,Rumah Sakit Khusus Bedah,C,35,21,81,Organisasi Sosial,Non BLU/BLUD,Kota Jakarta Timur,"Jl. Balai Pustaka Raya No. 29 - 31, Rawamangun"
3172751,DKI Jakarta,10669.7,16129,RS Gigi Dan Mulut Angkatan Udara,Rumah Sakit Khusus Gigi dan Mulut,B,12,18,85,TNI AU,Non BLU/BLUD,Kota Jakarta Timur,"Jl.Puntodewo 1 Dirgantara 2, Halim Perdanakusuma"
3172756,DKI Jakarta,10669.7,16129,RS Ibu dan Anak SamMarie Basra,Rumah Sakit Khusus Ibu dan Anak,C,20,27,56,Perusahaan,Non BLU/BLUD,Kota Jakarta Timur,"Jl. Basuki Rachmat No. 31 Pondok Bambu, Kota Administrasi Jakarta Timur, Provinsi DKI Jakarta"
3172137,DKI Jakarta,10669.7,16129,RS Ibu dan Anak Sayyidah,Rumah Sakit Khusus Ibu dan Anak,C,40,26,49,SWASTA/LAINNYA,Non BLU/BLUD,Kota Jakarta Timur," Jl. Taman malaka Selatan No.6 Pondok Kelapa, Jaktim"
3172750,DKI Jakarta,10669.7,16129,RS Ibu dan Anak Resti Mulya,Rumah Sakit Khusus Ibu dan Anak,C,75,18,56,Perusahaan,Non BLU/BLUD,Kota Jakarta Timur,Jl. Pahlawan Komarudin no. 05 penggilingan - Cakung
3172765,DKI Jakarta,10669.7,16129,RS Ibu dan Anak AL-Fauzan,Rumah Sakit Khusus Ibu dan Anak,C,41,23,13,SWASTA/LAINNYA,Non BLU/BLUD,Kota Jakarta Timur,"RSIA Al Fauzan Jl. Pedati No. 3 Kel. Kampung Tengah, Kec. Kramat Jati, Kota Jakarta Timur, DKI Jakarta"
3172755,DKI Jakarta,10669.7,16129,RS Jantung Jakarta,Rumah Sakit Khusus Jantung,B,81,50,233,Perusahaan,Non BLU/BLUD,Kota Jakarta Timur,"Jl. Matraman Raya No. 23, RT 002 RW 001, Jakarta Timur, DKI Jakarta. 13140"
3172752,DKI Jakarta,10669.7,16129,RS Jantung Binawaluya,Rumah Sakit Khusus Jantung,C,21,42,82,Perusahaan,Non BLU/BLUD,Kota Jakarta Timur,"Jl. TB Simatupang No.71, RT.11/RW.5, Susukan, Kec. Ciracas"
3172746,DKI Jakarta,10669.7,16129,RS Khusus Daerah Duren Sawit,Rumah Sakit Khusus Jiwa,A,534,53,422,Pemprop,BLUD,Kota Jakarta Timur,Jl. Duren Sawit Baru Jakarta Timur
3172735,DKI Jakarta,10669.7,16129,RS Jiwa Islam Klender,Rumah Sakit Khusus Jiwa,C,37,19,11,Organisasi Islam ,Non BLU/BLUD,Kota Jakarta Timur,"Jl. Bunga Rampai X, Perumnas Klender , Malaka Jaya Kecamatan Duren Sawit Kota Administrasi Jakarta Timur, Provinsi DKI Jakarta"
3172749,DKI Jakarta,10669.7,16129,RS Pusat Otak Nasional Prof DR. dr. Mahar Mardjono,Rumah Sakit Khusus Otak,A,287,61,1673,Kemkes ,BLU,Kota Jakarta Timur,Jl. MT Haryono Kav. 11 Kel. Cawang Kec. Kramat Jati
3172013,DKI Jakarta,10669.7,16129,RSUP Persahabatan,Rumah Sakit Umum,A,514,131,2216,Kemkes ,BLU,Kota Jakarta Timur,"Jl. Persahabatan Raya No. 1, Jakarta Timur"
3172072,DKI Jakarta,10669.7,16129,RS Umum Bhayangkara Tk. I R.Said Sukanto,Rumah Sakit Umum,A,766,132,2696,POLRI,BLU,Kota Jakarta Timur,"Jl. Raya Bogor Kramat Jati,Jakarta Timur"
3172024,DKI Jakarta,10669.7,16129,RS Umum Daerah Budhi Asih,Rumah Sakit Umum,B,299,78,315,Pemprop,BLUD,Kota Jakarta Timur,"Jl. Dewi Sartika, Cawang III/ 200,Jakarta Timur"
3172724,DKI Jakarta,10669.7,16129,RS Umum Haji Jakarta,Rumah Sakit Umum,B,230,82,810,Perusahaan,BLU,Kota Jakarta Timur,Jl. Raya Pondok Gede no. 4
3172061,DKI Jakarta,10669.7,16129,RS Angkatan Udara dr. Esnawan Antariksa,Rumah Sakit Umum,B,203,122,725,TNI AU,BLU,Kota Jakarta Timur,"Jl. Merpati No. 2 Halim Perdana Kusuma, Jakarta"
3172505,DKI Jakarta,10669.7,16129,RS Islam Jakarta Pondok Kopi,Rumah Sakit Umum,B,202,115,446,Organisasi Islam ,Non BLU/BLUD,Kota Jakarta Timur,Jl. Raya Pondok Kopi Jakarta Timur
3172094,DKI Jakarta,10669.7,16129,RS Umum Universitas Kristen Indonesia,Rumah Sakit Umum,B,201,128,433,Organisasi Protestan,Non BLU/BLUD,Kota Jakarta Timur,"Jl. May.Jen Soetoyo No.2 Kel.Cawang,Kec. Kramat jati, Jakarta Timur"
3172126,DKI Jakarta,10669.7,16129,RS Umum Daerah Pasar Rebo,Rumah Sakit Umum,B,295,55,387,Pemprop,BLUD,Kota Jakarta Timur,Jl. TB Simatupang No.30
3172757,DKI Jakarta,10669.7,16129,RS Umum Adhyaksa,Rumah Sakit Umum,B,222,62,269,Kementerian Lain,BLU,Kota Jakarta Timur,Jl. Raya Hankam No. 60 Ceger Cipayung
3173084,DKI Jakarta,10669.7,16129,RS Tk. II M. Ridwan Meuraksa,Rumah Sakit Umum,B,251,34,435,TNI AD,BLU,Kota Jakarta Timur,Jl. Taman Mini I RT 004 / RW 02 Kel. Pinangranti Kec. Makasar
3172495,DKI Jakarta,10669.7,16129,RS EMC Pulomas,Rumah Sakit Umum,B,200,133,533,SWASTA/LAINNYA,Non BLU/BLUD,Kota Jakarta Timur,Jl. Pulomas Barat VI No. 20. 
3172206,DKI Jakarta,10669.7,16129,RS Umum Premier Jatinegara,Rumah Sakit Umum,B,214,81,860,SWASTA/LAINNYA,Non BLU/BLUD,Kota Jakarta Timur,"Jl. Jatinegara Timur No.85-87,Jaktim"
3172553,DKI Jakarta,10669.7,16129,RS Umum Harapan Bunda,Rumah Sakit Umum,B,200,106,107,SWASTA/LAINNYA,Non BLU/BLUD,Kota Jakarta Timur,Jl. Raya Bogor Km.22 No. 44 Jakarta Timur
3172243,DKI Jakarta,10669.7,16129,RS Umum Hermina Jatinegara,Rumah Sakit Umum,B,277,110,745,SWASTA/LAINNYA,Non BLU/BLUD,Kota Jakarta Timur,"Jl. Jatinegara Barat 126, Jakarta Timur "
3172050,DKI Jakarta,10669.7,16129,RS Pusdikkes,Rumah Sakit Umum,C,126,33,198,TNI AD,Non BLU/BLUD,Kota Jakarta Timur,"Jl. Raya Bogor Km. 20, Kramat Jati, Jakarta Timur"
3172761,DKI Jakarta,10669.7,16129,RS Umum Daerah Kramat Jati,Rumah Sakit Umum,C,86,21,194,Pemprop,BLUD,Kota Jakarta Timur,Jln. Raya Inpres No. 48 
3172520,DKI Jakarta,10669.7,16129,RS Umum Harum,Rumah Sakit Umum,C,100,31,125,Organisasi Sosial,Non BLU/BLUD,Kota Jakarta Timur,"Jl. Tarum Barat, Kalimalang "
3172516,DKI Jakarta,10669.7,16129,RS Umum Kartika Pulo Mas,Rumah Sakit Umum,C,140,53,272,Organisasi Sosial,Non BLU/BLUD,Kota Jakarta Timur,Jl. Pulo Mas Timur K No 2 Jakarta Timur
3172753,DKI Jakarta,10669.7,16129,RS Umum Antam Medika,Rumah Sakit Umum,C,110,91,349,SWASTA/LAINNYA,Non BLU/BLUD,Kota Jakarta Timur,"Jl. Pemuda Raya No. 1A, Kelurahan Jatinegara Kaum, Kecamatan Pulo Gadung, Kota Jakarta Timur, Provinsi DKI Jakarta"
3172769,DKI Jakarta,10669.7,16129,RS Umum  Dr. EUIS,Rumah Sakit Umum,C,95,25,31,Perusahaan,Non BLU/BLUD,Kota Jakarta Timur,Jl. H. Naman No.3 (TRANSITO) Kalimalang Kelurahan Pondok Kelapa Kecamatan Duren Sawit
3172083,DKI Jakarta,10669.7,16129,RS Tk. IV Cijantung,Rumah Sakit Umum,C,100,27,88,TNI AD,Non BLU/BLUD,Kota Jakarta Timur,Jl. Mahoni No. 1 Cijantung II Rt 005/004  Pasar Rebo Jakarta Timur
3172759,DKI Jakarta,10669.7,16129,RS Umum Restu Kasih,Rumah Sakit Umum,C,119,41,626,SWASTA/LAINNYA,Non BLU/BLUD,Kota Jakarta Timur,Jl. Raya Bogor KM 19 No. 3A Kramat Jati
3172590,DKI Jakarta,10669.7,16129,RS Umum Yadika,Rumah Sakit Umum,C,100,31,177,Organisasi Sosial,Non BLU/BLUD,Kota Jakarta Timur,Jl. Pahlawan Revolusi No.47 Pondok Bambu Jaktim
3172531,DKI Jakarta,10669.7,16129,RS Umum Harapan Jayakarta,Rumah Sakit Umum,C,100,21,221,Organisasi Sosial,Non BLU/BLUD,Kota Jakarta Timur,"Jl. Bekasi Timur Raya No.6 Km.18, Kel. Jatinegara, Kec. Cakung, Jaktim"
3172702,DKI Jakarta,10669.7,16129,RS Umum Dharma Nugraha,Rumah Sakit Umum,C,101,43,72,SWASTA/LAINNYA,Non BLU/BLUD,Kota Jakarta Timur,Jl. Balai Pustaka Baru 19 Rawamangun
3172748,DKI Jakarta,10669.7,16129,RS Umum Alia Hospital,Rumah Sakit Umum,C,100,40,326,Perusahaan,Non BLU/BLUD,Kota Jakarta Timur,Jl. Pahlawan Revolusi No. 100 Pondok Bamabu
3174523,DKI Jakarta,10669.7,16129,RS Umum Daerah Matraman,Rumah Sakit Umum,D,50,26,195,Pemprop,Non BLU/BLUD,Kota Jakarta Timur,Jl. Kebon kelapa raya no. 29 kel. Utan kayu selatan kec. Matraman
3172771,DKI Jakarta,10669.7,16129,RS Umum Daerah Cipayung,Rumah Sakit Umum,D,56,25,237,Pemprop,BLUD,Kota Jakarta Timur,"Jl. Mini III RT 004 RW 003 Kelurahan Bambu Apus, Kecamatan Cipayung Kota Jakarta Timur DKI Jakarta"
3172762,DKI Jakarta,10669.7,16129,RS Umum Daerah Ciracas,Rumah Sakit Umum,D,54,23,264,Pemprop,Non BLU/BLUD,Kota Jakarta Timur,"Jalan Lapangan Tembak Cibubur 1 , Kelurahan Cibubur, Kecamatan Ciracas, Kota Jakarta Timur, Provinsi DKI Jakarta"
3172766,DKI Jakarta,10669.7,16129,RS Umum Olahraga Nasional,Rumah Sakit Umum,D,50,26,130,Kementerian Lain,Non BLU/BLUD,Kota Jakarta Timur,Jl. Jambore Raya No. 1 Kelurahan Cibubur Kecamatan Ciracas 13720
3172035,DKI Jakarta,10669.7,16129,RS Umum Pengayoman Cipinang,Rumah Sakit Umum,D,154,26,144,Kementerian Lain,Non BLU/BLUD,Kota Jakarta Timur,"Jl. Raya Bekasi Timur 170 B, Jaktim"
3174509,DKI Jakarta,10669.7,16129,RS Ibu dan Anak St. Yusuf,Rumah Sakit Khusus Ibu dan Anak,C,41,14,129,Organisasi Katholik,Non BLU/BLUD,Kota Jakarta Utara,Jl. Ganggeng Raya No. 9 Kel. Sungai Bambu Tanjung Priok
3175409,DKI Jakarta,10669.7,16129,RS Khusus Ibu dan Anak Eka Grand Family,Rumah Sakit Khusus Ibu dan Anak,C,66,21,179,Perusahaan,Non BLU/BLUD,Kota Jakarta Utara,Jl. Pantai Indah Selatan I Komp. Elang Laut Boulevard Kav. I No. 1 Penjaringan Jakarta Utara
3175363,DKI Jakarta,10669.7,16129,RS Khusus Ibu dan Anak Eka Family,Rumah Sakit Khusus Ibu dan Anak,C,59,24,44,SWASTA/LAINNYA,Non BLU/BLUD,Kota Jakarta Utara,Jl. Pluit Mas I Blok A No 2A - 5A Pejagalan Penjaringan Jakarta Utara
3175064,DKI Jakarta,10669.7,16129,RS Penyakit Infeksi Prof. Dr. Sulianti Saroso,Rumah Sakit Khusus Infeksi,A,146,37,743,Kemkes ,BLU,Kota Jakarta Utara,"Jl. Sunter Permai Raya No. 2, Rt 02/Rw 12, Papanggo, Kec. Tanjung Priok, Jakarta Utara, DKI Jakarta"
3175417,DKI Jakarta,10669.7,16129,RS Mata JEC Primasana @Tanjung Priok,Rumah Sakit Khusus Mata,C,24,18,63,Perorangan,Non BLU/BLUD,Kota Jakarta Utara,Jl. Kebon Bawang Raya No. 01 RT. 13 RW. 01 Kelurahan Kebon Bawang Kecamatan Tanjungpriok 
3175031,DKI Jakarta,10669.7,16129,RS Umum Akademik Atma Jaya,Rumah Sakit Umum,B,202,48,259,Organisasi Katholik,Non BLU/BLUD,Kota Jakarta Utara,Jl. Pluit Raya Jakarta Utara No. 02
3175341,DKI Jakarta,10669.7,16129,RS Umum Pluit,Rumah Sakit Umum,B,206,61,719,SWASTA/LAINNYA,Non BLU/BLUD,Kota Jakarta Utara,Jl. Raya Pluit Selatan 2 Jakut
3175418,DKI Jakarta,10669.7,16129,RS Umum Tzu Chi Hospital,Rumah Sakit Umum,B,136,36,1,Organisasi Budha,Non BLU/BLUD,Kota Jakarta Utara,"Jl. Pantai Indah Kapuk Boulevard,  Kel. Kamal Muara,  Kec. Penjaringan"
3175016,DKI Jakarta,10669.7,16129,RS Umum Daerah Koja,Rumah Sakit Umum,B,818,85,1773,Pemprop,Non BLU/BLUD,Kota Jakarta Utara,"Jl. Deli No.4 Tanjung Priok,Jakut"
3175385,DKI Jakarta,10669.7,16129,RS Umum Mitra Keluarga Kelapa Gading,Rumah Sakit Umum,B,151,121,954,SWASTA/LAINNYA,Non BLU/BLUD,Kota Jakarta Utara,Jl. Bukit Gading Raya Kav.2
3175330,DKI Jakarta,10669.7,16129,RS Umum Royal Progress,Rumah Sakit Umum,B,200,121,553,Organisasi Sosial,Non BLU/BLUD,Kota Jakarta Utara,"Jl. Danau Sunter Utara, Sunter Paradise I"
3175352,DKI Jakarta,10669.7,16129,RS Umum Pantai Indah Kapuk,Rumah Sakit Umum,B,200,98,1158,SWASTA/LAINNYA,Non BLU/BLUD,Kota Jakarta Utara,"Jl. Pantai Indah Utara 3 Pantai Indah Kapuk, Kapuk Muara, Penjaringan "
3175407,DKI Jakarta,10669.7,16129,RS Umum Gading Pluit,Rumah Sakit Umum,B,194,109,428,SWASTA/LAINNYA,Non BLU/BLUD,Kota Jakarta Utara,"Jl. Boulevard Timur Raya Pegangsaan Dua,Kelapa Gading "
3175326,DKI Jakarta,10669.7,16129,RS Islam Jakarta Sukapura,Rumah Sakit Umum,C,188,66,669,Organisasi Sosial,Non BLU/BLUD,Kota Jakarta Utara,"Jl. Tipar Cakung No.5, Kelurahan Sukapura, Kecamatan Cilincing, Kota Jakarta Utara, Provinsi Daerah Khusus Ibukota Jakarta 14140"
3175408,DKI Jakarta,10669.7,16129,RS Umum Firdaus,Rumah Sakit Umum,C,137,35,176,Perusahaan,Non BLU/BLUD,Kota Jakarta Utara,Komp. Bea Cukai Jl. Siak J5/14
3175414,DKI Jakarta,10669.7,16129,RS Umum Daerah Cilincing,Rumah Sakit Umum,C,102,51,233,Pemprop,BLUD,Kota Jakarta Utara,"Jl. Madya Kebantenan Nomor 4, Semper Timur, Cilincing"
3175075,DKI Jakarta,10669.7,16129,RS Umum Mulyasari,Rumah Sakit Umum,C,116,52,142,SWASTA/LAINNYA,Non BLU/BLUD,Kota Jakarta Utara,"Jl. Raya Plumpung Semper No.19 RT.006/RW.015, Jakarta Utara "
3175411,DKI Jakarta,10669.7,16129,RS Umum Duta Indah,Rumah Sakit Umum,C,107,34,244,SWASTA/LAINNYA,Non BLU/BLUD,Kota Jakarta Utara,Jl. Teluk Gong Raya No. 12 Kel. Pejagalan Kec. Penjaringan
3175315,DKI Jakarta,10669.7,16129,RS Umum  Satya Negara,Rumah Sakit Umum,C,138,47,102,Organisasi Sosial,Non BLU/BLUD,Kota Jakarta Utara,Jl. Agung Utara Raya No. 1 Jakut
3175412,DKI Jakarta,10669.7,16129,RS Umum Daerah Tugu Koja,Rumah Sakit Umum,C,117,40,500,Pemprop,BLUD,Kota Jakarta Utara,"Jl. Walang Permai No 39, RT.008 RW.012, Kel. Tugu Utara, Kec. Koja, Kota Administrasi Jakarta Utara, DKI Jakarta"
3175042,DKI Jakarta,10669.7,16129,RS Umum  Pelabuhan Tanjung Priok,Rumah Sakit Umum,C,184,93,412,BUMN,Non BLU/BLUD,Kota Jakarta Utara,Jl. Kramat Jaya Tg Priok Jakut
3175181,DKI Jakarta,10669.7,16129,RS Umum Sukmul,Rumah Sakit Umum,C,105,46,168,SWASTA/LAINNYA,Non BLU/BLUD,Kota Jakarta Utara,Jl. Tawes No.18-20 Tanjung Priuk  Jakarta Utara 14310
3175410,DKI Jakarta,10669.7,16129,RS Umum Pekerja,Rumah Sakit Umum,C,172,48,107,SWASTA/LAINNYA,Non BLU/BLUD,Kota Jakarta Utara,Jl. Raya Cakung Cilincing RT 002 RW 001 Kel. Sukapura Kec. Cilincing - Jakarta Utara 
3175304,DKI Jakarta,10669.7,16129,RS Umum Hermina Podomoro,Rumah Sakit Umum,C,104,114,241,SWASTA/LAINNYA,Non BLU/BLUD,Kota Jakarta Utara,Jl. Danau Agung 2 Sunter Jakarta Utara
3175374,DKI Jakarta,10669.7,16129,RS Umum Puri Medika,Rumah Sakit Umum,C,104,69,142,SWASTA/LAINNYA,Non BLU/BLUD,Kota Jakarta Utara,Jl. Sungai Bambu No.5 Tanjung Priok
3175396,DKI Jakarta,10669.7,16129,RS Umum Port Medical Center,Rumah Sakit Umum,D,54,30,153,SWASTA/LAINNYA,Non BLU/BLUD,Kota Jakarta Utara,"Jl. Enggano No. 10 Tanjung Priok, Jakarta Utara"
3175416,DKI Jakarta,10669.7,16129,RS Umum Daerah  Tanjung Priok,Rumah Sakit Umum,D,57,22,95,Pemprop,BLUD,Kota Jakarta Utara,Jl. Bugis No. 03 Kel. Kebon Bawang Kec. Tanjung Priok
3175413,DKI Jakarta,10669.7,16129,RS Umum Daerah  Pademangan,Rumah Sakit Umum,D,50,42,137,Pemprop,BLUD,Kota Jakarta Utara,Jl. Budi Mulia Raya No.2 Pademangan Barat
7501043,Gorontalo,1256.4,104,RS Umum Daerah Tani dan Nelayan,Rumah Sakit Umum,C,147,34,468,Pemkab,BLUD,Boalemo,"Jln. Prof. Dr.Hi.Aloei Saboe, Desa Lamu, Kec.Tilamuta, Kab.Boalemo Provinsi Gorontalo"
7501044,Gorontalo,1256.4,104,RS Umum Daerah DR. Ir. Iwan Bokings Kab. Boalemo,Rumah Sakit Umum,D,50,26,111,Pemkab,BLUD,Boalemo,"Jl. Trans Sulawesi, Desa Tangkobu, Kecamatan Paguyaman, Kabupaten Boalemo, Provinsi Gorontalo"
7504032,Gorontalo,1256.4,104,RS Umum Daerah Toto Kabila,Rumah Sakit Umum,C,224,29,438,Pemkab,BLUD,Bone Bolango,"Jl. Kesehatan No.25,  Desa Permata, Kec. Tilongkabila,  Kab. Bone Bolango Provinsi Gorontalo 96554"
7504012,Gorontalo,1256.4,104,RS Umum Daerah Tombulilato,Rumah Sakit Umum,D,135,27,163,Pemkab,Non BLU/BLUD,Bone Bolango,Jln.Trans Sulawesi Pantai selatan Km. 70 Desa Inomata Kec.Bone Raya Kab.Bone Bolango.Gorontalo
7502033,Gorontalo,1256.4,104,RS Umum Daerah dr. M. Mohammad Dunda,Rumah Sakit Umum,B,246,82,932,Pemkab,Non BLU/BLUD,Gorontalo,Jl. Achmad A. Wahab (eks Ahmad Yani No. 53) Limboto Gorontalo
7502034,Gorontalo,1256.4,104,RS Umum Daerah dr. Hasri Ainun Habibie,Rumah Sakit Umum,C,110,85,398,Pemprop,BLUD,Gorontalo,"Jl. Ahmad A. Wahab, Kel. Dutulanaa, Kec. Limboto"
7502047,Gorontalo,1256.4,104,RS Bhayangkara Gorontalo,Rumah Sakit Umum,C,119,23,,POLRI,Non BLU/BLUD,Gorontalo,"Jl. Runi S. Kabli No.10 Kel.Hutuo Kec.Limboto Kab.Gorontalo, Provinsi Gorontalo"
7502035,Gorontalo,1256.4,104,RS Umum Daerah Boliyohuto,Rumah Sakit Umum,D,86,27,105,Pemkab,Non BLU/BLUD,Gorontalo,"Jl. Trans Sulawesi Kel/Desa Parungi Kec. Boliyohuto,Kabupaten Gorontalo.Provinsi Gorontalo"
7502049,Gorontalo,1256.4,104,Rumkit Tk.IV dr. Eddy Kounang Gorontalo,Rumah Sakit Umum,D,51,17,,TNI AD,Non BLU/BLUD,Gorontalo,"Jl. Batu Doa Desa Tabongo Barat, Kec. Tabongo, Kab. Gorontalo"
7505002,Gorontalo,1256.4,104,RS Umum Daerah dr. Zainal Umar Sidiki,Rumah Sakit Umum,C,121,26,272,Pemkab,BLUD,Gorontalo Utara," Jl. Cimelati Desa Bulalo Kecamatan Kwandang, Kabupaten Gorontalo Utara, Provinsi Gorontalo"
7505013,Gorontalo,1256.4,104,RS Umum Daerah Tolinggula Melayani,Rumah Sakit Umum,D PRATAMA,40,6,,Pemkab,Non BLU/BLUD,Gorontalo Utara,Jl. Trans Sulawesi Desa Tolinggula Pantai
7571022,Gorontalo,1256.4,104,RS Ibu dan Anak Siti Khadidjah,Rumah Sakit Khusus Ibu dan Anak,C,77,13,52,Organisasi Islam ,BLU,Kota Gorontalo,"Jl. Nani Wartabone No. 101, Kel. Heledulaa Selatan, Kec. Kota Timur, Kota Gorontalo, Provinsi Gorontalo"
7571010,Gorontalo,1256.4,104,RS Umum Daerah Prof Dr. H. Aloei Saboe,Rumah Sakit Umum,B,350,65,1009,Pemkot,BLUD,Kota Gorontalo,"Jl. Prof. Dr. H. Aloei Saboe, Kel. Wongkaditi, Kec. Kota Utara, Kota Gorontalo Provinsi Gorontalo"
7502032,Gorontalo,1256.4,104,RS Umum Daerah Otanaha ,Rumah Sakit Umum,C,124,25,418,Pemkot,BLUD,Kota Gorontalo,  Jl. Rambutan No. 413 Kel. Buladu Kec. Kota Barat Kota Gorontalo Provinsi Gorontalo
7571023,Gorontalo,1256.4,104,RS Multazam,Rumah Sakit Umum,C,124,30,185,SWASTA/LAINNYA,Non BLU/BLUD,Kota Gorontalo,"Jl. Gelatik No. 158 Kel. Heledulaa Utara, Kec. Kota Timur, Kota Gorontalo, Provinsi Gorontalo"
7502021,Gorontalo,1256.4,104,RS Islam,Rumah Sakit Umum,D,62,17,72,Organisasi Sosial,Non BLU/BLUD,Kota Gorontalo," Jl. Prof. HB. Jassin No.457, Gorontalo"
7571021,Gorontalo,1256.4,104,RS Bunda,Rumah Sakit Umum,D,106,20,208,Perusahaan,Non BLU/BLUD,Kota Gorontalo,"Jl. H.B. Jassin No. 269, Kel. Wumialo, Kec. Kota Tengah, Provinsi Gorontalo. "
7503045,Gorontalo,1256.4,104,RS Umum Daerah Bumi Panua,Rumah Sakit Umum,C,178,28,560,Pemkab,BLUD,Pohuwato,"Jl. dr. Herizal Umar Desa Botubilotahu Kecamatan Marisa, Kabupaten Pohuwato, Provinsi Gorontalo"
7503056,Gorontalo,1256.4,104,RS Pratama Kab. Pohuwatu,Rumah Sakit Umum,D PRATAMA,50,3,,Pemkab,Non BLU/BLUD,Pohuwato,Desa Lomuli Kecamatan Lemito
1504018,Jambi,3811.7,78,RS Mitra Medika Batang Hari,Rumah Sakit Umum,C,116,23,174,SWASTA/LAINNYA,Non BLU/BLUD,Batang Hari,Jl. Gajah Mada Kel. Teratai Kec. Muara Bulian
1504015,Jambi,3811.7,78,RS Umum Daerah Haji Abdoel Madjid Batoe,Rumah Sakit Umum,C,160,42,437,Pemkab,BLUD,Batang Hari,"Jl. Prof. Dr. Sri Soedewi, SH Muara Bulian"
1509029,Jambi,3811.7,78,RS Ibu dan Anak Moelia,Rumah Sakit Khusus Ibu dan Anak,C,47,27,18,Perorangan,Non BLU/BLUD,Bungo,Jl. Diponegoro RT. 13 RW. 04 Pasir Putih Muara Bungo
1509013,Jambi,3811.7,78,RS Umum Daerah H. Hanafie,Rumah Sakit Umum,B,220,95,817,Pemkab,BLUD,Bungo,Jl. Teuku Umar 88  Muara Bungo
1509043,Jambi,3811.7,78,RS Kuamang Kuning,Rumah Sakit Umum,Belum Ditetapkan,14,8,,Pemkab,Non BLU/BLUD,Bungo,Jl. Asahan Desa Purwasari Kecamatan Pelepat Ilir
1509028,Jambi,3811.7,78,RS Umum Permata Hati,Rumah Sakit Umum,C,116,32,144,Perusahaan,Non BLU/BLUD,Bungo,"Jl.Lebai Hasan, Rt 06/02, Sungai Pinang, Muara Bungo"
1509042,Jambi,3811.7,78,RS Umum Daerah Rantau Ikil,Rumah Sakit Umum,D,20,8,,Pemkab,Non BLU/BLUD,Bungo,Desa Rantau Ikil Kec. Jujuhan Kab. Bungo
1509031,Jambi,3811.7,78,RS Jabal Rahmah Medika,Rumah Sakit Umum,D,90,22,71,SWASTA/LAINNYA,Non BLU/BLUD,Bungo,Jl. RM Thaher RT. 015 RW. 005 Kel. Cadika Kec. Rimbo Tengah
1571161,Jambi,3811.7,78,RS Ibu dan Anak Annisa,Rumah Sakit Khusus Ibu dan Anak,C,73,26,117,Perusahaan,Non BLU/BLUD,Kota Jambi,Jl. Kabia No.4 RT. 01 Kebun Handil
1571136,Jambi,3811.7,78,RS Jiwa Daerah Provinsi Jambi,Rumah Sakit Khusus Jiwa,B,240,28,399,Pemprop,BLUD,Kota Jambi,"Jl. Dr. Purwadi KM 9,5 Kelurahan Aur Kenali Kecamatan Telanaipura Jambi 36129"
1571147,Jambi,3811.7,78,RS Siloam Jambi,Rumah Sakit Umum,B,108,80,363,SWASTA/LAINNYA,Non BLU/BLUD,Kota Jambi,"Jl. Soekarno - Hatta Paal Merah,Jambi"
1571012,Jambi,3811.7,78,RS Umum Daerah Raden Mattaher Jambi,Rumah Sakit Umum,B,393,44,584,Pemprop,BLUD,Kota Jambi,Jl. Letjen Suprapto no. 31 Telanaipura Jambi
1571180,Jambi,3811.7,78,RS Rapha Theresia,Rumah Sakit Umum,C,100,28,,SWASTA/LAINNYA,Non BLU/BLUD,Kota Jambi,"Jl. Kardinal J Darmojuwono (Jl. Lingkar Selatan), Kel. Kenali Asam Bawah, Kec. Kota Baru"
1571045,Jambi,3811.7,78,RS Umum Santa Theresia,Rumah Sakit Umum,C,100,39,462,SWASTA/LAINNYA,Non BLU/BLUD,Kota Jambi,Jl. Dr. Sutomo No.19 Jambi
1504017,Jambi,3811.7,78,RS Royal Prima,Rumah Sakit Umum,C,154,85,170,Perorangan,Non BLU/BLUD,Kota Jambi,Jl. Raden Wijaya RT 35 Kebon Kopi Kec Jambi Selatan
1571034,Jambi,3811.7,78,RS Bhayangkara Jambi,Rumah Sakit Umum,C,199,40,498,POLRI,Non BLU/BLUD,Kota Jambi,Jl. Raden Mathaher No.03 Jambi
1571158,Jambi,3811.7,78,RS Umum Daerah H. Abdul Manap,Rumah Sakit Umum,C,180,72,652,Pemkot,BLUD,Kota Jambi,Jl. SK. Rd. Syahbuddin Kel. Mayang Mangurai Kec. Alam Barajo Kota Jambi Provinsi Jambi
1571162,Jambi,3811.7,78,RS Umum Kambang,Rumah Sakit Umum,C,106,59,201,Perusahaan,Non BLU/BLUD,Kota Jambi,Jl. Kol. Amir Hamzah No. 53 Kel. Selamat Kec. Danau Sipin 
1571159,Jambi,3811.7,78,RS Islam Arafah,Rumah Sakit Umum,C,108,26,423,Perusahaan,Non BLU/BLUD,Kota Jambi,Jl. Mpu Gandring No.1 Kebun Jeruk
1571163,Jambi,3811.7,78,RS Umum Baiturahim Jambi,Rumah Sakit Umum,C,100,47,239,SWASTA/LAINNYA,Non BLU/BLUD,Kota Jambi,"Jl. Prof. M. Yamin SH, No. 30 Kel. Lebak Bandung"
1571168,Jambi,3811.7,78,RS Mitra,Rumah Sakit Umum,C,100,35,155,SWASTA/LAINNYA,Non BLU/BLUD,Kota Jambi,"Jl. Jenderal Basuki Rahmat No 77 Rt 07, Paal Lima, Kota Baru, Jambi"
1571023,Jambi,3811.7,78,RS Tk. III 02.06.01  dr. Bratanata,Rumah Sakit Umum,C,194,47,571,TNI AD,BLU,Kota Jambi,"Jl. Raden Mattaher No. 33,Jambi"
1571164,Jambi,3811.7,78,RS Umum Rimbo Medika,Rumah Sakit Umum,D,36,17,22,Organisasi Sosial,Non BLU/BLUD,Kota Jambi,"Jalan, Kapten  Pattimura RT. 02 No. 58 kelurahan kenali besar,kecamatan Alam Barajo Kota Jambi Provinsi Jambi"
1571169,Jambi,3811.7,78,RS Umum Daerah H. Abdurrahman Sayoeti,Rumah Sakit Umum,D,50,25,68,Pemkot,Non BLU/BLUD,Kota Jambi,"JL. K.H Hasan Anang No. 33 RT. 08 Kel. Olak Kemang Kec. Danau Teluk, Kota Jambi, Provinsi Jambi"
1571165,Jambi,3811.7,78,RS Umum Erni Medika,Rumah Sakit Umum,D,55,19,78,SWASTA/LAINNYA,Non BLU/BLUD,Kota Jambi,Jl. Berlin RT 12 No.21 Kel. Talang Bakung
1501012,Jambi,3811.7,78,RS Umum Daerah Mayjen H. A. Thalib,Rumah Sakit Umum,C,145,21,278,Pemkot,BLUD,Kota Sungai penuh,"Jl. Jenderal Basuki Rahmat, Desa Koto Renah, Kecamatan Pesisir Bukit, Kota Sungai Penuh, Provinsi Jambi"
1572003,Jambi,3811.7,78,RS Umum Melati,Rumah Sakit Umum,D,53,12,2,Perusahaan,Non BLU/BLUD,Kota Sungai penuh,Jln. Jendral A. Yani No. 36 ( Rumah Sakit Melati) Sungai Penuh
1502015,Jambi,3811.7,78,RS Raudhah,Rumah Sakit Umum,C,100,26,106,SWASTA/LAINNYA,Non BLU/BLUD,Merangin,Jl Lintas Sumatera Km 1 Bukit Aur Bangko Jambi
1502014,Jambi,3811.7,78,RS Umum Daerah Kolonel Abundjani/Bangko,Rumah Sakit Umum,C,141,32,595,Pemkab,BLUD,Merangin,Jln. Kesehatan No. 20 Kelurahan Pematang Kandis Kecamatan Bangko Kabupaten Merangin Provinsi Jambi
1502019,Jambi,3811.7,78,RS Merangin Medical Centre,Rumah Sakit Umum,D,72,28,35,SWASTA/LAINNYA,BLU,Merangin,Jl. Lintas Sumatera KM. 03 Lingkungan Mensawang Kelurahan Dusun Bangko Kecamatan Bangko Kabupaten Merangin Kode Pos 37313
1502018,Jambi,3811.7,78,RS Andimas,Rumah Sakit Umum,D,62,21,12,SWASTA/LAINNYA,Non BLU/BLUD,Merangin,Jl. Sapta Marga RT. 021 RW. 003 Kel. Pematang Kandis Kec. Bangko
1505016,Jambi,3811.7,78,RS Umum Daerah Ahmad Ripin,Rumah Sakit Umum,C,114,29,238,Pemkab,BLUD,Muaro Jambi,Jln. Lintas Timur Komp. Perkantoran Bukit Cinto Kenang. Kelurahan  Sengeti. Kecamatan  Sekernan. Kabupaten Muaro Jambi. Provinsi Jambi
1505027,Jambi,3811.7,78,RS Umum Daerah Sungai Bahar,Rumah Sakit Umum,D,51,15,152,Pemkab,BLUD,Muaro Jambi,"Jl. Soekarno Hatta, Desa Suka Makmur, Kecamatan Sungai Bahar, Kabupaten Muaro Jambi, Provinsi Jambi"
1505028,Jambi,3811.7,78,RS Umum Daerah Sungai Gelam,Rumah Sakit Umum,D,54,25,150,Pemkab,BLUD,Muaro Jambi,Jl. Ketaling KM. 21
1503036,Jambi,3811.7,78,RS Umum Daerah Prof. Dr. H.  Chatib Quzwain,Rumah Sakit Umum,C,137,27,392,Pemkab,BLUD,Sarolangun,"Jl. Lintas Sumatera Km.09 Desa Bukit, Sarolangun"
1503039,Jambi,3811.7,78,RS Langit Golden Medika,Rumah Sakit Umum,C,101,24,205,SWASTA/LAINNYA,Non BLU/BLUD,Sarolangun,Jl. Lintas Sumatera KM. 02 Simpang MAN Aur Gading Sarolangun
1507010,Jambi,3811.7,78,RS Umum Daerah KH. Daud Arif,Rumah Sakit Umum,C,134,28,455,Pemkab,BLUD,Tanjung Jabung Barat,"Jl. Syarif Hidayatullah, No. 14 Kuala Tungkal"
1507013,Jambi,3811.7,78,RS Umum Daerah Suryah Khairuddin,Rumah Sakit Umum,D,58,17,181,Pemkab,BLUD,Tanjung Jabung Barat,"Jl. Lintas Timur  Kec. Merlung, Kab. Tanjung Jabung Barat"
1506011,Jambi,3811.7,78,RS Umum Daerah Nurdin Hamzah,Rumah Sakit Umum,C,103,31,225,Pemkab,BLUD,Tanjung Jabung Timur,Jl. WR. Supratman Kel. Parit Culum I Kec. Muara Sabak Barat Kab. Tanjung Jabung Timur Provinsi Jambi
1506022,Jambi,3811.7,78,RS Umum Daerah Rantau Rasau,Rumah Sakit Umum,D PRATAMA,,1,,Pemkab,Non BLU/BLUD,Tanjung Jabung Timur,Jl. Lintas Rantau Rasau SK 28 Desa Rantu Jaya Kode Pos 36771
1508013,Jambi,3811.7,78,RS Umum Daerah Sultan Thaha Saifuddin,Rumah Sakit Umum,C,130,67,157,Pemkab,BLUD,Tebo,Jl. Sultan Thaha Saifuddin KM. 04 Muara Tebo
1508002,Jambi,3811.7,78,RS Umum Setia Budi,Rumah Sakit Umum,D,51,8,21,Perusahaan,Non BLU/BLUD,Tebo,Jl. Pahlawan RT. 001 RW. 005 Kelurahan Wirotho Agung Kecamatan Rimbo Bujang Kabupaten Tebo Provinsi Jambi Kode Pos 37553
3204090,Jawa Barat,51163.9,1381,RS Umum Daerah Oto Iskandar Di Nata,Rumah Sakit Umum,B,259,37,528,Pemkab,BLUD,Bandung,"Jl. Raya Gading Tutuka, Kp. Cingcin Kolot, RT 01 RW 17, Desa Cingcin, Kec. Soreang, Kab. Bandung, Provinsi Jawa Barat"
3204016,Jawa Barat,51163.9,1381,RS Umum Daerah Majalaya,Rumah Sakit Umum,B,383,113,690,Pemkab,BLUD,Bandung,Jl. Raya Cipaku No.87 Majalaya Kabupaten Bandung
3204086,Jawa Barat,51163.9,1381,RS Umum Daerah Al Ihsan Provinsi Jawa Barat,Rumah Sakit Umum,B,617,133,997,Pemprop,BLUD,Bandung,  Jl. Ki Astramanggala Bale Endah Kab. Bandung
3204165,Jawa Barat,51163.9,1381,RS Hermina Soreang,Rumah Sakit Umum,C,147,54,,SWASTA/LAINNYA,Non BLU/BLUD,Bandung,"Jl. Terusan Al Fathu No.9A, Sarilamping, Soreang, Kec. Soreang, Kabupaten Bandung, Jawa Barat 40911"
3273517,Jawa Barat,51163.9,1381,RS AMC ,Rumah Sakit Umum,C,166,46,846,Perusahaan,Non BLU/BLUD,Bandung,"Jl. Raya Cileunyi No.1, Cileunyi Wetan, Cileunyi, Bandung, Jawa Barat 40622"
3204101,Jawa Barat,51163.9,1381,RS Umum Daerah Cicalengka,Rumah Sakit Umum,C,136,32,332,Pemkab,BLUD,Bandung,"  Jl. H. Darham No.35 - Cikopo, Cicalengka Kab. Bandung "
3204168,Jawa Barat,51163.9,1381,RS Oetomo,Rumah Sakit Umum,C,120,42,,SWASTA/LAINNYA,Non BLU/BLUD,Bandung,Jl. Raya Bojongsoang No. 156 RT. 003 RW. 002 Desa Lengkong Kec. Bojongsoang
3204133,Jawa Barat,51163.9,1381,RS Unggul Karsa Medika,Rumah Sakit Umum,C,109,57,181,Perusahaan,Non BLU/BLUD,Bandung,"Jl. Taman Kopo Indah III Blok H No. 1, Desa MekarRahayu, Kecamatan MargaAsih, Kabupaten Bandung"
3204169,Jawa Barat,51163.9,1381,RS Muhammadiyah Bandung Selatan,Rumah Sakit Umum,D,64,31,,Organisasi Islam ,Non BLU/BLUD,Bandung,Jl. Raya laswi RT. 02 RW. 12 Desa Ciheulang Kec. Ciparay
3204172,Jawa Barat,51163.9,1381,RS Umum Daerah Bedas Tegalluar,Rumah Sakit Umum,D,54,26,,Pemkab,Non BLU/BLUD,Bandung,Jl. Rancawangi Desa Tegalluar Kec. Bojongsoang
3204170,Jawa Barat,51163.9,1381,RS Umum Daerah Bedas Cimaung,Rumah Sakit Umum,D,57,20,,Pemkab,Non BLU/BLUD,Bandung,"Jl. Raya Pengalengan Desa Cikalong, Kec. Cimaung 40374 Kab. Bandung"
3273442,Jawa Barat,51163.9,1381,RS Umum Bina Sehat ,Rumah Sakit Umum,D,51,48,236,SWASTA/LAINNYA,Non BLU/BLUD,Bandung,"Jl. Raya Dayeuhkolot No.325, Desa Citeureup, Kec. Dayeuhkolot, Kab. Bandung"
3204134,Jawa Barat,51163.9,1381,RS Umum Daerah Kesehatan Kerja,Rumah Sakit Umum,D,63,27,133,Pemprop,BLUD,Bandung,Jl. Raya Rancaekek KM. 27 NO. 612 Desa Nanjungmekar Kec. Rancaekek
3204135,Jawa Barat,51163.9,1381,RS Umum Karya Pangalengan Bhakti Sehat,Rumah Sakit Umum,D,69,13,57,SWASTA/LAINNYA,Non BLU/BLUD,Bandung,"Jl. Raya Pangalengan No. 340 , Pangalengan Kab. Bandung Jawa Barat"
3204171,Jawa Barat,51163.9,1381,RS Umum Daerah Bedas Kertasari,Rumah Sakit Umum,D,54,18,,Pemkab,Non BLU/BLUD,Bandung,"Jl. Raya Kertasari-Pacet, Desa Sukapura, Kecamatan Kertasari 40386 Kab. Bandung"
3204173,Jawa Barat,51163.9,1381,RS Umum Daerah Bedas Arjasari,Rumah Sakit Umum,D,53,25,,Pemkab,Non BLU/BLUD,Bandung,Jl. Raya Banjaran Barat No. 596 Desa Batukarut Kec. Arjasari
3204154,Jawa Barat,51163.9,1381,RS Umum TNI AU Lanud Sulaiman,Rumah Sakit Umum,D,52,25,136,TNI AU,Non BLU/BLUD,Bandung,"JL. Terusan Kopo KM. 10 NO. 457, Kelurahan Sulaiman, Kecamatan Margahayu, Kabupaten Bandung"
3217009,Jawa Barat,51163.9,1381,RS Ibu dan Anak Graha Medika Padalarang,Rumah Sakit Khusus Ibu dan Anak,C,41,14,1,Perusahaan,Non BLU/BLUD,Bandung Barat,Jl. Raya Padalarang Ruko Padalarang Point No. 527 
3217134,Jawa Barat,51163.9,1381,RS Ibu dan Anak Anugrah ALZ,Rumah Sakit Khusus Ibu dan Anak,C,31,22,,Perusahaan,Non BLU/BLUD,Bandung Barat,"Kp. Pasirnangka RT. 002/015, Desa Batulayang, Kec. Cililin"
3217133,Jawa Barat,51163.9,1381,RS Ibu dan Anak Buah Hati,Rumah Sakit Khusus Ibu dan Anak,C,45,26,,SWASTA/LAINNYA,Non BLU/BLUD,Bandung Barat,Jl. Grand Hotel No. 66  RT. 005 RW. 006 Desa Lembang Kec. Lembang Kab. Bandung Barat
3217008,Jawa Barat,51163.9,1381,RS Ibu dan Anak Kartini,Rumah Sakit Khusus Ibu dan Anak,C,74,23,56,SWASTA/LAINNYA,Non BLU/BLUD,Bandung Barat,Jl. Letkol GA Manulang No. 46 Padalarang Bandung Barat
3217132,Jawa Barat,51163.9,1381,RS Ibu dan Anak Parahyangan,Rumah Sakit Khusus Ibu dan Anak,C,31,28,,SWASTA/LAINNYA,Non BLU/BLUD,Bandung Barat,"Jl. Parahyangan Raya No.Kav. 11, Kota Baru, Kec. Padalarang, Kab. Bandung Barat"
3217042,Jawa Barat,51163.9,1381,RS Jiwa Provinsi Jawa Barat,Rumah Sakit Khusus Jiwa,A,284,34,439,Pemprop,BLUD,Bandung Barat,Jl. Kolonel Masturi KM 7 Cisarua - Bandung Barat
3217121,Jawa Barat,51163.9,1381,RS Umum Cahya Kawaluyan,Rumah Sakit Umum,C,169,40,426,Organisasi Katholik,Non BLU/BLUD,Bandung Barat,Jl. Parahyangan KM. 3 - Kota Baru Parahyangan Kec. Padalarang KBB
3217007,Jawa Barat,51163.9,1381,RS Umum Daerah Cikalongwetan,Rumah Sakit Umum,C,101,27,253,Pemkab,BLUD,Bandung Barat,"Jl. Raya Padalarang-Purwakarta No. 290 Km. 11, Desa/Kelurahan Ciptagumati, Kec. Cikalongwetan, Kab. Bandung Barat, Provinsi Jawa Barat"
3217002,Jawa Barat,51163.9,1381,RS Umum Daerah Cililin,Rumah Sakit Umum,C,142,31,418,Pemkab,BLUD,Bandung Barat,Jl. Cililin Kp. Cinta Karya Desa Cililin Kecamatan Cililin Kabupaten Bandung Barat Provinsi Jawa Barat 40562
3217004,Jawa Barat,51163.9,1381,RS Umum Daerah Lembang,Rumah Sakit Umum,C,99,31,223,Pemkab,BLUD,Bandung Barat,"Jl. Raya Lembang KM.11,4 No.11 Desa Gudang Kahuripan Kec. Lembang, Kabupaten Bandung Barat, Provinsi Jawa Barat"
3217005,Jawa Barat,51163.9,1381,RS Karisma Cimareme,Rumah Sakit Umum,C,112,46,132,Perusahaan,Non BLU/BLUD,Bandung Barat,Jl. Raya Cimareme No. 235 RT. 03 RW. 01 Kec.Ngamprah
3216424,Jawa Barat,51163.9,1381,RS Ibu dan Anak Gizar,Rumah Sakit Khusus Ibu dan Anak,C,39,19,9,Perusahaan,Non BLU/BLUD,Bekasi,"Jl. Villa Mutiara Cikarang 1, Ruko Pasadena Blok RA No 3, 5 & 6 Ciantra Kec. Cikarang Selatan Kab. Bekasi Provinsi Jawa Barat"
3216432,Jawa Barat,51163.9,1381,RS Ibu dan Anak Viola,Rumah Sakit Khusus Ibu dan Anak,C,45,23,13,Perorangan,Non BLU/BLUD,Bekasi,Jl. Pondok Ungu Permai Sektor V A1 No 22-26
3216447,Jawa Barat,51163.9,1381,RS Ibu dan Anak Nurul Annisa,Rumah Sakit Khusus Ibu dan Anak,D,17,4,,SWASTA/LAINNYA,Non BLU/BLUD,Bekasi,Jl. Raya Cibarusah Rt 004/003 Desa Sukaresmi  Kec. Cikarang Selatan
3216450,Jawa Barat,51163.9,1381,RS Eka Bekasi,Rumah Sakit Umum,B,149,94,235,SWASTA/LAINNYA,Non BLU/BLUD,Bekasi,Kota Harapan Indah Blok i2-9 No. 9
3216393,Jawa Barat,51163.9,1381,RS Umum Mitra Keluarga Cikarang,Rumah Sakit Umum,B,200,76,344,Perusahaan,Non BLU/BLUD,Bekasi,"Jl. Industri Raya 100, Lemah Abang"
3216436,Jawa Barat,51163.9,1381,RS EMC Cikarang,Rumah Sakit Umum,B,200,93,281,Perusahaan,Non BLU/BLUD,Bekasi,"Komplek Oasis Kav. 1, Jl. Raya Cikarang Cibarusah, Kelurahan Sukaresmi, Kecamatan Cikarang Selatan."
3216152,Jawa Barat,51163.9,1381,Siloam Hospitals Lippo Cikarang,Rumah Sakit Umum,B,216,67,400,SWASTA/LAINNYA,Non BLU/BLUD,Bekasi,Jl. MH Thamrin Kav.105 Bekasi
3216318,Jawa Barat,51163.9,1381,RS Umum Hermina Grand Wisata,Rumah Sakit Umum,B,250,102,592,SWASTA/LAINNYA,Non BLU/BLUD,Bekasi,Jl. Festival Boulevard Blok J AI No.1 Desa Lambang Sari Kec.Tambun Selatan Kab.Bekasi
3216252,Jawa Barat,51163.9,1381,RS Umum Daerah Kab.Bekasi,Rumah Sakit Umum,B,256,118,861,Pemkab,BLUD,Bekasi," Jl. Teuku Umar Cibitung,Bekasi"
3216163,Jawa Barat,51163.9,1381,RS Umum Sentra Medika,Rumah Sakit Umum,B,200,87,588,Organisasi Sosial,Non BLU/BLUD,Bekasi,Jl. Raya Industri Pasirgombong Cikarang 
3216449,Jawa Barat,51163.9,1381,RS Ananda Babelan,Rumah Sakit Umum,C,292,43,41,SWASTA/LAINNYA,Non BLU/BLUD,Bekasi,Jl. Raya Babelan KM. 9.6 RT/RW 002/001 Kelurahan Kebalen Kecamatan Babelan
3216399,Jawa Barat,51163.9,1381,RS DKH Cikarang Barat,Rumah Sakit Umum,C,104,26,37,SWASTA/LAINNYA,Non BLU/BLUD,Bekasi,"Jl. Raya Jatiwangi Ds. Cikedokan  001/001 Cikarang Barat, Kab. Bekasi Jawa Barat"
3216387,Jawa Barat,51163.9,1381,RS Umum Dokter Adam Talib,Rumah Sakit Umum,C,112,30,16,Perusahaan,Non BLU/BLUD,Bekasi,JL. TEUKU UMAR NO. 25 CIKARANG BARAT
3216463,Jawa Barat,51163.9,1381,RS Permata Bunda,Rumah Sakit Umum,C,107,16,,Perusahaan,Non BLU/BLUD,Bekasi,Blok C1 Jl. Gramapuri I No.8-10 Wanasari Cibitung Bekasi Regency 17520
3216340,Jawa Barat,51163.9,1381,RS Umum Medirossa Cikarang,Rumah Sakit Umum,C,109,28,222,Organisasi Sosial,Non BLU/BLUD,Bekasi," Jl. Industri Tegal Gede No.09, Cikarang Selatan Bekasi"
3216464,Jawa Barat,51163.9,1381,RS Mitra Keluarga Deltamas,Rumah Sakit Umum,C,98,29,,SWASTA/LAINNYA,Non BLU/BLUD,Bekasi,"Jl. Deltamas Boulevard, Ds. Hegarmukti, Kecamatan Cikarang Pusat, Kabupaten Bekasi"
3216414,Jawa Barat,51163.9,1381,RS Umum Amanda,Rumah Sakit Umum,C,102,28,164,Perusahaan,Non BLU/BLUD,Bekasi,Jl. Raya Industri No. 36 Cikarang Utara
3275054,Jawa Barat,51163.9,1381,RS DKH Kedungwaringin,Rumah Sakit Umum,C,100,30,58,SWASTA/LAINNYA,Non BLU/BLUD,Bekasi,"Jl. Raya Karawang - Bekasi km.30 Ds. Bojongsari, Kec. Kedungwaringin, Kab.Bekasi, Prov.Jawa Barat"
3216417,Jawa Barat,51163.9,1381,RS Umum Tiara,Rumah Sakit Umum,C,201,34,63,Perusahaan,Non BLU/BLUD,Bekasi,Jl. Raya Babelan No. 73 Desa Kebalen Kec. Babelan Kab. Bekasi
3216415,Jawa Barat,51163.9,1381,RS Umum Ridhoka Salma,Rumah Sakit Umum,C,100,32,130,SWASTA/LAINNYA,Non BLU/BLUD,Bekasi,Jl. Raya Imam Bonjol No 7 Cikarang Barat
3216185,Jawa Barat,51163.9,1381,RS Umum Hosana Medica,Rumah Sakit Umum,C,104,29,84,SWASTA/LAINNYA,Non BLU/BLUD,Bekasi,"Jl. BIIE Utama no. 1, Lippo Cikarang, Kelurahan Cibatu, Kecamatan Cikarang Selatan, Kabupaten Bekasi Jawa Barat"
3216351,Jawa Barat,51163.9,1381,RS Umum Kartika Husada,Rumah Sakit Umum,C,102,28,148,SWASTA/LAINNYA,Non BLU/BLUD,Bekasi,"Jl. Raya Mangunjaya No.07 Kp.Rukem,Tambun - Bekasi"
3216072,Jawa Barat,51163.9,1381,RS Umum Bhakti Husada,Rumah Sakit Umum,C,120,33,228,Organisasi Sosial,Non BLU/BLUD,Bekasi,Jl. R. E. Martadinata (By Pass) Cikarang - Bekasi
3216441,Jawa Barat,51163.9,1381,RS Umum Permata Keluarga Jababeka,Rumah Sakit Umum,C,131,31,333,SWASTA/LAINNYA,Non BLU/BLUD,Bekasi,Jl. DR. Cipto Mangunkusumo Blok A Nomor  1 A Medical City Kota Jababeka 
3216374,Jawa Barat,51163.9,1381,RS Ananda Tambun Selatan,Rumah Sakit Umum,C,175,28,11,Perusahaan,Non BLU/BLUD,Bekasi,JL. Raya Perum Jatimulya No. 1 RT/RW 008/007 Kel. Jatimulya Kec. Tambun Selatan Kab. Bekasi Prov. Jawa Barat 
3216420,Jawa Barat,51163.9,1381,RS Umum Medirossa 2,Rumah Sakit Umum,C,116,53,185,Perusahaan,Non BLU/BLUD,Bekasi,JL Raya Serang Cibarusah No.5 Desa Sindangmulya Kecamatan Cibarusah Kab. Bekasi - 17340
3216444,Jawa Barat,51163.9,1381,RS Cenka,Rumah Sakit Umum,C,101,28,103,Perorangan,Non BLU/BLUD,Bekasi,"Jl.Pilar-Sukatani Desa Sukaraya Warung Pojok RT. 05 RW. 06 Kec. Karangbahagia, Kab. Bekasi, Jawa Barat 17530"
3216386,Jawa Barat,51163.9,1381,RS Amanda Cikarang Selatan,Rumah Sakit Umum,C,135,32,211,Perusahaan,Non BLU/BLUD,Bekasi,Jln. Raya Serang No. 83 Desa Serang Kecamatan Cikarang Selatan Kabupaten Bekasi
3216426,Jawa Barat,51163.9,1381,RS DKH Sukatani,Rumah Sakit Umum,C,110,24,42,Perusahaan,Non BLU/BLUD,Bekasi,"Jl Raya Pilar Sukatani No 9 Desa Karangsentosa, kec. Karang Bahagia, Kab. Bekasi, Jawa Barat"
3216465,Jawa Barat,51163.9,1381,RS Mitra Keluarga Grand Wisata,Rumah Sakit Umum,C,101,29,,SWASTA/LAINNYA,Non BLU/BLUD,Bekasi,"Jl. Boulevard Grand Wisata, Kel. Lambangsari"
3216408,Jawa Barat,51163.9,1381,RS Umum Harapan Mulia,Rumah Sakit Umum,C,104,27,257,SWASTA/LAINNYA,Non BLU/BLUD,Bekasi,"Jl. Raya Cibarusah No. 5 Kebon Kopi Cibarusah Kelurahan Cibarusah Jaya, Kecamatan Cibarusah, Kabupaten Bekasi, Jawa Barat "
3216416,Jawa Barat,51163.9,1381,RS Umum Permata Keluarga Lippo Cikarang,Rumah Sakit Umum,C,100,65,205,SWASTA/LAINNYA,Non BLU/BLUD,Bekasi,"Jl. M.H Thamrin Kav. 129 Lippo Cikarang, Desa Cibatu, Kecamatan Cikarang Selatan, Kabupaten Bekasi"
3216362,Jawa Barat,51163.9,1381,RS Umum Karya Medika II,Rumah Sakit Umum,C,128,37,350,SWASTA/LAINNYA,Non BLU/BLUD,Bekasi, Jl. Sultan Hasanuddin No.63 Kec. Tambun Selatan
3216388,Jawa Barat,51163.9,1381,RS Mitra Plumbon Cibitung,Rumah Sakit Umum,C,237,26,538,Perusahaan,Non BLU/BLUD,Bekasi,Jl. H. Bosih No.117 Cibitung Kabupaten Bekasi
3216443,Jawa Barat,51163.9,1381,RS EMC Cibitung,Rumah Sakit Umum,C,100,40,127,SWASTA/LAINNYA,Non BLU/BLUD,Bekasi,"Jl. Kalimantan Blok CB No.1 Kawasan Industri MM2100, Gandasari, Cikarang Barat"
3216400,Jawa Barat,51163.9,1381,RS Uni Medika Setu Bekasi,Rumah Sakit Umum,C,140,34,49,Perusahaan,Non BLU/BLUD,Bekasi,Jl. Raya setu No.99 Desa Lubang Buaya Kec. Setu
3216409,Jawa Barat,51163.9,1381,RS Umum Cikarang Medika,Rumah Sakit Umum,C,116,22,191,SWASTA/LAINNYA,Non BLU/BLUD,Bekasi,Jl. KH. Fudholi No. 78 Cikarang Utara
3216104,Jawa Barat,51163.9,1381,RS Umum Karya Medika,Rumah Sakit Umum,C,120,37,383,Organisasi Sosial,Non BLU/BLUD,Bekasi,"Jl. Imam Bonjol No. 9B Kalijaya Cikarang Barat, Ka. Bekasi 17530"
3216413,Jawa Barat,51163.9,1381,RS Umum Kartika Husada Setu,Rumah Sakit Umum,C,106,24,216,Perusahaan,Non BLU/BLUD,Bekasi,Jl. Raya Burangkeng Desa Burangkeng Rt. 001 Rw.06 Kec. Setu
3216451,Jawa Barat,51163.9,1381,RS Hermina Metland Cibitung,Rumah Sakit Umum,C,100,56,,Perusahaan,Non BLU/BLUD,Bekasi,Perumahan Metland Cibitung
3216406,Jawa Barat,51163.9,1381,RS Umum Metro Hospitals,Rumah Sakit Umum,C,100,27,118,Perusahaan,Non BLU/BLUD,Bekasi,Jl.Anggrek I B2/2 RT 01/11 Kec Mekar Mukti
3216385,Jawa Barat,51163.9,1381,RS dr. Abdul Radjak Jababeka,Rumah Sakit Umum,C,116,34,143,Perusahaan,Non BLU/BLUD,Bekasi,"Jl. Kasuari Raya Kav. IA & 1B Cikarang Baru - Jababeka, Bekasi 17550 "
3216466,Jawa Barat,51163.9,1381,Altius Hospitals ,Rumah Sakit Umum,C,112,14,,Kementerian Lain,Non BLU/BLUD,Bekasi,Jl. Harapan Indah Boulevard Sektor V Desa/Kelurahan Pusaka Rakyat Kec. Tarumajaya
3216126,Jawa Barat,51163.9,1381,RS Umum Annisa,Rumah Sakit Umum,C,189,80,526,SWASTA/LAINNYA,Non BLU/BLUD,Bekasi,Jl. Cikarang Baru No.31 Cikarang Utara Bekasi
3216435,Jawa Barat,51163.9,1381,RS Umum Tarumajaya,Rumah Sakit Umum,D,73,24,62,SWASTA/LAINNYA,Non BLU/BLUD,Bekasi,"Jalan Raya Tarumajaya No. 1B RT 05 RW 01 , Desa Pantai Makmur, Kecamatan Tarumajaya, Kabupaten Bekasi, Provinsi Jawa Barat 17212"
3216407,Jawa Barat,51163.9,1381,RS Cahaya Medika,Rumah Sakit Umum,D,30,18,6,Perusahaan,Non BLU/BLUD,Bekasi,Kampung Kebon RT. 002 RW. 01 Desa Jejalen Kec. Tambun Utara
3216462,Jawa Barat,51163.9,1381,RS Umum dr. Abdul Radjak Cibitung,Rumah Sakit Umum,D,50,18,,Perusahaan,Non BLU/BLUD,Bekasi,"Jl. Al-Huda, Cikarang Jati NO 61, RT.02 RW.02 Desa Sukajaya "
3216434,Jawa Barat,51163.9,1381,RS Umum Budi Asih,Rumah Sakit Umum,D,46,27,60,Perorangan,Non BLU/BLUD,Bekasi,Jl. Raya Serang-Cibarusah 001/001 Ds. Serang  Kec. CIkarang Kab. Bekasi
3216440,Jawa Barat,51163.9,1381,RS Umum Daerah Cabangbungin,Rumah Sakit Umum,D,50,12,141,Pemkab,BLUD,Bekasi,Jl. Kp. Bojong RT 004/RW 001 Desa Jayalaksana Kecamatan Cabangbungin Kabupaten Bekasi
3216439,Jawa Barat,51163.9,1381,RS Umum Dr. Iqbali Taufan,Rumah Sakit Umum,D,49,20,14,Perorangan,Non BLU/BLUD,Bekasi,Villa Mutiara Cikarang 2 Blok. E3 No.16-20 Sukasejati Kec. Cikarang Selatan Kab. Bekasi
3216425,Jawa Barat,51163.9,1381,RS Umum Bunda Mulia,Rumah Sakit Umum,D,52,18,102,SWASTA/LAINNYA,Non BLU/BLUD,Bekasi,"Jl. Imam Bonjol No. 80A Desa Sukadanau, Kecamatan Cikarang Barat, Kabupaten Bekasi"
3216397,Jawa Barat,51163.9,1381,RS Umum Asri Medika,Rumah Sakit Umum,D,55,20,134,Perusahaan,Non BLU/BLUD,Bekasi,"Jl. Citanduy Raya L 11 No 1, Simpangan, Cikarang Utara, Kab Bekasi, Jawa Barat"
3216421,Jawa Barat,51163.9,1381,RS Umum Puspa Husada,Rumah Sakit Umum,D,50,22,64,SWASTA/LAINNYA,Non BLU/BLUD,Bekasi,"Jalan Pondok Timur Indah No.Km.1 No.27 Jatimulya Kec. Tambun Sel. Kabupaten Bekasi, Jawa Barat 17157, Indonesia"
3216438,Jawa Barat,51163.9,1381,RS Umum Pinna,Rumah Sakit Umum,D,98,24,50,SWASTA/LAINNYA,Non BLU/BLUD,Bekasi,Jl. Raya KarangSatria No:4-5 RT/RW :002/006 Tambun Utara 17511 Kabupaten Bekasi. Jawa Barat
3201242,Jawa Barat,51163.9,1381,RS Ibu dan Anak Kenari Graha Medika,Rumah Sakit Khusus Ibu dan Anak,C,54,23,160,SWASTA/LAINNYA,Non BLU/BLUD,Bogor,Griya Kenari Mas Blok B2 Cileungsi Bogor
3201130,Jawa Barat,51163.9,1381,RS Ibu dan Anak Citra Insani,Rumah Sakit Khusus Ibu dan Anak,C,57,20,165,SWASTA/LAINNYA,Non BLU/BLUD,Bogor,"Jl. Raya Parung No.242 Lebakwangi, Pemagarsari - Bogor"
3201239,Jawa Barat,51163.9,1381,RS Ibu dan Anak Assalam,Rumah Sakit Khusus Ibu dan Anak,C,61,20,153,Perusahaan,Non BLU/BLUD,Bogor,"Jl. Raya Bogor KM 46,7 Nanggewer Mekar Cibinong Bogor"
3201024,Jawa Barat,51163.9,1381,RS Paru Dr. M. Goenawan Partowidigdo,Rumah Sakit Khusus Paru,A,175,43,475,Kemkes ,BLU,Bogor,"Jl. Raya Puncak KM. 83 Kotak Pos 28, Cisarua - Bogor 16750"
3201050,Jawa Barat,51163.9,1381,RS Umum Daerah Ciawi,Rumah Sakit Umum,B,421,81,813,Pemkab,BLUD,Bogor,Jl. Raya Puncak 479 Ciawi Bogor
3201258,Jawa Barat,51163.9,1381,RS Eka Hospital,Rumah Sakit Umum,B,210,30,,Perusahaan,Non BLU/BLUD,Bogor,"Perum Kota Wisata Kav. V2, Desa Nagrak, Kec. Gunung Putri Kab. Bogor"
3201232,Jawa Barat,51163.9,1381,RS Umum Daerah Cileungsi,Rumah Sakit Umum,B,299,38,213,Pemkab,BLUD,Bogor," Jl. Raya Cileungsi - Jonggol KM. 10 Cipeucang, Kecamatan Cileungsi"
3201230,Jawa Barat,51163.9,1381,RS Umum Sentra Medika Cibinong,Rumah Sakit Umum,B,225,46,863,SWASTA/LAINNYA,Non BLU/BLUD,Bogor,Jl. Mayor Oking Jaya Atmaja No.9 Bogor
3201247,Jawa Barat,51163.9,1381,RS EMC Sentul,Rumah Sakit Umum,B,200,83,382,Perusahaan,Non BLU/BLUD,Bogor,"Jl. MH. Thamrin Kav. 57 Sentul City, Bogor 16810"
3201083,Jawa Barat,51163.9,1381,RS Umum Daerah Leuwiliang,Rumah Sakit Umum,B,380,69,733,Pemkab,BLUD,Bogor,Jl. Raya Cibeber - Leuwiliang Bogor
3201046,Jawa Barat,51163.9,1381,RS Umum Daerah Cibinong,Rumah Sakit Umum,B,515,103,795,Pemkab,BLUD,Bogor,JL. KSR Dadi Kusmayadi No. 27 Cibinong Bogor
3201271,Jawa Barat,51163.9,1381,RS Islam Aysha ,Rumah Sakit Umum,C,126,29,,Perusahaan,Non BLU/BLUD,Bogor,Perumahan Acropolis RT. 006 RW. 018 Blok MF Kel. Karadenan Kec. Cibinong Kab. Bogor 16913
3201233,Jawa Barat,51163.9,1381,RS Umum Rumah Sehat Terpadu Dompet Dhuafa,Rumah Sakit Umum,C,155,32,333,Organisasi Sosial,Non BLU/BLUD,Bogor,Jl. Raya Parung KM 42 Bogor
3201259,Jawa Barat,51163.9,1381,RS Pena 98,Rumah Sakit Umum,C,121,30,68,SWASTA/LAINNYA,Non BLU/BLUD,Bogor,Jl. Pemuda No. 36 RT 001 RW 007 Desa Pengasinan Kecamatan Gunung Sindur Kabupaten Bogor Provinsi Jawa Barat.
3201150,Jawa Barat,51163.9,1381,RS Umum Family Medical Center,Rumah Sakit Umum,C,105,43,344,SWASTA/LAINNYA,Non BLU/BLUD,Bogor,"Jl. Raya Bogor Km.51 Ciluar, Bogor"
3201244,Jawa Barat,51163.9,1381,RS Umum Permata Jonggol,Rumah Sakit Umum,C,148,71,220,Perusahaan,Non BLU/BLUD,Bogor,"Jl.Raya Jonggol No. 1A, Sukamanah, Kecamatan Jonggol Kabupaten Bogor Jawa Barat"
3201231,Jawa Barat,51163.9,1381,RS Sentosa,Rumah Sakit Umum,C,108,42,282,Perusahaan,Non BLU/BLUD,Bogor,Jl. Raya Kemang No. 18 Desa Pondok Udik Kec. Kemang Kab. Bogor
3271139,Jawa Barat,51163.9,1381,RS Umum Trimitra,Rumah Sakit Umum,C,110,49,173,Perusahaan,Non BLU/BLUD,Bogor,"Jl. Raya Jakarta Bogor Km.43, Kelurahan Pabuaran, Kecamatan Cibinong -  Kabupaten Bogor, Provinsi Jawa Barat"
3201115,Jawa Barat,51163.9,1381,RS Umum Bina Husada,Rumah Sakit Umum,C,120,70,155,SWASTA/LAINNYA,Non BLU/BLUD,Bogor,Jl. Mayor Oking Jaya Atmaja KM1 No.101 Cibinong - Bogor
3201250,Jawa Barat,51163.9,1381,RS Helsa Citeureup,Rumah Sakit Umum,C,115,23,87,Perusahaan,Non BLU/BLUD,Bogor,"Jl. Mayor Oking Jaya Atmaja No. 92A, Ds. Karang Asem Barat, Kec. Citeureup"
3201272,Jawa Barat,51163.9,1381,RS Paragon,Rumah Sakit Umum,C,110,36,,SWASTA/LAINNYA,Non BLU/BLUD,Bogor,Kp. Kamurang RT 002 RW 006 Kelurahan Puspanegara Kec. Citeureup
3201252,Jawa Barat,51163.9,1381,RS Harapan Sehati,Rumah Sakit Umum,C,130,35,96,Perusahaan,Non BLU/BLUD,Bogor,Jl. Raya Tegar Beriman Kp. Pondok Manggis RT. 01 RW. 04 Kel. Bojong Baru Kec. Bojong Gede Kab Bogor
3201273,Jawa Barat,51163.9,1381,RS Hermina Ciawi,Rumah Sakit Umum,C,100,39,,SWASTA/LAINNYA,Non BLU/BLUD,Bogor,"Jl. Kampung Gadog, RT. 001 RW. 003, Desa Pandansari, Kec. Ciawi"
3201238,Jawa Barat,51163.9,1381,RS Umum Hermina Mekarsari,Rumah Sakit Umum,C,193,46,433,Perusahaan,Non BLU/BLUD,Bogor,Jl Raya Cileungsi Jonggol Km 1 Cileungsi Kab Bogor
3201094,Jawa Barat,51163.9,1381,RS Umum Annisa,Rumah Sakit Umum,C,129,22,133,SWASTA/LAINNYA,Non BLU/BLUD,Bogor,"JL. Raya Karanggan No. 02 Puspasari, Citeureup Bogor"
3201207,Jawa Barat,51163.9,1381,RS dr. Abdul Radjak Cileungsi,Rumah Sakit Umum,C,200,35,372,SWASTA/LAINNYA,Non BLU/BLUD,Bogor,"Jl. Raya Narogong Km.16, Limus Nunggal Cileungsi, Bogor"
3201249,Jawa Barat,51163.9,1381,RS Asysyifaa,Rumah Sakit Umum,C,100,27,62,SWASTA/LAINNYA,Non BLU/BLUD,Bogor,Jl. Raya Leuwiliang Cibeber 1 Kab Bogor 16640
3201152,Jawa Barat,51163.9,1381,RS Umum Mary Cileungsi Hijau,Rumah Sakit Umum,C,107,37,165,SWASTA/LAINNYA,Non BLU/BLUD,Bogor,Jl. Raya Narogong Km 21 Cileungsi Bogor
3201229,Jawa Barat,51163.9,1381,RS Umum Citama,Rumah Sakit Umum,C,115,28,249,SWASTA/LAINNYA,Non BLU/BLUD,Bogor,Jl. Raya Pabuaran No. 52 Bogor
3201245,Jawa Barat,51163.9,1381,RS Umum Karya Bhakti Pratiwi,Rumah Sakit Umum,C,128,129,121,SWASTA/LAINNYA,Non BLU/BLUD,Bogor,Jl. Raya Dramaga KM. 7 Bogor
3271035,Jawa Barat,51163.9,1381,RSAU Dr. M. Hassan Toto,Rumah Sakit Umum,C,143,32,327,TNI AU,Non BLU/BLUD,Bogor,Jl. Sardjio No. 1  Kel. Atang Senjaya Kec. Kemang
3207059,Jawa Barat,51163.9,1381,RS Khusus Orthopedi RSOP Ciamis,Rumah Sakit Khusus Orthopedi,C,44,22,67,SWASTA/LAINNYA,Non BLU/BLUD,Ciamis,Jl. Raya Ciamis Banjar KM 7 No. 341 RT 16 RW 06 Desa Cijeungjing Kec Cijeungjing
3207012,Jawa Barat,51163.9,1381,RS Umum Daerah Kab. Ciamis,Rumah Sakit Umum,C,290,73,1039,Pemkab,BLUD,Ciamis,   Jl. Rumah Sakit No.76 Ciamis
3207057,Jawa Barat,51163.9,1381,RS Umum Dadi Keluarga Ciamis,Rumah Sakit Umum,C,216,35,237,SWASTA/LAINNYA,Non BLU/BLUD,Ciamis,"Jl. RE. Martadinata Nomor 333-335 Baregbeg, Ciamis"
3207060,Jawa Barat,51163.9,1381,RS Umum Daerah Kawali,Rumah Sakit Umum,D,83,16,90,Pemkab,BLUD,Ciamis,"Jl. Raya Kawali Cirebon Nomor 37, Desa Winduraja, Kec. Kawali"
3207045,Jawa Barat,51163.9,1381,RS Umum Permata Bunda,Rumah Sakit Umum,D,78,26,30,Organisasi Sosial,Non BLU/BLUD,Ciamis,Jl. Mr. Iwa Kusumasomantri No.1 Ciamis
3207056,Jawa Barat,51163.9,1381,RS Umum Al-Arif,Rumah Sakit Umum,D,92,17,80,Organisasi Sosial,Non BLU/BLUD,Ciamis," Jl. R.E. Martadinata No.158, Baregbeg - Ciamis"
3203015,Jawa Barat,51163.9,1381,RS Umum Daerah Sayang,Rumah Sakit Umum,B,467,41,1431,Pemkab,BLUD,Cianjur,Jl. Rumah Sakit No.1 Cianjur
3203038,Jawa Barat,51163.9,1381,RS Umum Dr. Hafiz ,Rumah Sakit Umum,C,202,28,370,Perorangan,Non BLU/BLUD,Cianjur,Jln. Pramuka No. 15 RT 003 RW 002 Desa Sukamulya Kecamtan Karangtengah Kabupaten Cianjur
3203053,Jawa Barat,51163.9,1381,RS Edelweiss Bentang Salapan ,Rumah Sakit Umum,C,84,34,,Perusahaan,Non BLU/BLUD,Cianjur,"Jl. Raya Bandung RT. 001/RW. 011, Desa Bojong, Kec. Karangtengah"
3203037,Jawa Barat,51163.9,1381,RS Umum Daerah Cimacan,Rumah Sakit Umum,C,170,92,261,Pemkab,BLUD,Cianjur,"Jl. Raya Cimacan No.17, Cianjur"
3203039,Jawa Barat,51163.9,1381,RS Umum Daerah Pagelaran,Rumah Sakit Umum,C,158,56,228,Pemkab,BLUD,Cianjur,JL.Raya Pagelaran No 18 Desa Pagelaran Kec. Pagelaran Kab. Cianjur 43266
3203052,Jawa Barat,51163.9,1381,RS Umum Daerah Sindangbarang,Rumah Sakit Umum,D,56,10,,Pemkab,Non BLU/BLUD,Cianjur,Jl. Raya Sindangbarang-Cidaun KM. 01 Desa Saganten Kec. Sindangbarang
3203041,Jawa Barat,51163.9,1381,RS Bhayangkara Cianjur,Rumah Sakit Umum,D,50,21,51,POLRI,Non BLU/BLUD,Cianjur,"Jl. Suroso Nomor. 21,  Kel. Pamoyanan, Kec. Cianjur, Kab. Cianjur, Prov. Jawa Barat."
3274136,Jawa Barat,51163.9,1381,RS Jantung Hasna Medika,Rumah Sakit Khusus Jantung,B,75,42,184,SWASTA/LAINNYA,Non BLU/BLUD,Cirebon,"Jl. Raden Gilap No 8 Palimanan, Kabupaten Cirebon"
3209036,Jawa Barat,51163.9,1381,RS Paru Provinsi Jawa Barat,Rumah Sakit Khusus Paru,B,102,44,215,Pemprop,BLUD,Cirebon,"  Jl. Pangeran Kejaksan PO.BOX 4 Desa Sidawangi, Kecamatan Sumber Kab. Cirebon"
3209054,Jawa Barat,51163.9,1381,RS Umum Permata Cirebon,Rumah Sakit Umum,B,195,68,486,SWASTA/LAINNYA,Non BLU/BLUD,Cirebon,Jl. Tuparev No.117 Cirebon
3209051,Jawa Barat,51163.9,1381,RS Umum Mitra Plumbon,Rumah Sakit Umum,B,740,106,1282,SWASTA/LAINNYA,Non BLU/BLUD,Cirebon,Jl. Raya Plumbon Km.11 Cirebon
3209014,Jawa Barat,51163.9,1381,RS Umum Daerah Waled,Rumah Sakit Umum,B,306,82,733,Pemkab,BLUD,Cirebon," Jl. Prabu Kiansantang No. 4 Waled, Cirebon"
3209040,Jawa Barat,51163.9,1381,RS Umum Daerah Arjawinangun,Rumah Sakit Umum,B,254,112,766,Pemkab,BLUD,Cirebon,Jl. By Pass Palimanan - Jakarta KM. 2 No. 1  Arjawinangun
3209133,Jawa Barat,51163.9,1381,RS Umum Sumber Waras,Rumah Sakit Umum,B,265,92,472,SWASTA/LAINNYA,Non BLU/BLUD,Cirebon,"Jl. Urip Sumoharjo No.5 Ciwaringin, Kab. Cirebon"
3209144,Jawa Barat,51163.9,1381,Sentra Medika Hospital Gempol,Rumah Sakit Umum,C,126,49,,SWASTA/LAINNYA,Non BLU/BLUD,Cirebon,Jl. KH. Agus Salim Blok Ketipa Desa Kedungbunder
3209053,Jawa Barat,51163.9,1381,RS Umum Khalishah,Rumah Sakit Umum,C,117,28,260,SWASTA/LAINNYA,Non BLU/BLUD,Cirebon,"Jl. Dr. Setia Budi No.8 Desa Pegagan Kecamatan Palimanan, Kabupaten Cirebon, Provinsi Jawa Barat"
3209025,Jawa Barat,51163.9,1381,RS Pertamina Cirebon,Rumah Sakit Umum,C,108,42,269,SWASTA/LAINNYA,Non BLU/BLUD,Cirebon,Jl. Patra Raya Klayan No 1 Cirebon
3209052,Jawa Barat,51163.9,1381,RS Umum Universitas Muhammadiyah Cirebon,Rumah Sakit Umum,C,113,22,188,Organisasi Islam ,Non BLU/BLUD,Cirebon,"Jl. KH. Wahid Hasyim No. 8 Desa Mertapeda Wetan, Kec. Astanajapura Kab. Cirebon 45181 Provinsi Jawa Barat"
3274135,Jawa Barat,51163.9,1381,RS Umum Sumber Hurip,Rumah Sakit Umum,C,102,18,241,SWASTA/LAINNYA,Non BLU/BLUD,Cirebon,"Jl. Rd. Dewi Sartika No. 15 Kel. Tukmudal, Kecamatan Sumber, Kabupaten Cirebon, Provinsi Jawa Barat"
3209055,Jawa Barat,51163.9,1381,RS Pasar Minggu Cirebon,Rumah Sakit Umum,D,75,24,47,Perusahaan,Non BLU/BLUD,Cirebon,Jl. Ki Ageng Tepak Desa Semplo Kecamatan Palimanan 
3205010,Jawa Barat,51163.9,1381,RS Umum Daerah dr. Slamet Garut,Rumah Sakit Umum,B,432,103,1095,Pemkab,BLUD,Garut,"Jl. Rumah Sakit No.12 RT 001 RW 001 Desa Sukakarya, Kecamatan Tarogong Kidul Kabupaten Garut, Provinsi Jawa Barat"
3205021,Jawa Barat,51163.9,1381,RS Umum Tk. IV Guntur,Rumah Sakit Umum,C,164,46,310,TNI AD,BLU,Garut,Jl. Bratayuda No. 101 Kelurahan Kota Kulon Kecamatan Garut Kota Kabupaten Garut Provinsi Jawa Barat
3205022,Jawa Barat,51163.9,1381,RS Umum Daerah Pameungpeuk Prov. Jabar,Rumah Sakit Umum,C,148,21,248,Pemprop,BLUD,Garut,Jl. Raya Miramareu No 99 Desa Sirnabakti Kec. Pameungpeuk 
3205026,Jawa Barat,51163.9,1381,RS Umum Intan Husada,Rumah Sakit Umum,C,99,35,246,SWASTA/LAINNYA,Non BLU/BLUD,Garut,Jl. Suherman Nomor 72 Desa Tarogong Kec. Tarogong Kidul Kabupaten Garut 44151 Provinsi Jawa Barat
3205038,Jawa Barat,51163.9,1381,RS Umum Daerah Malangbong,Rumah Sakit Umum,D,56,8,,Pemkab,BLUD,Garut,Jl Raya Malangbong - Ciawi Kp Cinagka RT 01 RW 07 Desa Sukamanah Kec Malangbong Garut
3205027,Jawa Barat,51163.9,1381,RS Medina,Rumah Sakit Umum,D,90,28,75,Perusahaan,Non BLU/BLUD,Garut,Jl. Raya Wanaraja No. 500 RT. 004 RW. 008 Desa Cinunuk Kecamatan Wanaraja Kabupaten Garut Provinsi Jawa Barat 44183
3205039,Jawa Barat,51163.9,1381,RS Umum Nurhayati Cikajang,Rumah Sakit Umum,D,65,19,,SWASTA/LAINNYA,Non BLU/BLUD,Garut,"Jl. Raya Cikajang RT 005 RW 001, Kel. Girijaya, Kec. Cikajang"
3205024,Jawa Barat,51163.9,1381,RS Umum Annisa Queen,Rumah Sakit Umum,D,50,47,35,Perusahaan,Non BLU/BLUD,Garut,Jln. Jenderal Sudirman No 208 Desa Suci Kaler Kecamatan Karangpawitan Kab. Garut
3205023,Jawa Barat,51163.9,1381,RS Umum Nurhayati Garut,Rumah Sakit Umum,D,112,44,88,Organisasi Sosial,Non BLU/BLUD,Garut,Jl. Jendral Sudirman No. 6 RT. 05 RW. 05 Desa Suci Kecamatan Karangpawitan Kabupaten Garut Provinsi Jawa Barat Indonesia
3212058,Jawa Barat,51163.9,1381,RS Ibu dan Anak Irhamna Indramayu,Rumah Sakit Khusus Ibu dan Anak,C,33,15,30,SWASTA/LAINNYA,Non BLU/BLUD,Indramayu,"Jl. Raya Terusan No. 01, Kel. Terusan, Kec. Sindang, Kab. Indramayu, Prov. Jawa Barat"
3212059,Jawa Barat,51163.9,1381,RS Mitra Plumbon Indramayu,Rumah Sakit Umum,B,552,31,78,SWASTA/LAINNYA,Non BLU/BLUD,Indramayu,Jl. By Pass Jalan Baru Desa Ujungaris Kec. Widasari Kab. Indramayu
3212016,Jawa Barat,51163.9,1381,RS Umum Daerah Kab. Indramayu,Rumah Sakit Umum,B,320,114,505,Pemkab,BLUD,Indramayu,Jl. Murah Nara No. 7 Sindang Indramayu
3212060,Jawa Barat,51163.9,1381,RS Sentra Medika Langut,Rumah Sakit Umum,C,100,27,48,SWASTA/LAINNYA,Non BLU/BLUD,Indramayu,Jln. Raya Langut No. 100 Desa Langut Kecamatan Lohbener
3212042,Jawa Barat,51163.9,1381,RS Umum Bhayangkara Indramayu,Rumah Sakit Umum,C,132,30,304,POLRI,BLU,Indramayu, Jl. Raya Pantura Km.73-75 Losarang - Indramayu
3212073,Jawa Barat,51163.9,1381,RS Mitra Plumbon Patrol,Rumah Sakit Umum,C,150,26,,SWASTA/LAINNYA,Non BLU/BLUD,Indramayu,Jl. Raya Patrol Blok Ranca Ketileng Desa  Patrol Baru
3212031,Jawa Barat,51163.9,1381,RS Umum Daerah M. A. Sentot Patrol,Rumah Sakit Umum,C,120,38,443,Pemkab,BLUD,Indramayu,Jl. Raya Patrol Km. 46 Patrol Kab. Indramayu
3212056,Jawa Barat,51163.9,1381,RS Umum Daerah Mursid Ibnu Syafiuddin,Rumah Sakit Umum,D,115,25,148,Pemkab,BLUD,Indramayu,Jl. Raya Krangkeng KM.28 Indramayu Provinsi Jawa Barat Kode Pos 45284
3212071,Jawa Barat,51163.9,1381,RS Islam Zam-Zam Muhammadiyah Jatibarang,Rumah Sakit Umum,D,53,19,,Organisasi Islam ,Non BLU/BLUD,Indramayu,"Jl. Letnan Joni 1231, Desa Jatibarang Baru, Kecamatan Jatibarang, Kabupaten Indramayu, Provinsi Jawa Barat"
3212054,Jawa Barat,51163.9,1381,RS Umum MM Indramayu,Rumah Sakit Umum,D,97,23,252,Perusahaan,Non BLU/BLUD,Indramayu,Jl. Let.Jend Soeprapto No. 292 Indramayu
3212057,Jawa Barat,51163.9,1381,RS Syahid Al Irsyad,Rumah Sakit Umum,D,54,19,66,SWASTA/LAINNYA,Non BLU/BLUD,Indramayu,Jl. Jendral Sudirman No. 240 Cipancuh Kec.Haurgeulis  - Indramayu
3212055,Jawa Barat,51163.9,1381,RS Umum Pertamina Balongan Indramayu,Rumah Sakit Umum,D,50,25,85,BUMN,Non BLU/BLUD,Indramayu,Jl. Bumi Patra No. 1 Komplek Perum Pertamina Indramayu.
3215112,Jawa Barat,51163.9,1381,RS Ibu dan Anak Dr. Djoko Pramono,Rumah Sakit Khusus Ibu dan Anak,C,66,23,45,SWASTA/LAINNYA,Non BLU/BLUD,Karawang,"Jl. Panatayuda I No.35, Karawang"
3215156,Jawa Barat,51163.9,1381,RS Umum Lira Medika,Rumah Sakit Umum,B,207,48,238,SWASTA/LAINNYA,Non BLU/BLUD,Karawang,"Jl. Syech Quro No.14, Palumbonsari - Lamaran, Karawang"
3215012,Jawa Barat,51163.9,1381,RS Umum Daerah Karawang,Rumah Sakit Umum,B,374,75,1417,Pemkab,BLUD,Karawang," Jl. Galuh Mas Raya No.1, Sukaharja, Teluk Jambe, Karawang"
3215161,Jawa Barat,51163.9,1381,RS Umum Mitra Family,Rumah Sakit Umum,C,111,30,193,Perusahaan,Non BLU/BLUD,Karawang,"Jl. Raya Galuh Mas RT/RW 002/005, Desa Sukaharja, Kecamatan Teluk Jambe Timur"
3215045,Jawa Barat,51163.9,1381,RS Umum Dewi Sri,Rumah Sakit Umum,C,173,44,571,SWASTA/LAINNYA,Non BLU/BLUD,Karawang, Jl. Arif Rahman Hakim No. 1 A Karawang
3215134,Jawa Barat,51163.9,1381,RS Umum Izza,Rumah Sakit Umum,C,179,46,243,SWASTA/LAINNYA,Non BLU/BLUD,Karawang,"Jl. Berlian Raya Ciselang, Cikampek Utara, Kec. Kota Baru, Karawang, Jawa Barat 41374"
3215146,Jawa Barat,51163.9,1381,RS Umum Daerah Jatisari Kabupaten Karawang,Rumah Sakit Umum,C,118,34,269,Pemkab,BLUD,Karawang,Jl. Raya Jatisari Desa Jatisari Kec. Jatisari Kab. Karawang
3215182,Jawa Barat,51163.9,1381,RS Hastien,Rumah Sakit Umum,C,175,28,,SWASTA/LAINNYA,Non BLU/BLUD,Karawang,"Cikangkung Barat II RT.007 RW.002 Desa Rengasdengklok Utara, Kecamatan Rengasdengklok"
3215170,Jawa Barat,51163.9,1381,RS Primaya Karawang,Rumah Sakit Umum,C,110,41,212,SWASTA/LAINNYA,Non BLU/BLUD,Karawang,"Jl. Arteri Galuh Mas Kav. Komersial Galuh Mas Blok 10, Desa Puseurjaya Kec. Telukjambe Timur"
3215123,Jawa Barat,51163.9,1381,RS Umum Citra Sari Husada,Rumah Sakit Umum,C,143,46,490,SWASTA/LAINNYA,Non BLU/BLUD,Karawang,"Jl. Raya Kosambi -Telaga Sari Km.3 Klari, Karawang "
3215078,Jawa Barat,51163.9,1381,RS Umum Islam Karawang,Rumah Sakit Umum,C,130,33,269,Organisasi Sosial,Non BLU/BLUD,Karawang,"Jl. Pangkal Perjuangan KM.2, Karawang"
3215169,Jawa Barat,51163.9,1381,RS Hermina Karawang,Rumah Sakit Umum,C,129,32,46,Perusahaan,Non BLU/BLUD,Karawang,Jl. Tuparev Sukasari Kel. Karawang Wetan Kec. Karawang Timur Karawang
3215067,Jawa Barat,51163.9,1381,RS Umum Proklamasi,Rumah Sakit Umum,C,115,52,460,SWASTA/LAINNYA,Non BLU/BLUD,Karawang,"Jl. Raya Proklamasi KM. 2 Rengasdengklok, Karawang"
3215171,Jawa Barat,51163.9,1381,RS Permata Keluarga Karawang,Rumah Sakit Umum,C,144,22,,SWASTA/LAINNYA,Non BLU/BLUD,Karawang,Jl. Raya Galuh Mas Blok VI A No. 1
3215162,Jawa Barat,51163.9,1381,RS Umum Helsa,Rumah Sakit Umum,C,100,21,140,Perusahaan,Non BLU/BLUD,Karawang,Jln. Ir. H. Juanda No 123 Cikampek Karawang
3215145,Jawa Barat,51163.9,1381,RS Umum Mandaya,Rumah Sakit Umum,C,100,95,321,SWASTA/LAINNYA,Non BLU/BLUD,Karawang,Jl. Arteri Tol Karawang  Barat Teluk jambe Karawang
3215160,Jawa Barat,51163.9,1381,RS Umum Puri Asih,Rumah Sakit Umum,C,100,46,237,Perusahaan,Non BLU/BLUD,Karawang,Jl. Raya Jatisari No. 3 Jatisari Karawang
3215023,Jawa Barat,51163.9,1381,RS Umum Bayukarta,Rumah Sakit Umum,C,161,72,289,Organisasi Protestan,Non BLU/BLUD,Karawang,Jl. Kertabumi No.44 Karawang
3215158,Jawa Barat,51163.9,1381,RS Umum Fikri Medika,Rumah Sakit Umum,C,193,57,243,Perusahaan,Non BLU/BLUD,Karawang,Jl. Raya Kosambi - Telagasari KM 03 Klari Karawang
3215056,Jawa Barat,51163.9,1381,RS Umum Karya Husada,Rumah Sakit Umum,C,146,29,387,Perusahaan,Non BLU/BLUD,Karawang,Jl. Jend. A.Yani No.98 Cikampek Karawang
3215167,Jawa Barat,51163.9,1381,RS Umum Amanda Mitra Keluarga,Rumah Sakit Umum,C,172,26,34,Perusahaan,Non BLU/BLUD,Karawang,Jl. Raya Buahaseum  Desa Karya Mukti  Kec. Lemahabang Wadas Kab. Karawang
3215164,Jawa Barat,51163.9,1381,RS Umum Rosela,Rumah Sakit Umum,D,90,23,47,Perusahaan,Non BLU/BLUD,Karawang,Jl. Interchange Tol Karawang Barat No.3 Karawang Jawa barat 
3215163,Jawa Barat,51163.9,1381,RS Umum SAN Medical Center,Rumah Sakit Umum,D,51,18,79,Perusahaan,Non BLU/BLUD,Karawang,"Jl. A. Yani No 16, Dusun: Sentul, Desa: Cikampek Selatan, Kecamatan: Cikampek, Kabupaten: Karawang, Provinsi: Jawa Barat"
3215089,Jawa Barat,51163.9,1381,RS Umum Saraswati,Rumah Sakit Umum,D,61,21,65,SWASTA/LAINNYA,Non BLU/BLUD,Karawang,"Jl. Jend. Ahmad Yani No.27, Cikampek, Kab. Karawang"
3215100,Jawa Barat,51163.9,1381,RS Umum Delima Asih Sisma Medika,Rumah Sakit Umum,D,55,22,21,SWASTA/LAINNYA,Non BLU/BLUD,Karawang,"Jl. Wirasaba No.54, Johar - Karawang"
3215165,Jawa Barat,51163.9,1381,RS Umum Sentral Medika,Rumah Sakit Umum,D,94,24,126,Perusahaan,Non BLU/BLUD,Karawang,Jl.Raya Cikalongsari No.42. Jatisari. Kab.Karawang
3273431,Jawa Barat,51163.9,1381,RS Khusus Bedah Halmahera Siaga,Rumah Sakit Khusus Bedah,C,29,37,171,Organisasi Sosial,Non BLU/BLUD,Kota Bandung,Jl. LL RE Martadinata No. 28 Kota Bandung
3273464,Jawa Barat,51163.9,1381,RS Khusus Gigi dan Mulut UNPAD,Rumah Sakit Khusus Gigi dan Mulut,A,13,20,142,Kementerian Lain,Non BLU/BLUD,Kota Bandung,Jl. Sekeloa Selatan I Bandung
3273540,Jawa Barat,51163.9,1381,RS Khusus Gigi dan Mulut Kota Bandung,Rumah Sakit Khusus Gigi dan Mulut,B,13,17,149,Pemkot,BLUD,Kota Bandung,  Jl. L.L.R.E Martadinata 45 Bandung
3204124,Jawa Barat,51163.9,1381,RS Gigi dan Mulut Maranatha,Rumah Sakit Khusus Gigi dan Mulut,B,13,24,157,SWASTA/LAINNYA,Non BLU/BLUD,Kota Bandung,"Jl. Prof. drg. Suria Sumantri, MPH. No.65 Bandung"
3273453,Jawa Barat,51163.9,1381,RS Khusus Ginjal Ny. R. A. Habibie,Rumah Sakit Khusus Ginjal,C,32,35,349,Organisasi Sosial,Non BLU/BLUD,Kota Bandung,Jl. Tubagus Ismail No. 46 Kota Bandung
3273165,Jawa Barat,51163.9,1381,RS Ibu dan Anak Limijati,Rumah Sakit Khusus Ibu dan Anak,B,100,77,506,Perusahaan,Non BLU/BLUD,Kota Bandung,Jl. LLRE. Martadinata No. 39 Kota Bandung
3273528,Jawa Barat,51163.9,1381,RS Ibu dan Anak Melinda ,Rumah Sakit Khusus Ibu dan Anak,C,41,30,110,SWASTA/LAINNYA,Non BLU/BLUD,Kota Bandung,"Jl. Pajajaran No.46 Kel Pasirkaliki, Kec. Cicendo, Kota Bandung"
3273546,Jawa Barat,51163.9,1381,RS Ibu dan Anak Al Islam ,Rumah Sakit Khusus Ibu dan Anak,C,27,25,79,SWASTA/LAINNYA,Non BLU/BLUD,Kota Bandung,Jl. Awibitung No. 29-31 Kelurahan Cicadas Kecamatan Cibeunying Kidul 
3273541,Jawa Barat,51163.9,1381,RS Ibu dan Anak Harapan Bunda Bandung,Rumah Sakit Khusus Ibu dan Anak,C,39,14,141,SWASTA/LAINNYA,Non BLU/BLUD,Kota Bandung,"Jl. Pluto Raya Blok C Margahayu Raya, Buah Batu, Kota Bandung"
3204129,Jawa Barat,51163.9,1381,RS Ibu dan Anak Grha Bunda,Rumah Sakit Khusus Ibu dan Anak,C,40,34,221,SWASTA/LAINNYA,Non BLU/BLUD,Kota Bandung,Jl. Terusan Jakarta No. 15-17 Kec. Kiaracondong kota Bandung
3273560,Jawa Barat,51163.9,1381,RS Khusus Jantung dan Pembuluh Darah Melinda Cardio Vascular Center,Rumah Sakit Khusus Jantung,C,31,45,,SWASTA/LAINNYA,Non BLU/BLUD,Kota Bandung,"Jl. Dr. Cipto No. 11,  RT 004 RW 002 Kel. Pasirkaliki Kec. Cicendo"
3273558,Jawa Barat,51163.9,1381,RS Jantung dan Pembuluh Darah Paramarta,Rumah Sakit Khusus Jantung,C,31,45,,Perusahaan,Non BLU/BLUD,Kota Bandung,Jl. Soekarno Hatta No. 581 Bandung 42075
3273191,Jawa Barat,51163.9,1381,RS Khusus Mata Cicendo,Rumah Sakit Khusus Mata,A,88,37,428,Kemkes ,BLU,Kota Bandung,Jl. Cicendo No.4 Bandung
3204130,Jawa Barat,51163.9,1381,RS Mata Bandung Eye Center,Rumah Sakit Khusus Mata,C,16,25,52,SWASTA/LAINNYA,Non BLU/BLUD,Kota Bandung,"Jl. Buah Batu No.147 Kel. Turangga Kec. Lengkong Kota Bandung 40265 -6.9377070, 107.6238201"
3273201,Jawa Barat,51163.9,1381,RS Paru Dr. H. A. Rotinsulu,Rumah Sakit Khusus Paru,A,7,37,369,Kemkes ,BLU,Kota Bandung,Jl. Bukit Jarian No. 40 Bandung
3273015,Jawa Barat,51163.9,1381,RS Umum Pusat Dr. Hasan Sadikin,Rumah Sakit Umum,A,926,81,2979,Kemkes ,BLU,Kota Bandung,Jl. Pasteur No. 38 Bandung
3273542,Jawa Barat,51163.9,1381,RS Umum Santosa Hospital Bandung Kopo,Rumah Sakit Umum,A,450,140,641,SWASTA/LAINNYA,Non BLU/BLUD,Kota Bandung, Jl. K.H. Wahid Hasyim (Kopo) No. 461-463 Bandung
3273486,Jawa Barat,51163.9,1381,RS Umum Santosa Hospital Bandung Central,Rumah Sakit Umum,A,500,138,1573,SWASTA/LAINNYA,Non BLU/BLUD,Kota Bandung,"Jl. Kebon Jati No.38,Bandung"
3273539,Jawa Barat,51163.9,1381,RS Umum Hermina Pasteur ,Rumah Sakit Umum,B,210,132,449,SWASTA/LAINNYA,Non BLU/BLUD,Kota Bandung,Jl. Dr. Djundjunan No.107 Kota Bandung
3273026,Jawa Barat,51163.9,1381,RSU Bhayangkara Tk. II Sartika Asih,Rumah Sakit Umum,B,220,63,468,POLRI,Non BLU/BLUD,Kota Bandung,Jl. Moch. Toha No. 369 Bandung
3273420,Jawa Barat,51163.9,1381,RS Umum Al-Islam Bandung,Rumah Sakit Umum,B,275,139,975,SWASTA/LAINNYA,Non BLU/BLUD,Kota Bandung,Jl. Soekarno. Hatta 644 Bandung
3273074,Jawa Barat,51163.9,1381,RS Umum Santo Borromeus,Rumah Sakit Umum,B,350,140,1656,Organisasi Katholik,Non BLU/BLUD,Kota Bandung,Jl. Ir. H. Juanda  No.100
3273085,Jawa Barat,51163.9,1381,RS Umum Advent Bandung,Rumah Sakit Umum,B,508,117,959,Organisasi Sosial,Non BLU/BLUD,Kota Bandung,Jl. Cihampelas No. 161 Bandung
3273405,Jawa Barat,51163.9,1381,RS Umum Daerah Kota Bandung,Rumah Sakit Umum,B,213,38,358,Pemkot,BLUD,Kota Bandung,"  Jalan Rumah Sakit No. 22, Kelurahan Pakemitan, Kec. Cinambo"
3273260,Jawa Barat,51163.9,1381,RS Umum Daerah Bandung Kiwari,Rumah Sakit Umum,B,348,91,753,Pemkot,BLUD,Kota Bandung,Jl. KH. Wahid Hasyim No. 311 Bandung
3273052,Jawa Barat,51163.9,1381,RS Umum Immanuel Bandung,Rumah Sakit Umum,B,320,58,1254,Organisasi Protestan,Non BLU/BLUD,Kota Bandung,Jl. Kopo 161 Bandung
3273030,Jawa Barat,51163.9,1381,RSAU dr. M. Salamun,Rumah Sakit Umum,B,200,104,212,TNI AU,BLU,Kota Bandung,Jl. Ciumbuleuit 203 Bandung
3273559,Jawa Barat,51163.9,1381,RS Umum Mayapada Hospital Bandung,Rumah Sakit Umum,B,144,92,,SWASTA/LAINNYA,Non BLU/BLUD,Kota Bandung,"Jl. Terusan Buah Batu No.5, Batununggal, Kec. Bandung Kidul, Kota Bandung"
3273121,Jawa Barat,51163.9,1381,RS Umum Rajawali,Rumah Sakit Umum,C,102,30,405,Organisasi Sosial,Non BLU/BLUD,Kota Bandung,"Jl. Rajawali No.38  Rt 005 / Rw 010, Kelurahan Maleber, Kecamatan Andir, Kota Bandung 40184"
3273562,Jawa Barat,51163.9,1381,RS Murni Teguh Naripan Bandung,Rumah Sakit Umum,C,100,21,,SWASTA/LAINNYA,Non BLU/BLUD,Kota Bandung,Jl. Naripan No. 89 RT. 001 RW. 004 Kel. Kebon Pisang Kec. Sumur Bandung
3273561,Jawa Barat,51163.9,1381,RS Pasundan,Rumah Sakit Umum,C,99,37,,SWASTA/LAINNYA,Non BLU/BLUD,Kota Bandung,Jl. Haji Wasid No. 1 RT. 008 RW. 007 Kel. Lebak Gede Kec. Coblong
3273096,Jawa Barat,51163.9,1381,RS Umum Pindad,Rumah Sakit Umum,C,103,44,320,SWASTA/LAINNYA,Non BLU/BLUD,Kota Bandung,Jl. Gatot Soebroto No. 517 Kel. Sukapura Kec. Kiaracondong
3273547,Jawa Barat,51163.9,1381,RS Edelweiss,Rumah Sakit Umum,C,110,49,67,Perusahaan,Non BLU/BLUD,Kota Bandung,Jl. Soekarno Hatta No. 550 Kel. Sekejati Kec. Buahbatu
3204041,Jawa Barat,51163.9,1381,RS Umum Kebonjati,Rumah Sakit Umum,C,100,44,226,SWASTA/LAINNYA,Non BLU/BLUD,Kota Bandung,Jl. Kebonjati No. 152  Kel. Kebon Jeruk Kec. Andir kota Bandung
3273543,Jawa Barat,51163.9,1381,RS Umum Melinda 2,Rumah Sakit Umum,C,113,48,94,SWASTA/LAINNYA,Non BLU/BLUD,Kota Bandung,Jl. Dr. Cipto No.1 Bandung
3273145,Jawa Barat,51163.9,1381,RS Umum Hermina Arcamanik,Rumah Sakit Umum,C,270,83,545,Perusahaan,Non BLU/BLUD,Kota Bandung,Jl. A.H. Nasution No. 50 Antapani Kota Bandung
3273106,Jawa Barat,51163.9,1381,RS Umum Muhammadiyah,Rumah Sakit Umum,C,103,49,586,Organisasi Islam ,Non BLU/BLUD,Kota Bandung,Jl. K.H. Ahmad Dahlan No.53 Bandung
3273063,Jawa Barat,51163.9,1381,RS Umum Santo Yusup,Rumah Sakit Umum,C,202,41,581,Organisasi Katholik,Non BLU/BLUD,Kota Bandung,Jl. Cikutra No. 7 Kota Bandung
3204123,Jawa Barat,51163.9,1381,RS Umum Humana Prima,Rumah Sakit Umum,C,120,27,120,SWASTA/LAINNYA,Non BLU/BLUD,Kota Bandung,Jl. Rancabolang No. 21 Kel. Manjahlega Kec. Rancasari Kota Bandung
3273176,Jawa Barat,51163.9,1381,RS Umum Tk. IV 03.07.03 Sariningsih,Rumah Sakit Umum,D,108,29,92,TNI AD,Non BLU/BLUD,Kota Bandung,"Jl. L. L. R.E. Martadinata No.09, Kel.Citarum, Kec. Bandung Wetan, Kota Bandung, Jawa Barat 40115"
3204137,Jawa Barat,51163.9,1381,RS Kartini,Rumah Sakit Umum,D,63,72,,SWASTA/LAINNYA,Non BLU/BLUD,Kota Bandung,Jl. Pahlawan No. 48  Kel. Neglasari  Kec. Cibeunying Kaler Kota Bandung Propinsi Jawa Barat 40124
3273110,Jawa Barat,51163.9,1381,RS Umum Bungsu,Rumah Sakit Umum,D,50,29,117,Organisasi Sosial,Non BLU/BLUD,Kota Bandung,Jl. Veteran No. 6 Bandung
3207023,Jawa Barat,51163.9,1381,RS Umum Daerah Banjar,Rumah Sakit Umum,B,256,105,651,Pemkot,BLUD,Kota Banjar,  Jl. Rumah Sakit No. 5 Kota Banjar
3279002,Jawa Barat,51163.9,1381,RS Umum Mitra Idaman,Rumah Sakit Umum,D,90,38,172,Perusahaan,Non BLU/BLUD,Kota Banjar,Jl. Sudiro W No.57 Kota Banjar
3279003,Jawa Barat,51163.9,1381,RS Umum Banjar Patroman,Rumah Sakit Umum,D,83,25,152,Perusahaan,Non BLU/BLUD,Kota Banjar,Jl. Stadion Patroman Kav. III No. 3 Kota Banjar
3279004,Jawa Barat,51163.9,1381,RS Umum Daerah Asih Husada Langensari,Rumah Sakit Umum,D,111,21,24,Pemkot,Non BLU/BLUD,Kota Banjar,Jl. Pahlawan No. 25 Lingk. Babakan Kel. Muktisari Kec. Langensari
3275403,Jawa Barat,51163.9,1381,RS Ibu dan Anak Rinova Intan,Rumah Sakit Khusus Ibu dan Anak,C,45,13,79,Perusahaan,Non BLU/BLUD,Kota Bekasi,Jl. Raya Seroja No. 101 Harapan Jaya
3275390,Jawa Barat,51163.9,1381,RS Ibu dan Anak Selasih Medika,Rumah Sakit Khusus Ibu dan Anak,C,60,27,143,SWASTA/LAINNYA,Non BLU/BLUD,Kota Bekasi,Jl. Bintara Raya No. 05 Rt 002 Rw 005 Kel. Bintara Kec. Bekasi Barat Kota Bekasi Provinsi Jawa Barat Kode Pos 17134
3275094,Jawa Barat,51163.9,1381,RS Umum Mitra Keluarga Bekasi,Rumah Sakit Umum,B,205,56,712,SWASTA/LAINNYA,Non BLU/BLUD,Kota Bekasi,"Jl. Jend. Ahmad Yani - Kayuringin Jaya, Bekasi"
3275063,Jawa Barat,51163.9,1381,RS Primaya,Rumah Sakit Umum,B,205,112,204,Perusahaan,Non BLU/BLUD,Kota Bekasi,Jl. HM. Joyomartono RT 003 RW 021 Kelurahan Margahayu Kecamatan Bekasi Timur Kota Bekasi.
3216329,Jawa Barat,51163.9,1381,RS Umum Permata Cibubur,Rumah Sakit Umum,B,108,70,540,SWASTA/LAINNYA,Non BLU/BLUD,Kota Bekasi,"Jl. Alternatif Cibubur - Cileungsi No. 6A, Kec. Jati Sampurna, Bekasi"
3275013,Jawa Barat,51163.9,1381,RS Umum Daerah dr. Chasbullah Abdulmadjid,Rumah Sakit Umum,B,606,128,1597,Pemkot,BLUD,Kota Bekasi,Jl. Pramuka No. 55 Bekasi
3275046,Jawa Barat,51163.9,1381,RS Umum Mitra Keluarga Bekasi Timur,Rumah Sakit Umum,B,184,70,628,Perusahaan,Non BLU/BLUD,Kota Bekasi,"JL. Pengasinan, Rawa Semut, Margahayu Bekasi Timur "
3216218,Jawa Barat,51163.9,1381,RS Umum Ananda,Rumah Sakit Umum,B,228,74,69,SWASTA/LAINNYA,Non BLU/BLUD,Kota Bekasi,"Jl. Sultan Agung No. 173, Kec. Medan Satria - Kota Bekasi."
3275392,Jawa Barat,51163.9,1381,RS Primaya Bekasi Barat,Rumah Sakit Umum,B,250,121,558,Perusahaan,Non BLU/BLUD,Kota Bekasi,"Jl. KH. Noer Alie Kav. 17-18 (Kalimalang), Kel. Kayuringin Jaya, Kec. Bekasi Selatan"
3275115,Jawa Barat,51163.9,1381,RS Umum Hermina Bekasi,Rumah Sakit Umum,B,410,120,1037,SWASTA/LAINNYA,Non BLU/BLUD,Kota Bekasi,Jl. Kemakmuran No.39 Margajaya Bekasi
3275414,Jawa Barat,51163.9,1381,RS CItra Arafiq Bekasi,Rumah Sakit Umum,C,133,24,,SWASTA/LAINNYA,Non BLU/BLUD,Kota Bekasi,Jl. Macem Sumur Batu RT.004 RW.001 Kel. Cikiwul Kec. Bantar Gebang-Kota Bekasi
3275039,Jawa Barat,51163.9,1381,RS Umum Masmitra,Rumah Sakit Umum,C,103,41,156,SWASTA/LAINNYA,Non BLU/BLUD,Kota Bekasi," Jl. Kelurahan Jati Makmur No.40, Pondok Gede Kota Bekasi"
3275141,Jawa Barat,51163.9,1381,RS Umum Permata Bekasi,Rumah Sakit Umum,C,131,42,265,SWASTA/LAINNYA,Non BLU/BLUD,Kota Bekasi," Jl. Legenda Raya No. 9 Mustika Jaya, Bekasi"
3275057,Jawa Barat,51163.9,1381,RS Umum Karya Medika Bantar Gebang,Rumah Sakit Umum,C,100,32,142,Perusahaan,Non BLU/BLUD,Kota Bekasi,"Jl. Raya Narogong km. 11 Pangkalan 1A, Bantar Gebang Bekasi"
3216423,Jawa Barat,51163.9,1381,RS Umum Kartika Husada,Rumah Sakit Umum,C,101,25,154,SWASTA/LAINNYA,Non BLU/BLUD,Kota Bekasi,Jl. Raya Jatiasih No.72 Jatiasih-Bekasi
3275061,Jawa Barat,51163.9,1381,RS Helsa,Rumah Sakit Umum,C,104,27,177,SWASTA/LAINNYA,Non BLU/BLUD,Kota Bekasi,Jl. Raya Hankam No. 17 Pondok Melati Kota Bekasi 
3275052,Jawa Barat,51163.9,1381,RS Umum Juwita,Rumah Sakit Umum,C,100,30,110,SWASTA/LAINNYA,Non BLU/BLUD,Kota Bekasi,"Jl. M. Hasibuan No.78, Bekasi Timur"
3216427,Jawa Barat,51163.9,1381,RS Dokter Adam Talib Cikunir,Rumah Sakit Umum,C,101,22,106,SWASTA/LAINNYA,Non BLU/BLUD,Kota Bekasi,"Jl. Cikunir Raya dh/H. Napiah No.8, RT 006/RW 003 Jakamulya, Kec. Bekasi Selatan. Kota Bekasi Jawa Barat 17146"
3275307,Jawa Barat,51163.9,1381,RS Siloam Bekasi Sepanjang Jaya,Rumah Sakit Umum,C,101,30,231,SWASTA/LAINNYA,Non BLU/BLUD,Kota Bekasi,Jl. Pramuka No. 12 Rt. 004 Rw. 002 Kel. Sepanjang Jaya Kec. Rawalumbu Bekasi 
3275130,Jawa Barat,51163.9,1381,RS Umum Bhakti Kartini,Rumah Sakit Umum,C,105,40,197,Organisasi Sosial,Non BLU/BLUD,Kota Bekasi,Jl. R.A. Kartini No. 11 Bekasi
3216402,Jawa Barat,51163.9,1381,RS Umum Anna Medika,Rumah Sakit Umum,C,116,53,468,Perusahaan,Non BLU/BLUD,Kota Bekasi,"Jl. Raya Perjuangan No.45, RT.003/RW.003, Harapan Baru, Kec. Bekasi Utara, Kota Bekasi, Jawa Barat (17123)"
3275017,Jawa Barat,51163.9,1381,RS Karunia Kasih,Rumah Sakit Umum,C,104,25,180,SWASTA/LAINNYA,Non BLU/BLUD,Kota Bekasi," Jl. Raya Jatiwaringin No.133, Pd Gede Bekasi"
3275035,Jawa Barat,51163.9,1381,RS Siloam Sentosa,Rumah Sakit Umum,C,58,38,37,SWASTA/LAINNYA,Non BLU/BLUD,Kota Bekasi," Jl. Pahlawan No. 60, Duren Jaya Bekasi"
3216174,Jawa Barat,51163.9,1381,RS Umum Rawa Lumbu,Rumah Sakit Umum,C,119,48,129,Organisasi Sosial,Non BLU/BLUD,Kota Bekasi,"Jl. Dasa Darma Kav 20-23, Kelurahan Bojong Rawa Lumbu, Kecamatan Rawa Lumbu, Kota Bekasi, Provinsi Jawa Barat"
3275263,Jawa Barat,51163.9,1381,RS Umum Citra Harapan,Rumah Sakit Umum,C,107,28,287,SWASTA/LAINNYA,Non BLU/BLUD,Kota Bekasi,"Jl.Raya Harapan Indah Kawasan Sentra Niaga No. 3-5 Harapan Indah Pejuang, Medan Satria Kota Bekasi "
3275024,Jawa Barat,51163.9,1381,RS Mekar Sari,Rumah Sakit Umum,C,106,42,106,Organisasi Sosial,Non BLU/BLUD,Kota Bekasi,Jl. Mekar Sari No. 1 Bekasi
3275065,Jawa Barat,51163.9,1381,RS Primaya Bekasi Utara,Rumah Sakit Umum,C,107,54,261,Perusahaan,Non BLU/BLUD,Kota Bekasi,Villa Indah Permai Golden City Blok G No. 1 Teluk Pucung Bekasi Utara
3275207,Jawa Barat,51163.9,1381,RS Umum Graha Juanda,Rumah Sakit Umum,C,100,27,117,SWASTA/LAINNYA,Non BLU/BLUD,Kota Bekasi,"Jl. IR. H. Juanda No. 326, Bekasi Timur"
3275053,Jawa Barat,51163.9,1381,RS Umum Taman Harapan Baru,Rumah Sakit Umum,C,95,36,203,Perusahaan,Non BLU/BLUD,Kota Bekasi,Jl. Kaliabang Tengah No. 2 RT 004 / RW 023 Kel. Pejuang Kec. Medan Satria - kota bekasi 17131
3216448,Jawa Barat,51163.9,1381,RS Mitra Keluarga Pratama,Rumah Sakit Umum,C,100,77,29,SWASTA/LAINNYA,Non BLU/BLUD,Kota Bekasi,Jl. Raya Jatimekar Kel. Jatimekar Kec. Jatiasih Kota Bekasi
3275274,Jawa Barat,51163.9,1381,RS Umum Jati Sampurna,Rumah Sakit Umum,C,96,37,236,SWASTA/LAINNYA,Non BLU/BLUD,Kota Bekasi,Jl. Rawa Dolar RT. 003 RW. 007 Kel. Jatiraden Kec. Jatisampurna
3216389,Jawa Barat,51163.9,1381,RS Umum Hermina Galaxy,Rumah Sakit Umum,C,114,73,549,Perusahaan,Non BLU/BLUD,Kota Bekasi,jl. Gardenia Raya Blok BA I No.11 Grand Galaxy City Bekasi
3275062,Jawa Barat,51163.9,1381,RS Siloam Bekasi Timur,Rumah Sakit Umum,C,101,44,188,SWASTA/LAINNYA,Non BLU/BLUD,Kota Bekasi,"Jl. Charil Anwar Blu Plaza No 27, RT. 004 RW. 09 Kelurahan Margahayu Kecamatan Bekasi Timur"
3275196,Jawa Barat,51163.9,1381,RS Umum Bella,Rumah Sakit Umum,C,101,71,228,SWASTA/LAINNYA,Non BLU/BLUD,Kota Bekasi,"Jl. Ir. H .Juanda No. 141, Bekasi"
3216285,Jawa Barat,51163.9,1381,RS Umum St. Elisabeth,Rumah Sakit Umum,C,100,33,195,Organisasi Sosial,Non BLU/BLUD,Kota Bekasi,"Jl. Raya Narogong 202 KM.5,Kemang Pratama,Kel. BojongRawa Lumbu, Kec. Rawa Lumbu, Kota Bekasi."
3216445,Jawa Barat,51163.9,1381,RS EMC Pekayon,Rumah Sakit Umum,C,103,42,106,SWASTA/LAINNYA,Non BLU/BLUD,Kota Bekasi,Jl. Pulo Ribung RT. 001 RW. 021 Kelurahan Pekayon Jaya Kecamatan Bekasi Selatan Kota Bekasi
3275373,Jawa Barat,51163.9,1381,RS Umum Mitra Keluarga Cibubur,Rumah Sakit Umum,C,114,56,356,Perusahaan,Non BLU/BLUD,Kota Bekasi,"Jl. Alternatif  Transyogi, Cibubur"
3275060,Jawa Barat,51163.9,1381,RS Umum Satria Medika,Rumah Sakit Umum,C,103,23,215,SWASTA/LAINNYA,Non BLU/BLUD,Kota Bekasi,Jl. Raya Bantar Gebang Setu No 119 Kel Padurenan Kec Mustika Jaya
3275229,Jawa Barat,51163.9,1381,RS Umum Anna,Rumah Sakit Umum,C,107,36,130,SWASTA/LAINNYA,Non BLU/BLUD,Kota Bekasi,"Jalan Pekayon Raya No 36, Kelurahan Jaka Setia, Kecamatan Bekasi Selatan, Kota Bekasi, Provinsi Jawa Barat"
3275070,Jawa Barat,51163.9,1381,RS umum Daerah Teluk Pucung,Rumah Sakit Umum,D,50,26,,Pemkot,BLUD,Kota Bekasi,Jl. Lingkar Utara RT 002 RW 006 Kelurahan Teluk Pucung Kecamatan Bekasi Utara Kota Bekasi Provinsi Jawa Barat
3275083,Jawa Barat,51163.9,1381,RS Seto Hasbadi,Rumah Sakit Umum,D,54,22,152,Organisasi Sosial,Non BLU/BLUD,Kota Bekasi,"JL. Raya Seroja No. 19 Harapan Jaya, Bekasi Utara, Kota Bekasi, Jawa Barat, 17124"
3275066,Jawa Barat,51163.9,1381,RS Umum Daerah Jatisampurna,Rumah Sakit Umum,D,52,36,49,Pemkot,BLUD,Kota Bekasi,Jl. Raya Pasar Kranggan No. 26 RT 01 RW 04 Kelurahan Jatisampurna Kecamatan Jatisampurna Kota Bekasi Provinsi Jawa Barat 17433
3216396,Jawa Barat,51163.9,1381,RS Emhaka,Rumah Sakit Umum,D,50,20,133,Perusahaan,Non BLU/BLUD,Kota Bekasi,"Jln. Taman Harapan Baru Raya, Blok R1, No. 20"
3275064,Jawa Barat,51163.9,1381,RS Mustika Medika Bekasi,Rumah Sakit Umum,D,65,29,36,Perusahaan,Non BLU/BLUD,Kota Bekasi,Jalan Kelapa Dua no 110 RT 07 RW 08 Kelurahan Padurenan Kecamatan Mustikajaya Kota Bekasi
3275296,Jawa Barat,51163.9,1381,RS Umum Islam dr. Subki Abdulkadir,Rumah Sakit Umum,D,51,21,73,Organisasi Sosial,Non BLU/BLUD,Kota Bekasi,"Jl. R.A. Kartini No.66,Bekasi"
3275068,Jawa Barat,51163.9,1381,RS Umum Daerah Bantar Gebang,Rumah Sakit Umum,D,69,37,4,Pemkot,BLUD,Kota Bekasi,Jl. Raya Siliwangi KM 10 Rt 04 Rw 04 Kel. Bantar Gebang Kota Bekasi 
3275415,Jawa Barat,51163.9,1381,RS Paramedika,Rumah Sakit Umum,D,31,2,,SWASTA/LAINNYA,Non BLU/BLUD,Kota Bekasi,"Jl. Raya Kali Abang Tengah RT. 003/031 Kelurahan Pejuang, Kec. Medan Satria"
3275067,Jawa Barat,51163.9,1381,RS Umum Daerah Pondokgede,Rumah Sakit Umum,D,72,29,26,Pemkot,BLUD,Kota Bekasi,Jl. Raya Jatiwaringin 1 RT 01 RW 11 Kel. Jatiwaringin Kec. Pondok gede
3271162,Jawa Barat,51163.9,1381,RS Ibu dan Anak Pasutri,Rumah Sakit Khusus Ibu dan Anak,C,34,17,166,Perusahaan,Non BLU/BLUD,Kota Bogor,Jl. Merak No.3 Tanah Sareal Kota Bogor
3201246,Jawa Barat,51163.9,1381,RS Ibu dan Anak Bunda Suryatni,Rumah Sakit Khusus Ibu dan Anak,C,34,20,52,SWASTA/LAINNYA,Non BLU/BLUD,Kota Bogor,"Jl. KH. Sholeh Iskandar No,21 Tanah Sareal Kota Bogor"
3201243,Jawa Barat,51163.9,1381,RS Ibu dan Anak Sawojajar,Rumah Sakit Khusus Ibu dan Anak,C,40,18,24,SWASTA/LAINNYA,Non BLU/BLUD,Kota Bogor,"Jl. Sawojajar No, 9 Bogor Tengah Kota Bogor"
3271046,Jawa Barat,51163.9,1381,RS Jiwa dr. H. Marzoeki Mahdi,Rumah Sakit Khusus Jiwa,A,507,35,912,Kemkes ,BLU,Kota Bogor,Jl. dr. Sumeru No.114 Kota Bogor
3271013,Jawa Barat,51163.9,1381,RS Umum PMI Bogor,Rumah Sakit Umum,B,336,135,1248,Organisasi Sosial,Non BLU/BLUD,Kota Bogor,Jl. Raya Pajajaran No. 80 Bogor
3271104,Jawa Barat,51163.9,1381,RS Umum Daerah Kota Bogor,Rumah Sakit Umum,B,535,87,1605,Pemkot,BLUD,Kota Bogor,"Jl. DR. Sumeru No.120, Kota Bogor, Jawa Barat"
3271115,Jawa Barat,51163.9,1381,RS Umum Hermina Bogor,Rumah Sakit Umum,B,200,65,609,Perusahaan,Non BLU/BLUD,Kota Bogor,"Jl. Ring Road I Kav. 23,25,27 Perum Taman Yasmin Bogor"
3201254,Jawa Barat,51163.9,1381,Bogor Senior Hospital,Rumah Sakit Umum,C,112,49,173,SWASTA/LAINNYA,Non BLU/BLUD,Kota Bogor,Jl. Raya Tajur No. 168 Muarasari Bogor
3201218,Jawa Barat,51163.9,1381,RS Umum Islam Bogor,Rumah Sakit Umum,C,106,28,330,Organisasi Sosial,Non BLU/BLUD,Kota Bogor,"Jl. Perdana Raya No.22, Tanah Sareal, Kota Bogor"
3201257,Jawa Barat,51163.9,1381,RS Umum Nuraida,Rumah Sakit Umum,C,100,27,72,SWASTA/LAINNYA,Non BLU/BLUD,Kota Bogor,Jl. Achmad Sobana No. 105 Kelurahan Tegal Gundil Kecamatan Bogor Utara Kota Bogor
3201236,Jawa Barat,51163.9,1381,RS Umum Medika Dramaga,Rumah Sakit Umum,C,124,47,318,Perusahaan,Non BLU/BLUD,Kota Bogor,"Jl. Raya Dramaga Km.7,3 Margajaya-Bogor Barat-Kota Bogor"
3271161,Jawa Barat,51163.9,1381,RS Umum Melania,Rumah Sakit Umum,C,109,57,638,Perusahaan,Non BLU/BLUD,Kota Bogor,"Jl. Pahlawan No.91, Kota Bogor"
3271024,Jawa Barat,51163.9,1381,RS Umum Salak,Rumah Sakit Umum,C,152,38,375,TNI AD,BLU,Kota Bogor,Jl. Jend Sudirman No. 8 Kota Bogor
3271072,Jawa Barat,51163.9,1381,RS Umum Azra,Rumah Sakit Umum,C,103,76,296,Perusahaan,Non BLU/BLUD,Kota Bogor,"Jl. Raya Pajajaran No.219, Bogor Utara Kota Bogor"
3271164,Jawa Barat,51163.9,1381,RS Umum Mulia Pajajaran,Rumah Sakit Umum,C,120,35,151,Perusahaan,Non BLU/BLUD,Kota Bogor,"Jl. Raya Pajajaran No. 98, Bantarjati - Bogor Utara, Kota Bogor"
3201241,Jawa Barat,51163.9,1381,RS Umum Ummi,Rumah Sakit Umum,C,201,42,343,Perusahaan,Non BLU/BLUD,Kota Bogor,Jl. Empang II No. 2 Bogor Selatan Kota Bogor
3201240,Jawa Barat,51163.9,1381,RS Umum Juliana,Rumah Sakit Umum,C,112,26,132,SWASTA/LAINNYA,Non BLU/BLUD,Kota Bogor,Jl. Raya Tajur No. 75 Bogor Timur Kota Bogor
3271168,Jawa Barat,51163.9,1381,RS Graha Medika Bogor,Rumah Sakit Umum,C,147,14,,Perusahaan,Non BLU/BLUD,Kota Bogor,Jl. KH Abdullah Bin Nuh No. 2
3201251,Jawa Barat,51163.9,1381,RS Umum Siloam Hospitals Bogor,Rumah Sakit Umum,C,104,52,268,Perusahaan,Non BLU/BLUD,Kota Bogor,"Jl. Pajajaran No. 27 Bogor Tengah, Kota Bogor"
3271126,Jawa Barat,51163.9,1381,Mayapada Hospital Bogor,Rumah Sakit Umum,C,104,63,503,Perusahaan,Non BLU/BLUD,Kota Bogor,"Jl. Pajajaran Indah V No.97, Bogor Timur Kota Bogor"
3271163,Jawa Barat,51163.9,1381,RS Umum Vania,Rumah Sakit Umum,C,113,53,138,Perusahaan,Non BLU/BLUD,Kota Bogor,"JL. Siliwangi No. 11, Kel. Sukasari, Kec. Bogor Timur Kota Bogor"
3271166,Jawa Barat,51163.9,1381,RS Umum Bhayangkara Tk. IV Bogor,Rumah Sakit Umum,D,65,20,30,POLRI,Non BLU/BLUD,Kota Bogor,Jl. Kapten Muslihat No. 18 Paledang Bogor Tengah Kota Bogor
3277022,Jawa Barat,51163.9,1381,RS Gigi dan Mulut Pendidikan Unjani,Rumah Sakit Khusus Gigi dan Mulut,B,13,12,86,SWASTA/LAINNYA,Non BLU/BLUD,Kota Cimahi,Jl. Encep Kartawiria no. 88 Kel. Citeureup Kec. Cimahi Utara 
3277031,Jawa Barat,51163.9,1381,RS Umum Tk. II Dustira,Rumah Sakit Umum,B,453,127,1422,TNI AD,BLU,Kota Cimahi,Jl. dr. Dustira No.1 Kel. Baros Kec. Cimahi Tengah 
3277020,Jawa Barat,51163.9,1381,RS Umum Daerah Cibabat,Rumah Sakit Umum,B,303,78,647,Pemkot,BLUD,Kota Cimahi, Jl. Jend. H. Amir Machmud No. 140 Kel. Cibabat Kec. Cimahi Utara
3277018,Jawa Barat,51163.9,1381,RS Umum Mitra Anugrah Lestari,Rumah Sakit Umum,C,100,39,158,Organisasi Sosial,Non BLU/BLUD,Kota Cimahi," Jl. Cibaligo No.76, Kel. Cigugur Tengah Kec. Cimahi Tengah "
3277019,Jawa Barat,51163.9,1381,RS Umum Avisena,Rumah Sakit Umum,C,138,37,225,Perusahaan,Non BLU/BLUD,Kota Cimahi,"Jl. Melong 170 RT 04 RW 05 Kelurahan Melong, Kecamatan Cimahi Selatan, Kota Cimahi, JAWA BARAT"
3277021,Jawa Barat,51163.9,1381,RS Umum Kasih Bunda,Rumah Sakit Umum,C,190,75,340,Perusahaan,Non BLU/BLUD,Kota Cimahi,Jl. Mahar Martanegara No.166 Kel. Baros Kec. Cimahi Tengah
3204075,Jawa Barat,51163.9,1381,RS Umum Mitra Kasih,Rumah Sakit Umum,C,263,218,125,Organisasi Sosial,Non BLU/BLUD,Kota Cimahi,Jl. Jend.Amir Machmud No.341 Kel. Cigugur Tengah Kec. Cimahi Tengah Kota Cimahi
3277023,Jawa Barat,51163.9,1381,RS Umum Baros,Rumah Sakit Umum,D,86,30,16,Perusahaan,Non BLU/BLUD,Kota Cimahi,"Jl. Raya Baros No.E46 RT. 01 RW. 15, Kelurahan Baros, Kecamatan Cimahi Tengah, Kota Cimahi 40521, Provinsi Jawa Barat"
3274137,Jawa Barat,51163.9,1381,RS Ibu dan Anak Cahaya Bunda,Rumah Sakit Khusus Ibu dan Anak,C,36,28,93,SWASTA/LAINNYA,Non BLU/BLUD,Kota Cirebon,Jl. Raya Perjuangan No. 8 Cirebon
3274016,Jawa Barat,51163.9,1381,RS Umum Daerah Gunung Jati,Rumah Sakit Umum,B,418,114,1232,Pemkot,BLUD,Kota Cirebon,Jl. Kesambi No. 56 Cirebon 45134
3274020,Jawa Barat,51163.9,1381,RS Umum Tk. III Ciremai,Rumah Sakit Umum,B,210,41,647,TNI AD,BLU,Kota Cirebon,Jl. Kesambi No. 237 Cirebon
3274064,Jawa Barat,51163.9,1381,RS Umum Putera Bahagia,Rumah Sakit Umum,C,113,34,160,Perusahaan,Non BLU/BLUD,Kota Cirebon,Jl. Ciremai Raya No 114 Perumnas Cirebon
3274031,Jawa Barat,51163.9,1381,RS Umum Panti Abdi Dharma,Rumah Sakit Umum,C,101,22,63,SWASTA/LAINNYA,Non BLU/BLUD,Kota Cirebon,Jl. Pulasaren No.07 Cirebon 45114
3274134,Jawa Barat,51163.9,1381,RS Umum Medimas,Rumah Sakit Umum,C,100,47,176,SWASTA/LAINNYA,Non BLU/BLUD,Kota Cirebon,"Jl. Evakuasi No. 116 Cirebon Kelurahan Karyamulya, Kecamatan Kesambi, Kota Cirebon, Provinsi Jawa Barat"
3274053,Jawa Barat,51163.9,1381,RS Umum Pelabuhan Cirebon,Rumah Sakit Umum,C,127,39,265,BUMN,Non BLU/BLUD,Kota Cirebon,Jl. Sisingamangaraja No.45 Cirebon 45112
3274090,Jawa Barat,51163.9,1381,RS Umum Sumber Kasih,Rumah Sakit Umum,C,190,55,291,SWASTA/LAINNYA,Non BLU/BLUD,Kota Cirebon,Jl. Siliwangi No.135 Cirebon
3274100,Jawa Barat,51163.9,1381,RS Umum Budi Asta,Rumah Sakit Umum,D,51,38,46,Organisasi Sosial,Non BLU/BLUD,Kota Cirebon,"Jl. Kalitanjung No.51, Kec. Harjamukti, Kel. Harjamukti, Kota Cirebon, Jawa Barat"
3274111,Jawa Barat,51163.9,1381,RS Umum Muhammadiyah,Rumah Sakit Umum,D,49,13,65,Organisasi Islam ,Non BLU/BLUD,Kota Cirebon,Jl. Dr. Wahidin Sudirohusodo No.79 Cirebon
3276149,Jawa Barat,51163.9,1381,RS Ibu dan Anak Setya Bhakti,Rumah Sakit Khusus Ibu dan Anak,C,35,16,54,Perusahaan,Non BLU/BLUD,Kota Depok,Jl. Raya Bogor KM.30 Kel. Mekarsari Kec. Cimanggis
3201141,Jawa Barat,51163.9,1381,RS Ibu dan Anak Tumbuh Kembang,Rumah Sakit Khusus Ibu dan Anak,C,66,27,,Organisasi Sosial,Non BLU/BLUD,Kota Depok,Jl. Raya Bogor Km.31 No.23 Cimanggis Kota Depok
3276147,Jawa Barat,51163.9,1381,RS Ibu dan Anak Asyifa Depok,Rumah Sakit Khusus Ibu dan Anak,C,30,24,28,Perusahaan,Non BLU/BLUD,Kota Depok,"Jl.Raya Depok - Cinere No 09, Rkp. Jaya Baru, Depok"
3276150,Jawa Barat,51163.9,1381,RS Jantung Diagram,Rumah Sakit Khusus Jantung,B,75,47,191,Perusahaan,Non BLU/BLUD,Kota Depok,Jl. Cinere Raya No.19
3201256,Jawa Barat,51163.9,1381,RS Universitas Indonesia,Rumah Sakit Umum,A,300,147,120,Kementerian Lain,Non BLU/BLUD,Kota Depok,"Jl. Prof. Dr. Bahder Djohan, Kampus Universitas Indonesia Depok"
3276017,Jawa Barat,51163.9,1381,RS Umum Sentra Medika,Rumah Sakit Umum,B,210,48,542,SWASTA/LAINNYA,Non BLU/BLUD,Kota Depok," Jl. Raya Bogor KM. 33 Cisalak, Sukmajaya, Depok"
3201072,Jawa Barat,51163.9,1381,RS Umum Puri Cinere,Rumah Sakit Umum,B,202,114,901,SWASTA/LAINNYA,Non BLU/BLUD,Kota Depok,"Jl. Maribaya No.1 Puri Cinere,Kelurahan Pangkalan Jati, Kecamatan Cinere, Kota Depok, Provinsi Jawa Barat"
3201185,Jawa Barat,51163.9,1381,RS Umum Meilia,Rumah Sakit Umum,B,203,65,416,SWASTA/LAINNYA,Non BLU/BLUD,Kota Depok,"Jl. Alternatif Cibubur KM. 1, Kel. Harjamukti, Cimanggis, Kota Depok"
3201126,Jawa Barat,51163.9,1381,RS Umum Hermina Depok,Rumah Sakit Umum,B,277,107,877,Organisasi Sosial,Non BLU/BLUD,Kota Depok,Jl. Raya Siliwangi No. 50 Pancoran Mas Depok
3276154,Jawa Barat,51163.9,1381,RS Umum Alia Hospital,Rumah Sakit Umum,B,221,40,162,Perusahaan,Non BLU/BLUD,Kota Depok,Jl. Kartini No. 2 RT. 001 RW. 009 Kelurahan Depok Kecamatan Pancoran Mas
3276166,Jawa Barat,51163.9,1381,RS Umum Citra Arafiq Sawangan,Rumah Sakit Umum,C,191,22,,SWASTA/LAINNYA,Non BLU/BLUD,Kota Depok,Jl. Kemang Dalam RT 003 RW 004 Kel. Duren Seribu Kec. Bojongsari Kota Depok
3276169,Jawa Barat,51163.9,1381,RS Umum Anak Negeri Hospital,Rumah Sakit Umum,C,96,28,,Perusahaan,Non BLU/BLUD,Kota Depok,"Jl. Raya Keadilan No. 16 Kp. Rawa Denok RT/RW 04/12 Kel. Rangkapan Jaya Baru, Kec. Pancoran Mas"
3201196,Jawa Barat,51163.9,1381,RS Umum Bunda Margonda,Rumah Sakit Umum,C,111,89,256,SWASTA/LAINNYA,Non BLU/BLUD,Kota Depok,"Jl. Margonda Raya No.28 RT002 RW003 Kelurahan Pondok Cina Kecamatan Beji , Depok - Jawa Barat"
3276167,Jawa Barat,51163.9,1381,RS Primaya Depok,Rumah Sakit Umum,C,111,45,,SWASTA/LAINNYA,Non BLU/BLUD,Kota Depok,Jl. H. Dimun Raya RT.001 RW.024 Sukamaju Kec. Cilodong
3276152,Jawa Barat,51163.9,1381,RS Umum Citra Medika Depok,Rumah Sakit Umum,C,101,29,122,SWASTA/LAINNYA,Non BLU/BLUD,Kota Depok,"Jl. Raya Kalimulya No. 68, RT 6 RW 7, Kel. Kalimulya Kec. Cilodong"
3276124,Jawa Barat,51163.9,1381,RS Umum Daerah Khidmat Sehat Afiat Kota Depok,Rumah Sakit Umum,C,229,47,490,Pemkot,BLUD,Kota Depok,Jl. Raya Muchtar No. 99 Sawangan 
3276135,Jawa Barat,51163.9,1381,RS Umum Simpangan Depok,Rumah Sakit Umum,C,100,30,178,Perusahaan,Non BLU/BLUD,Kota Depok,"Jl. Raya Bogor Km.36 , Kel. Sukamaju, Kec. Cilodong, Depok 16414, Jawa Barat"
3276028,Jawa Barat,51163.9,1381,RS Umum Mitra Keluarga Depok,Rumah Sakit Umum,C,117,62,251,Perusahaan,Non BLU/BLUD,Kota Depok,"Jl. Margonda Raya, Pancoran Mas, Depok, Jawa Barat"
3201061,Jawa Barat,51163.9,1381,RS Umum Tugu Ibu,Rumah Sakit Umum,C,118,26,360,Organisasi Sosial,Non BLU/BLUD,Kota Depok,Jl. Raya Bogor Km 29 Cimanggis - Depok
3276168,Jawa Barat,51163.9,1381,RS Umum Daerah Anugerah Sehat Afiat,Rumah Sakit Umum,C,108,32,,Pemkot,BLUD,Kota Depok,"Jl. Raya Tapos, RT 005 RW 004, Kel. Cimpaeun, Kec. Tapos"
3276146,Jawa Barat,51163.9,1381,RS Umum Hasanah Graha Afiah,Rumah Sakit Umum,C,113,69,428,Perusahaan,Non BLU/BLUD,Kota Depok,Jl. Raden Saleh No.42 (Studio Alam TVRI) Depok
3201035,Jawa Barat,51163.9,1381,RS Umum Bhakti Yudha,Rumah Sakit Umum,C,118,52,514,Organisasi Sosial,Non BLU/BLUD,Kota Depok,Jl. Raya Sawangan No. 2A Depok
3276039,Jawa Barat,51163.9,1381,RS Umum Bhayangkara Brimob,Rumah Sakit Umum,C,157,67,164,POLRI,BLU,Kota Depok,"JL Komjen Pol. M Yasin, Kelapadua, Cimanggis"
3276153,Jawa Barat,51163.9,1381,RS Umum Citra Arafiq,Rumah Sakit Umum,C,195,48,38,Perusahaan,Non BLU/BLUD,Kota Depok,Jl. Perindustrian Raya No.53 Baktijaya Sukmajaya 
3276041,Jawa Barat,51163.9,1381,RS Umum Grha Permata Ibu,Rumah Sakit Umum,C,137,50,519,Perusahaan,Non BLU/BLUD,Kota Depok,Jl. KH. M. Usman No 168 Kukusan Depok
3276151,Jawa Barat,51163.9,1381,RS Umum Permata Depok,Rumah Sakit Umum,C,130,102,385,Perusahaan,Non BLU/BLUD,Kota Depok,Jl. Raya Muchtar No.22 Sawangan
3276155,Jawa Barat,51163.9,1381,RS Umum Brawijaya Bojongsari,Rumah Sakit Umum,D,41,37,60,SWASTA/LAINNYA,Non BLU/BLUD,Kota Depok,"Jl. Raya Parung Ciputat RT 002 RW 002 Bojongsari  Baru, Bojongsari, Kota Depok, Jawa Barat 16516"
3272014,Jawa Barat,51163.9,1381,"RS Umum Daerah R. Syamsudin, SH",Rumah Sakit Umum,B,538,108,1509,Pemkot,BLUD,Kota Sukabumi,Jl. Rumah Sakit No. 1 Kota Sukabumi
3272051,Jawa Barat,51163.9,1381,RS Umum Assyifa Sukabumi,Rumah Sakit Umum,C,174,40,472,Organisasi Sosial,Non BLU/BLUD,Kota Sukabumi,Jl. Jend Sudirman No. 3 Kel. Gunungpuyuh Kec. Gunungpuyuh Kota Sukabumi
3272025,Jawa Barat,51163.9,1381,RS Umum Bhayangkara Setukpa Lemdikpol,Rumah Sakit Umum,C,139,76,388,POLRI,BLU,Kota Sukabumi,Jl. Aminta Azmali No. 59A Kota Sukabumi
3272062,Jawa Barat,51163.9,1381,RS Umum Kartika Kasih,Rumah Sakit Umum,C,161,32,312,SWASTA/LAINNYA,Non BLU/BLUD,Kota Sukabumi," Jl. Jenderal Ahmad Yani No.18A, Kota Sukabumi"
3272075,Jawa Barat,51163.9,1381,RS Umum Daerah Al-Mulk,Rumah Sakit Umum,D,50,20,167,Pemkot,BLUD,Kota Sukabumi," Jl. Pelabuhan 2 KM 6 Lembursitu, Kecamatan Lembursitu, Kota Sukabumi Provinsi Jawa Barat"
3272036,Jawa Barat,51163.9,1381,RS Umum Ridogalih,Rumah Sakit Umum,D,63,28,146,Organisasi Sosial,Non BLU/BLUD,Kota Sukabumi,Jl. Gudang No. 24 Sukabumi
3278017,Jawa Barat,51163.9,1381,RS Ibu dan Anak Widaningsih,Rumah Sakit Khusus Ibu dan Anak,C,27,15,65,Perusahaan,Non BLU/BLUD,Kota Tasikmalaya,"Jl. Sutisna Senjaya No.130, Cikalang, Kec. Tawang, Kota. Tasikmalaya, Jawa Barat 46113"
3278016,Jawa Barat,51163.9,1381,RS Ibu dan Anak Sayang Bunda,Rumah Sakit Khusus Ibu dan Anak,C,26,11,17,SWASTA/LAINNYA,Non BLU/BLUD,Kota Tasikmalaya,"Jln. Sukalaya 1 No 22 Kel. Argasari Kec. Cihideung Kota Tasikmalaya 46122,  Jawa Barat"
3278015,Jawa Barat,51163.9,1381,RS Ibu dan Anak Ummi,Rumah Sakit Khusus Ibu dan Anak,C,30,14,11,SWASTA/LAINNYA,Non BLU/BLUD,Kota Tasikmalaya,Jl. Paseh No. 10 Tuguraja Cihideung Kota Tasikmalaya
3278021,Jawa Barat,51163.9,1381,RS Ibu dan Anak Bunda Aisyah,Rumah Sakit Khusus Ibu dan Anak,C,67,25,44,SWASTA/LAINNYA,Non BLU/BLUD,Kota Tasikmalaya,Jl. RE. Martadinata No. 200 B Cipedes Kota Tasikmalaya
3206083,Jawa Barat,51163.9,1381,RS Ibu dan Anak dr. Hj. Karmini EH,Rumah Sakit Khusus Ibu dan Anak,C,30,25,75,Organisasi Sosial,Non BLU/BLUD,Kota Tasikmalaya,Jl.RSU No 56-58 Kel. Kahuripan Kec. Tawang Kota Tasikmalaya Provinsi Jawa Barat
3278094,Jawa Barat,51163.9,1381,RS Jantung dan Pembuluh Darah Tasikmalaya,Rumah Sakit Khusus Jantung,B,76,47,,Perusahaan,Non BLU/BLUD,Kota Tasikmalaya,"Jl. Moch. Hatta, Kp. Kalangsari RT.001/RW.020, Desa/Kelurahan Sukamanah, Kec. Cipedes"
3206011,Jawa Barat,51163.9,1381,RS Umum Daerah dr. Soekardjo,Rumah Sakit Umum,B,465,39,392,Pemkot,BLUD,Kota Tasikmalaya," Jl. Rumah Sakit 33 Tasikmalaya, Kel. Empangsari, Kec. Tawang, Kota Tasikmalaya, Provinsi Jawa Barat."
3206070,Jawa Barat,51163.9,1381,RS Umum Jasa Kartini,Rumah Sakit Umum,C,199,95,624,Perusahaan,Non BLU/BLUD,Kota Tasikmalaya,Jalan Otto Iskandardinata No. 15 Kel. Empangsari Kec. Tawang 
3278014,Jawa Barat,51163.9,1381,RS Umum Tasik Medika Citratama (TMC),Rumah Sakit Umum,C,190,48,490,Perusahaan,Non BLU/BLUD,Kota Tasikmalaya,Jl. K.H.Z. Mustofa No. 310 Kel. Tuguraja Kec. Cihideung 
3278081,Jawa Barat,51163.9,1381,RS Umum Prasetya Bunda,Rumah Sakit Umum,C,106,29,277,SWASTA/LAINNYA,Non BLU/BLUD,Kota Tasikmalaya,"Jl. Ir. H. Juanda No.1 RT03/RW03, Kelurahan Panyingkiran, Kecamatan Indihiang, Kota Tasikmalaya, Provinsi Jawa Barat, 46411"
3278082,Jawa Barat,51163.9,1381,RS Umum Permata Bunda,Rumah Sakit Umum,C,100,35,46,SWASTA/LAINNYA,Non BLU/BLUD,Kota Tasikmalaya,Jl. HR. Wasita Kusumah No. 1 Indihiang Kota Tasikmalaya
3278093,Jawa Barat,51163.9,1381,RS Hermina Tasikmalaya,Rumah Sakit Umum,C,111,25,,SWASTA/LAINNYA,Non BLU/BLUD,Kota Tasikmalaya,Jl. Ir H. Juanda No. 7A RT. 03 RW. 14 Kel. Cipedes Kec Cipedes 46133
3278095,Jawa Barat,51163.9,1381,Rumah Sakit Umum Daerah Dewi Sartika,Rumah Sakit Umum,D,,1,,Pemkot,Non BLU/BLUD,Kota Tasikmalaya,Jalan Cibeuti Kelurahan Talagasari Kecamatan Kawalu Tasikmalaya
3206055,Jawa Barat,51163.9,1381,RS Umum Islam Hj. Siti Muniroh,Rumah Sakit Umum,D,70,29,41,Organisasi Islam ,Non BLU/BLUD,Kota Tasikmalaya,Jl. Tamansari No 228 Kelurahan Mulyasari Kecamatan Tamansari 
3278018,Jawa Barat,51163.9,1381,RS Umum Syifa Medina,Rumah Sakit Umum,D,50,27,125,SWASTA/LAINNYA,Non BLU/BLUD,Kota Tasikmalaya,Jl. Bantar No. 15A Kelurahan Argasari Kecamatan Cihideung Kota Tasikmalaya
3208061,Jawa Barat,51163.9,1381,RS Jantung Hasna Medika Kuningan,Rumah Sakit Khusus Jantung,B,75,33,134,Perusahaan,Non BLU/BLUD,Kuningan,Jl. Raya Cigugur Lingkungan Manis RT. 030 RW. 011 Kecamatan Cigugur
3208013,Jawa Barat,51163.9,1381,RS Umum Daerah 45 Kuningan,Rumah Sakit Umum,B,216,73,445,Pemkab,BLU,Kuningan,Jl. Jendral Sudirman No. 68 Kuningan
3208060,Jawa Barat,51163.9,1381,RS Umum KMC Luragung,Rumah Sakit Umum,C,145,20,133,Perusahaan,Non BLU/BLUD,Kuningan,Dusun Rahayu RT.002/001 Desa Cirahayu Kec. Luragung Kab. Kuningan
3208058,Jawa Barat,51163.9,1381,RS Umum Kuningan Medical Center,Rumah Sakit Umum,C,159,45,238,Perusahaan,Non BLU/BLUD,Kuningan,Jl.R.E. Martadinata No. 1 Kertawangunan Kec. Sindangagung Kab. Kuningan
3208035,Jawa Barat,51163.9,1381,RS Umum Sekar Kamulyan,Rumah Sakit Umum,C,102,28,313,Organisasi Sosial,Non BLU/BLUD,Kuningan,Jl. Rumah Sakit No. 28 Kec.  Cigugur Kab. Kuningan
3208024,Jawa Barat,51163.9,1381,RS Umum Wijaya Kusumah,Rumah Sakit Umum,C,120,30,189,Organisasi Sosial,Non BLU/BLUD,Kuningan,Jl. RE Martadinata No. 172 Kab. Kuningan
3208065,Jawa Barat,51163.9,1381,RS Permata Kuningan,Rumah Sakit Umum,C,152,32,93,Perusahaan,Non BLU/BLUD,Kuningan,"Jl. Cut Nyak Dien RT. 007 RW. 002, kelurahan Cijoho, Kecamatan Kuningan, Kabupaten Kuningan,  Provinsi Jawa - Barat. 45513"
3208059,Jawa Barat,51163.9,1381,RS Umum Daerah Linggajati Kuningan,Rumah Sakit Umum,C,110,28,109,Pemkab,BLUD,Kuningan,Jln. Raya Bandorasa Wetan - Cilimus No.36 Kec.Cilimus  Kab. Kuningan
3208046,Jawa Barat,51163.9,1381,RS Umum Juanda,Rumah Sakit Umum,C,185,19,328,Perusahaan,Non BLU/BLUD,Kuningan,"Jl. Ir. H. Juanda No.207, Purwawinangun, Kec. Kuningan, Kabupaten Kuningan, Jawa Barat 45511"
3208076,Jawa Barat,51163.9,1381,RS Pradipa Medika,Rumah Sakit Umum,D,61,35,,SWASTA/LAINNYA,Non BLU/BLUD,Kuningan,"JL. CARACAS-MANDIRANCAN NO. 144 RT/RW 012/003 DESA CARACAS, KECAMATAN CILIMUS, KABUPATEN KUNINGAN, PROVINSI JAWA BARAT"
3208057,Jawa Barat,51163.9,1381,RS Umum El-Syifa,Rumah Sakit Umum,D,61,23,57,Perusahaan,Non BLU/BLUD,Kuningan,"Jl. RE. Martadinata No.108, Desa Ancaran, Kecamatan Kuningan, Kabupaten Kuningan, Provinsi Jawa Barat"
3210036,Jawa Barat,51163.9,1381,RS Bedah Budi Kasih,Rumah Sakit Khusus Bedah,C,25,21,68,Organisasi Sosial,Non BLU/BLUD,Majalengka,Jl. Raya Siliwangi Panyingkiran Km.7 No.84 Kel. Karyamukti Kec. Panyingkiran Kab. Majalengka Prov. Jawa Barat
3210025,Jawa Barat,51163.9,1381,RS Umum Daerah Cideres,Rumah Sakit Umum,B,259,65,619,Pemkab,BLUD,Majalengka,Jl. Raya Cideres  - Kadipaten No. 180 Desa Bojong Cideres Kecamatan Dawuan Kabupaten Majalengka 45453
3210038,Jawa Barat,51163.9,1381,RS Umum Livasya,Rumah Sakit Umum,C,105,19,,SWASTA/LAINNYA,Non BLU/BLUD,Majalengka,"Jl. Raya Timur III No.875, Dawuan, Kec. Dawuan, Kabupaten Majalengka, Jawa Barat 45453"
3210037,Jawa Barat,51163.9,1381,RS Mitra Plumbon Majalengka,Rumah Sakit Umum,C,228,20,139,Perusahaan,Non BLU/BLUD,Majalengka,"Jl. Raya Barat Pasar Prapatan No. 109  Desa Panjalin Kidul Kec. Sumberjaya , Kab. Majalengka 45455"
3210014,Jawa Barat,51163.9,1381,RS Umum Daerah Majalengka,Rumah Sakit Umum,C,218,53,417,Pemkab,BLUD,Majalengka, Jl. Kesehatan No.77 Majalengka
3210049,Jawa Barat,51163.9,1381,RS Umum Daerah Talaga,Rumah Sakit Umum,D,50,10,,Pemkab,Non BLU/BLUD,Majalengka,"Jl. Raya Majalengka-Cikijing, Blok Cipeucang I Desa Talaga Wetan, Kecamatan Talaga"
3218001,Jawa Barat,51163.9,1381,RS Umum Daerah Pandega Pangandaran,Rumah Sakit Umum,C,247,29,467,Pemkab,BLUD,Pangandaran,Jl. Merdeka Desa Pananjung Kecamatan Pangandaran Kabupaten Pangandaran Kode Pos 46396
3214036,Jawa Barat,51163.9,1381,RS Ibu dan Anak Dian,Rumah Sakit Khusus Ibu dan Anak,C,51,25,64,Perusahaan,Non BLU/BLUD,Purwakarta,"Jl. Raya Cibogo Hilir, Kp. Sukasari, RT/RW 004/002 Ds. Cibogohilir, Kec. Plered, Kab. Purwakarta, Provinsi Jawa Barat, 41162."
3214031,Jawa Barat,51163.9,1381,RS Umum Siloam Purwakarta,Rumah Sakit Umum,B,261,57,513,Perusahaan,Non BLU/BLUD,Purwakarta,"Jl. Bungursari No.1, Purwakarta"
3214011,Jawa Barat,51163.9,1381,RS Umum Daerah Bayu Asih,Rumah Sakit Umum,B,261,108,752,Pemkab,BLUD,Purwakarta,Jl. Veteran No. 39 Purwakarta
3214032,Jawa Barat,51163.9,1381,RS Umum dr. Abdul Radjak Purwakarta,Rumah Sakit Umum,B,247,58,605,Perusahaan,Non BLU/BLUD,Purwakarta,Jl. Raya Bungur Sari No. 36 Purwakarta
3214035,Jawa Barat,51163.9,1381,RS Umum Amira,Rumah Sakit Umum,C,145,38,259,Perusahaan,Non BLU/BLUD,Purwakarta,Jl. Ipik Gandamanah RT 35 / 03 Munjul Jaya Kab. Purwakarta
3214033,Jawa Barat,51163.9,1381,RS Umum Asri Purwakarta,Rumah Sakit Umum,C,134,31,315,Perusahaan,Non BLU/BLUD,Purwakarta,Jl. Veteran No. 15
3214037,Jawa Barat,51163.9,1381,RS Umum Holistic Purwakarta,Rumah Sakit Umum,C,130,32,126,Perusahaan,Non BLU/BLUD,Purwakarta,"Jl. Terusan Kapten Halim KM.09 Salamulya, Pondoksalam, Purwakarta"
3214038,Jawa Barat,51163.9,1381,RS Umum Bhakti Husada II Purwakarta,Rumah Sakit Umum,C,88,26,133,Perusahaan,Non BLU/BLUD,Purwakarta,Jl. Raya Sadang-Subang KM 5 RT 01/01 Cikumpay Campaka Purwakarta
3214034,Jawa Barat,51163.9,1381,RS Umum Rama Hadi,Rumah Sakit Umum,C,149,91,330,Perusahaan,Non BLU/BLUD,Purwakarta,Jl.Raya Sadang - Subang RT 17/04 Desa Ciwangi Kec. Bungursari Kab. Purwakarta
3214040,Jawa Barat,51163.9,1381,RS Umum Karina Medika,Rumah Sakit Umum,D,75,21,133,Perusahaan,Non BLU/BLUD,Purwakarta,JL Baru Kp. Krajan RT 31 RW 09 Desa Maracang  Kec. Babakancikao Kab. Purwakarta  41151
3213049,Jawa Barat,51163.9,1381,RS Khusus Ibu dan Anak Grha Mutiara,Rumah Sakit Khusus Ibu dan Anak,C,33,11,44,Perusahaan,Non BLU/BLUD,Subang,Jl. Brigjen Katamso No. 4 Subang  41212 Kp. Sukawening RT. 62 RW. 20 Kelurahan Cigadung Kecamatan Subang Kabupaten Subang Provinsi Jawa Barat
3213010,Jawa Barat,51163.9,1381,RS Umum Daerah Subang,Rumah Sakit Umum,B,250,101,551,Pemkab,BLUD,Subang, Jl. Brigjen Katamso No. 37  Subang
3213061,Jawa Barat,51163.9,1381,RS Rayhan,Rumah Sakit Umum,C,103,23,,SWASTA/LAINNYA,Non BLU/BLUD,Subang,"Jl. Raya Sadang - Subang KM 17 ,Desa Wantilan, Kecamatan Cipeundeuy, Kabupaten Subang, Jawa Barat, 41272"
3213062,Jawa Barat,51163.9,1381,RS Hamori,Rumah Sakit Umum,C,119,27,,SWASTA/LAINNYA,Non BLU/BLUD,Subang,"Jl. Raya Pagaden Subang Ds. jabong, Kec. Pagaden, Kab. Subang, Jawa Barat"
3213045,Jawa Barat,51163.9,1381,RS Umum Pamanukan Medical Center (PMC),Rumah Sakit Umum,C,100,32,185,Perusahaan,Non BLU/BLUD,Subang,"Jl. Raya Rancasari KM 4,35  Rt 10/Rw 04 Ds.Rancasari Kec.Pamanukan Kab.Subang"
3213044,Jawa Barat,51163.9,1381,RS Umum Mutiara Hati,Rumah Sakit Umum,C,100,21,55,SWASTA/LAINNYA,Non BLU/BLUD,Subang,Jl. Raya Pagaden Rt 15/04 Desa Sukamulya Kec.Pagaden Subang
3213021,Jawa Barat,51163.9,1381,RS Umum PTPN VIII ,Rumah Sakit Umum,D,105,27,283,BUMN,Non BLU/BLUD,Subang,Jl. Otto Iskandardinata No.1 Kab. Subang
3213047,Jawa Barat,51163.9,1381,RS Umum Haji Syaiful Anwar,Rumah Sakit Umum,D,55,24,42,SWASTA/LAINNYA,Non BLU/BLUD,Subang,Jl. Raya Cipunagara RT. 39 RW. 10 Desa Kamarung Kecamatan Pagaden Kabupaten Subang Provinsi Jawa Barat
3213032,Jawa Barat,51163.9,1381,RSAU dr. Hoediyono Lanud Suryadarma,Rumah Sakit Umum,D,65,13,71,TNI AU,Non BLU/BLUD,Subang,Jl. Raya Baru No. 10 Desa/Kel. Kalijati Barat Kec. Kalijati Kab. Subang
3202014,Jawa Barat,51163.9,1381,RS Umum Daerah Sekarwangi,Rumah Sakit Umum,B,326,120,466,Pemkab,BLUD,Sukabumi,Jl. Siliwangi No. 49 Cibadak Sukabumi
3202040,Jawa Barat,51163.9,1381,RS Umum Daerah Palabuhanratu,Rumah Sakit Umum,C,244,30,464,Pemkab,BLUD,Sukabumi,Jl. Ahmad Yani No.2 Palabuhanratu
3202051,Jawa Barat,51163.9,1381,RS Umum Daerah Jampang Kulon,Rumah Sakit Umum,C,180,31,183,Pemprop,BLUD,Sukabumi,"Jl. Cibarusah No.1 Jampang Kulon, Kab.Sukabumi"
3202062,Jawa Barat,51163.9,1381,RS Umum Hermina Sukabumi,Rumah Sakit Umum,C,215,88,408,SWASTA/LAINNYA,Non BLU/BLUD,Sukabumi,"Jl. Raya Sukaraja, Kabupaten Sukabumi"
3202084,Jawa Barat,51163.9,1381,RS Umum Bhakti Medicare,Rumah Sakit Umum,C,166,58,173,SWASTA/LAINNYA,Non BLU/BLUD,Sukabumi,"Jl. Raya Siliwangi No.186B, Cicurug - Sukabumi"
3202086,Jawa Barat,51163.9,1381,Rumah Sakit DKH Cibadak,Rumah Sakit Umum,C,164,54,218,SWASTA/LAINNYA,Non BLU/BLUD,Sukabumi,"Jl. Siliwangi No.139, Kp. Sekarwangi RT 03/17 Kelurahan Cibadak, Kecamatan Cibadak, Kabupaten Sukabumi"
3202088,Jawa Barat,51163.9,1381,RS Primaya Sukabumi,Rumah Sakit Umum,C,111,37,98,SWASTA/LAINNYA,Non BLU/BLUD,Sukabumi,Jl. RA Kosasih No. 45 Kel. Sukaraja Kec. Sukaraja
3202073,Jawa Barat,51163.9,1381,RS Umum Betha Medika ,Rumah Sakit Umum,C,174,24,320,SWASTA/LAINNYA,Non BLU/BLUD,Sukabumi, Jl. Raya Cisaat No.595 RT 025 RW 06 Desa Cibatu Kecamatan Cisaat Kabupaten Sukabumi Provinsi Jawa Barat 43152
3202087,Jawa Barat,51163.9,1381,RS Umum Daerah Sagaranten,Rumah Sakit Umum,D,54,18,125,Pemkab,BLUD,Sukabumi,Kp. Cigadog RT. 025 RW. 006 Desa Sagaranten Kec. Sagaranten
3211038,Jawa Barat,51163.9,1381,RS Universitas Padjadjaran,Rumah Sakit Umum,B,200,42,,Kementerian Lain,Non BLU/BLUD,Sumedang,"Jl. Ir. Soekarno KM. 21, Desa Cikeruh, Kecamatan Jatinangor"
3211015,Jawa Barat,51163.9,1381,RS Umum Daerah Sumedang,Rumah Sakit Umum,B,227,52,1147,Pemkab,BLUD,Sumedang,Jl. Prabu Geusan Ulun No 41 Jl. Palasari No. 80 Kabupaten Sumedang
3211026,Jawa Barat,51163.9,1381,RS Umum Pakuwon,Rumah Sakit Umum,C,126,103,310,SWASTA/LAINNYA,Non BLU/BLUD,Sumedang,Jl. Raden Dewi Sartika No. 17 Kel. Regol Wetan Kec. Sumedang Selatan Kab. Sumedang Prov. Jabar
3211039,Jawa Barat,51163.9,1381,RS Cimalaka,Rumah Sakit Umum,C,,17,,SWASTA/LAINNYA,Non BLU/BLUD,Sumedang,Jl. Raya Mandalaherang No. 225 Desa Mandalaherang 
3211027,Jawa Barat,51163.9,1381,RS Umum Harapan Keluarga,Rumah Sakit Umum,D,63,26,86,Perusahaan,Non BLU/BLUD,Sumedang,Jl Raya Cipacing - Rancaekek KM 20 Jatinangor Sumedang 
3206084,Jawa Barat,51163.9,1381,RS Ibu dan Anak Respati,Rumah Sakit Khusus Ibu dan Anak,C,55,16,110,Perusahaan,Non BLU/BLUD,Tasikmalaya,Jl. Raya Singaparna KM 11 Cikunir Singaparna
3206023,Jawa Barat,51163.9,1381,RS Umum Daerah Singaparna Medika Citrautama,Rumah Sakit Umum,C,240,47,855,Pemkab,BLUD,Tasikmalaya,"Jl. Rancamaya Singaparna, kabupaten Tasikmalaya, Jawa Barat"
3304021,Jawa Tengah,38565.0,1123,RS Umum Emmanuel,Rumah Sakit Umum,C,181,45,556,Organisasi Protestan,Non BLU/BLUD,Banjarnegara,"Jl. Raya Banyumas - Banjarnegara No.12 Dusun Sidodadi, Desa/ Kelurahan Purwareja, Kecamatan Purwareja Klampok, Kabupaten Banjarnegara , Provinsi Jawa Tengah 53474"
3304010,Jawa Tengah,38565.0,1123,RS Umum Daerah Hj. Anna Lasmanah Banjarnegara,Rumah Sakit Umum,C,305,28,592,Pemkab,BLUD,Banjarnegara,"Jl. Jend. Sudirman No.42, Kutabanjarnegara, Kec. Banjarnegara, Kab. Banjarnegara, Jawa Tengah 53415"
3304032,Jawa Tengah,38565.0,1123,RS Umum Islam Banjarnegara,Rumah Sakit Umum,C,127,29,499,Organisasi Sosial,Non BLU/BLUD,Banjarnegara,Jl Raya Bawang KM 8 Banjarnegara
3304035,Jawa Tengah,38565.0,1123,RS Umum PKU Muhammadiyah Banjarnegara,Rumah Sakit Umum,D,87,19,8,Organisasi Islam ,Non BLU/BLUD,Banjarnegara,Jl. Raya Banjarnegara Banyumas KM. 18 Danaraja Purwanegara Banjarnegara
3302063,Jawa Tengah,38565.0,1123,RS Khusus Bedah Jatiwinangun,Rumah Sakit Khusus Bedah,C,30,25,68,SWASTA/LAINNYA,Non BLU/BLUD,Banyumas," Jl. Jatiwinangun No.54, Purwokerto"
3302225,Jawa Tengah,38565.0,1123,RS Khusus Bedah Mitra Ariva,Rumah Sakit Khusus Bedah,C,25,11,26,Perusahaan,Non BLU/BLUD,Banyumas,Jl. Raya Ajibarang WetanAjibarang Banyumas
3302228,Jawa Tengah,38565.0,1123,RS Khusus Gigi dan Mulut Univ. Jenderal Soedirman,Rumah Sakit Khusus Gigi dan Mulut,B,12,18,120,Kementerian Lain,Non BLU/BLUD,Banyumas,Jl. Dr. Soeparno Kelurahan Grendeng Kecamatan Purwokerto Utara Kabupaten Banyumas Provinsi Jawa Tengah Kode Pos 53122
3302174,Jawa Tengah,38565.0,1123,RS Ibu dan Anak Bunda Arif Purwokerto,Rumah Sakit Khusus Ibu dan Anak,C,30,18,126,Organisasi Sosial,Non BLU/BLUD,Banyumas,Jl. Jatiwinangun No. 16 Purwokerto Kab.Banyumas
3302226,Jawa Tengah,38565.0,1123,RS Ibu dan Anak Budhi Asih,Rumah Sakit Khusus Ibu dan Anak,C,30,17,82,Organisasi Sosial,Non BLU/BLUD,Banyumas,JL. PERINTIS KEMERDEKAAN NO. 30
3302248,Jawa Tengah,38565.0,1123,RS Khusus Mata Purwokerto,Rumah Sakit Khusus Mata,C,15,19,,Pemkab,BLU,Banyumas,"Jl. Beringin Raya Perum. Tanjung Elok,  Purwokerto Selatan"
3302052,Jawa Tengah,38565.0,1123,RS Khusus Orthopaedi Purwokerto,Rumah Sakit Khusus Orthopedi,C,37,24,156,SWASTA/LAINNYA,Non BLU/BLUD,Banyumas,Jl. Soepardjo Rustam No. 99 Sokaraja 
3302026,Jawa Tengah,38565.0,1123,RS Umum Daerah Prof Dr. Margono Soekarjo,Rumah Sakit Umum,A,700,124,1823,Pemprop,BLUD,Banyumas, Jl. Dr Gumbreg No. 1 Purwokerto
3302015,Jawa Tengah,38565.0,1123,RS umum Daerah Banyumas,Rumah Sakit Umum,B,412,111,1146,Pemkab,BLUD,Banyumas,Jl. Rumah Sakit No.1 Banyumas
3302224,Jawa Tengah,38565.0,1123,RS Umum Siaga Medika Banyumas,Rumah Sakit Umum,C,199,77,140,Organisasi Sosial,Non BLU/BLUD,Banyumas,"Jl. Pramuka No. 55 Desa Sudagaran, Kec. Banyumas"
3302213,Jawa Tengah,38565.0,1123,RS Umum Wiradadi Husada,Rumah Sakit Umum,C,150,43,452,Organisasi Sosial,Non BLU/BLUD,Banyumas,"Jl. Menteri Supeno No. 25, Sokaraja-Banyumas"
3302191,Jawa Tengah,38565.0,1123,RS Umum Daerah Ajibarang,Rumah Sakit Umum,C,189,76,303,Pemkab,BLUD,Banyumas,"    Jl. Raya Pancasan No.1,Ajibarang Banyumas"
3302249,Jawa Tengah,38565.0,1123,RS JIH Purwokerto,Rumah Sakit Umum,C,101,53,,Perusahaan,Non BLU/BLUD,Banyumas,Jl. KH. Ahmad Dahlan Dusun III Dukuhwaluh Kembaran Banyumas 53182
3302232,Jawa Tengah,38565.0,1123,RS Hermina Purwokerto,Rumah Sakit Umum,C,133,94,233,Perusahaan,Non BLU/BLUD,Banyumas,"Jl. Yos Sudarso RT 003 RW 001 Karanglewas Lor Kec.Purwokerto Barat, Kab. Banyumas"
3302229,Jawa Tengah,38565.0,1123,RS Umum Dadi Keluarga,Rumah Sakit Umum,C,115,65,319,SWASTA/LAINNYA,Non BLU/BLUD,Banyumas,Jl. Sultan Agung No.8A  Kel. Teluk Kec. Purwokerto Selatan
3302030,Jawa Tengah,38565.0,1123,RS Umum Tk. III Wijayakusuma,Rumah Sakit Umum,C,154,88,30,TNI AD,BLU,Banyumas,Jl. Prof.Dr. HR Bunyamin Purwokerto Kel. Bancarkembar Kec. Purwokerto Utara Kab. Banyumas
3302132,Jawa Tengah,38565.0,1123,RS Umum Islam Purwokerto,Rumah Sakit Umum,C,120,94,149,Organisasi Islam ,Non BLU/BLUD,Banyumas,"Jl. H. Masyuri Rejasari No 39 Purwokerto, Rejasari, Purwokerto Barat"
3302165,Jawa Tengah,38565.0,1123,RS Umum Ananda Purwokerto,Rumah Sakit Umum,C,117,67,379,Organisasi Sosial,Non BLU/BLUD,Banyumas,"Jl. Pemuda No. 30 Kelurahan Kober, Kecamatan Purwokerto Barat, Banyumas"
3302041,Jawa Tengah,38565.0,1123,RS Umum Santa Elisabeth Purwokerto,Rumah Sakit Umum,C,110,33,332,Organisasi Katholik,Non BLU/BLUD,Banyumas,Jl. dr. Angka No. 40 Purwokerto
3302227,Jawa Tengah,38565.0,1123,RS Umum Medika Lestari Banyumas,Rumah Sakit Umum,D,70,31,90,SWASTA/LAINNYA,Non BLU/BLUD,Banyumas,Jl. Raya Buntu-Gombong KM 1 RT.03 RW.03 Pageralang Kecamatan Kemranjen-Banyumas.
3302180,Jawa Tengah,38565.0,1123,RS Umum Sinar Kasih,Rumah Sakit Umum,D,47,23,207,Organisasi Sosial,Non BLU/BLUD,Banyumas,Jl. Martadireja II Purwokerto
3302143,Jawa Tengah,38565.0,1123,RS Umum Hidayah Purwokerto,Rumah Sakit Umum,D,55,23,68,SWASTA/LAINNYA,Non BLU/BLUD,Banyumas,Jl. Supriyadi No. 22 Purwokerto
3302121,Jawa Tengah,38565.0,1123,RS Umum Amanah,Rumah Sakit Umum,D,97,31,47,Organisasi Sosial,Non BLU/BLUD,Banyumas,Jl Raya Kebokura No.37 Kec Sumpiuh Kab Banyumas
3302074,Jawa Tengah,38565.0,1123,RS Umum An Ni'mah,Rumah Sakit Umum,D,115,74,62,Perusahaan,Non BLU/BLUD,Banyumas,Jalan Raya Klapagading Kulon Rt 01 Rw 14 Kec Wangon - Banyumas
3302154,Jawa Tengah,38565.0,1123,RS Umum Bunda,Rumah Sakit Umum,D,55,27,95,Organisasi Sosial,Non BLU/BLUD,Banyumas,Jl. Pramuka No. 249 Kelurahan Purwokerto Kidul Kecamatan Purwokerto Selatan Kabupaten Banyumas Provinsi Jawa Tengah
3325039,Jawa Tengah,38565.0,1123,RS Umum Daerah Limpung,Rumah Sakit Umum,C,102,30,145,Pemkab,BLUD,Batang,Jl. Dr. Soetomo No. 17A Limpung 51271
3325015,Jawa Tengah,38565.0,1123,RS Umum Daerah Batang,Rumah Sakit Umum,C,242,62,641,Pemkab,BLUD,Batang,  Jl. Dr Sutomo No. 42 Batang  Kelurahan Kauman Kecamatan Batang Kabupaten Batang Provinsi Jawa Tengah 51215
3325037,Jawa Tengah,38565.0,1123,RS Umum Qim,Rumah Sakit Umum,C,192,49,484,SWASTA/LAINNYA,Non BLU/BLUD,Batang,"Jl. Urip Sumoharjo, Sambong"
3316076,Jawa Tengah,38565.0,1123,RS Ibu dan Anak Annisa Blora,Rumah Sakit Khusus Ibu dan Anak,C,34,22,,Perusahaan,Non BLU/BLUD,Blora,Jl. RA. Kartini No. 7 Kecamatan Blora  Kabupaten Blora Provinsi Jawa Tengah
3316074,Jawa Tengah,38565.0,1123,RS Ibu dan Anak NU Cakra Medika,Rumah Sakit Khusus Ibu dan Anak,C,33,20,,Perusahaan,Non BLU/BLUD,Blora,Jl. Gajahmada No. 11 Turibang Cepu
3316025,Jawa Tengah,38565.0,1123,RS Umum Daerah Dr. R. Soeprapto Cepu,Rumah Sakit Umum,C,265,38,446,Pemkab,BLUD,Blora," Jl. Ronggolawe No. 50,Cepu"
3316051,Jawa Tengah,38565.0,1123,RS Umum PKU Muhammadiyah Cepu,Rumah Sakit Umum,C,141,37,328,Organisasi Sosial,Non BLU/BLUD,Blora,"Jl. Ronggolawe No.137,Cepu"
3316014,Jawa Tengah,38565.0,1123,RS Umum Daerah Dr. R. Soetijono Blora,Rumah Sakit Umum,C,222,68,298,Pemkab,BLUD,Blora,"Jl. Dr Sutomo No. 42, Blora"
3316077,Jawa Tengah,38565.0,1123,RS Bhayangkara Blora,Rumah Sakit Umum,D,48,16,,POLRI,Non BLU/BLUD,Blora,"Jl. Raya Blora-Purwodadi No. 103, Desa Jagong, Kec. Kunduran"
3316040,Jawa Tengah,38565.0,1123,RS Umum Permata Blora,Rumah Sakit Umum,D,69,21,22,Organisasi Sosial,Non BLU/BLUD,Blora,"Jl. Reksodiputro No. 57, Blora"
3316063,Jawa Tengah,38565.0,1123,RS Umum PKU Muhammadiyah Blora,Rumah Sakit Umum,D,86,20,133,SWASTA/LAINNYA,Non BLU/BLUD,Blora,Jl. Raya Blora-Cepu Km 3 Desa Seso Kec. Jepon
3316075,Jawa Tengah,38565.0,1123,RS Umum Daerah Samin Surosentiko Randublatung,Rumah Sakit Umum,D,50,22,,Pemkab,BLUD,Blora,Gg. Kabayan RT. 06 RW. 01 Kel. Randublatung
3316062,Jawa Tengah,38565.0,1123,RS Umum Bantuan Blora,Rumah Sakit Umum,D,81,17,108,TNI AD,Non BLU/BLUD,Blora,"Jl. Dr. Sutomo No. 45, Blora"
3309015,Jawa Tengah,38565.0,1123,RS Umum Daerah Pandan Arang Boyolali,Rumah Sakit Umum,B,260,88,689,Pemkab,BLUD,Boyolali,"Jl. Kantil No. 14 Pulisen, Boyolali, Jawa Tengah"
3309136,Jawa Tengah,38565.0,1123,RS Umum Islam Boyolali,Rumah Sakit Umum,C,102,34,63,SWASTA/LAINNYA,Non BLU/BLUD,Boyolali,Jl. Raya Boyolali Klaten Kemiri Mojosongo
3309096,Jawa Tengah,38565.0,1123,RS Umum Daerah Waras Wiris,Rumah Sakit Umum,C,104,66,257,Pemkab,BLUD,Boyolali, Jl. Raya Karanggede - Gemolong Km. 13 Andong Kab.Boyolali 
3309131,Jawa Tengah,38565.0,1123,RS Umum Islam Banyubening Boyolali,Rumah Sakit Umum,C,122,34,231,SWASTA/LAINNYA,Non BLU/BLUD,Boyolali,"Jl. Raya Waduk Cengklik No. 11, Desa/Kel. Ngargorejo, Kec. Ngemplak"
3309063,Jawa Tengah,38565.0,1123,RS Umum PKU Aisyiyah Boyolali,Rumah Sakit Umum,C,109,53,109,Organisasi Islam ,Non BLU/BLUD,Boyolali,"Jl. Pasar Sapi Baru, Desa/Kelurahan Karanggeneng, Kecamatan Boyolali, Kabupaten Boyolali, Provinsi Jawa Tengah"
3309085,Jawa Tengah,38565.0,1123,RS Umum  Karanggede Sisma Medika,Rumah Sakit Umum,D,85,34,294,SWASTA/LAINNYA,Non BLU/BLUD,Boyolali,"Jl. Raya Karanggede - Solo KM.1, Boyolali"
3309149,Jawa Tengah,38565.0,1123,RS Umum PKU dr. Soemowidagdo Boyolali ,Rumah Sakit Umum,D,50,22,,Organisasi Islam ,Non BLU/BLUD,Boyolali,"Tegalarum No. 200 RT. 22 RW. 01, Kateguhan, Sawit, Boyolali, Jawa Tengah 57374"
3309132,Jawa Tengah,38565.0,1123,RS Umum Natalia,Rumah Sakit Umum,D,51,24,68,SWASTA/LAINNYA,Non BLU/BLUD,Boyolali,Jl. Teratai No. 15 Pulisen Boyolali
3309107,Jawa Tengah,38565.0,1123,RS Umum Daerah Simo,Rumah Sakit Umum,D,127,28,218,Pemkab,BLUD,Boyolali,"Jl. Simo - Bangak KM. 01, Kebayanan 3, Pelem, Kec. Simo, Kabupaten Boyolali, Jawa Tengah"
3309135,Jawa Tengah,38565.0,1123,RS Indriati Boyolali,Rumah Sakit Umum,D,101,34,191,SWASTA/LAINNYA,Non BLU/BLUD,Boyolali,Jl. Raya Boyolali Solo KM. 02 Mojosongo Boyolali
3309129,Jawa Tengah,38565.0,1123,RS Umum Hidayah Boyolali,Rumah Sakit Umum,D,118,24,124,SWASTA/LAINNYA,Non BLU/BLUD,Boyolali,"Kragilan, Mojosongo, Boyolali"
3309128,Jawa Tengah,38565.0,1123,RS Umum Asy-Syifa Sambi,Rumah Sakit Umum,D,80,39,236,Organisasi Islam ,Non BLU/BLUD,Boyolali,"Jl. Raya Bangak-Simo Km 7, Sambi, Boyolali"
3309074,Jawa Tengah,38565.0,1123,RS Umum Umi Barokah,Rumah Sakit Umum,D,101,41,171,Organisasi Sosial,Non BLU/BLUD,Boyolali,"Jl.Prof.DR.Soeharso No.6 Tegal Rejo,Boyolali"
3329126,Jawa Tengah,38565.0,1123,RS Ibu dan Anak Nuzula,Rumah Sakit Khusus Ibu dan Anak,C,25,26,,SWASTA/LAINNYA,Non BLU/BLUD,Brebes,"Jl. Pabrik Gula Banjaratma No. 2, RT 03 RW 05, Pule, Sigentong, Kec. Wanasari"
3329105,Jawa Tengah,38565.0,1123,RS Ibu dan Anak Permata Insani,Rumah Sakit Khusus Ibu dan Anak,C,50,30,89,SWASTA/LAINNYA,Non BLU/BLUD,Brebes,Jl. Yos sudarso No 38  (Komplek Islamic Centre) Kelurahan Pasar Batang Kecamatan Brebes Kabupaten Brebes
3329012,Jawa Tengah,38565.0,1123,RS Umum Daerah Brebes,Rumah Sakit Umum,B,340,84,803,Pemkab,BLUD,Brebes,Jl. Jend.Sudirman No.181 Brebes Jawa Tengah 52212
3329056,Jawa Tengah,38565.0,1123,RS Umum Muhammadiyah Siti Aminah,Rumah Sakit Umum,C,175,60,262,Organisasi Islam ,Non BLU/BLUD,Brebes,Jl. P. Diponegoro Desa Jatisawit Kecamatan Bumiayu Kabupaten Brebes
3329108,Jawa Tengah,38565.0,1123,RS Umum Allam Medica Bumiayu,Rumah Sakit Umum,C,132,92,159,SWASTA/LAINNYA,Non BLU/BLUD,Brebes,"Jl. Pangeran Diponegoro No. 609 Jatisawit, Kec. Bumiayu Kab. Brebes "
3329102,Jawa Tengah,38565.0,1123,RS Umum Daerah Bumiayu,Rumah Sakit Umum,C,116,32,265,Pemkab,BLUD,Brebes,Jl. KH. Ahmad Dahlan KM. 1 Bumiayu
3329103,Jawa Tengah,38565.0,1123,RS Umum Islami Mutiara Bunda,Rumah Sakit Umum,C,172,110,161,Perusahaan,Non BLU/BLUD,Brebes,Jl. Raya Pantura Cenderawasih kecamatan Tanjung kabupaten Brebes
3329114,Jawa Tengah,38565.0,1123,RS Umum Bhakti Asih Jatibarang,Rumah Sakit Umum,C,102,15,54,Perusahaan,Non BLU/BLUD,Brebes,"Jl. Raya Jatibarang Timur, Jatibarang Lor , Kec. Jatibarang, Kab Brebes, Jawa Tengah"
3329078,Jawa Tengah,38565.0,1123,RS Umum Bhakti Asih Brebes,Rumah Sakit Umum,C,150,51,249,SWASTA/LAINNYA,Non BLU/BLUD,Brebes,"Jl. P. Diponegoro No. 125, Pesantunan Kec. Wanasari Kab. Brebes - Jawa tengah"
3329112,Jawa Tengah,38565.0,1123,RS Harapan Sehat Jatibarang,Rumah Sakit Umum,D,50,25,37,Perusahaan,Non BLU/BLUD,Brebes,"Jl. Raya Jatibarang-Brebes, Janegara, Jatibarang"
3329045,Jawa Tengah,38565.0,1123,RS Umum Siti Asiyah,Rumah Sakit Umum,D,50,28,63,SWASTA/LAINNYA,Non BLU/BLUD,Brebes,"Jl. Pasar Wage, Desa Kalierang Kecamatan  Bumiayu,  Kabupaten Brebes"
3329113,Jawa Tengah,38565.0,1123,RS Harapan Sehat Bumiayu,Rumah Sakit Umum,D,60,50,31,Perusahaan,Non BLU/BLUD,Brebes,Jl. Lingkar Bumiayu Perempatan Negaradaha Kec. Bumiayu Kab. Brebes
3329125,Jawa Tengah,38565.0,1123,RS Umum Daerah Ir. Soekarno Kab. Brebes,Rumah Sakit Umum,D,52,26,,Pemkab,BLUD,Brebes,"Jl. RA. Kartini No. 20 Ketanggungan, Desa Ketanggungan, Kecamatan Ketanggungan, Kabupaten Brebes, Provinsi Jawa Tengah "
3329109,Jawa Tengah,38565.0,1123,RS Umum Amanah Mahmudah,Rumah Sakit Umum,D,60,29,114,Perusahaan,Non BLU/BLUD,Brebes,JL. Jenderal Sudirman No. 05 Sitanggal Larangan
3329101,Jawa Tengah,38565.0,1123,RS Umum Dera As-Syifa,Rumah Sakit Umum,D,140,66,93,SWASTA/LAINNYA,Non BLU/BLUD,Brebes,Jl. Merdeka No 191 Banjarharjo - Kabupaten Brebes
3329067,Jawa Tengah,38565.0,1123,RS Umum Dedy Jaya,Rumah Sakit Umum,D,70,100,131,SWASTA/LAINNYA,Non BLU/BLUD,Brebes,"Jl. Ahmad Yani No.57,Brebes"
3301095,Jawa Tengah,38565.0,1123,RS Ibu dan Anak Annisa,Rumah Sakit Khusus Ibu dan Anak,C,24,17,43,Organisasi Islam ,Non BLU/BLUD,Cilacap,Jl. Gatot Subroto 31 A Cilacap
3301014,Jawa Tengah,38565.0,1123,RS Umum Daerah Cilacap,Rumah Sakit Umum,B,295,31,686,Pemkab,BLUD,Cilacap,Jl. Gatot Subroto 28 Cilacap RT 04 / RW 05 Kel. Sidanegara Kec. Cilacap Tengah Kab. Cilacap
3301084,Jawa Tengah,38565.0,1123,RS Umum Daerah Majenang,Rumah Sakit Umum,C,236,36,417,Pemkab,BLUD,Cilacap,Jl. Dr. Soetomo No. 54 Majenang
3301115,Jawa Tengah,38565.0,1123,RS Priscilla Medical Center,Rumah Sakit Umum,C,146,52,,Perusahaan,Non BLU/BLUD,Cilacap,Jl. Raya Maos-Sampang Desa Karangtengah Kec. Sampang
3301073,Jawa Tengah,38565.0,1123,RS Umum Islam Fatimah,Rumah Sakit Umum,C,170,39,639,Organisasi Islam ,Non BLU/BLUD,Cilacap,"Jl. Ir. H. Juanda No. 20, Kab. Cilacap"
3301112,Jawa Tengah,38565.0,1123,RS Umum Raffa Majenang,Rumah Sakit Umum,C,106,36,96,SWASTA/LAINNYA,Non BLU/BLUD,Cilacap,Jl. Bhayangkara No. 69 Kecamatan Majenang
3301108,Jawa Tengah,38565.0,1123,RS Umum Aghisna Medika Kroya,Rumah Sakit Umum,C,177,100,164,SWASTA/LAINNYA,Non BLU/BLUD,Cilacap,"Jl. Yos Sudarso No. 1 Karangmangu, Kec. Kroya, Kab. Cilacap, Provinsi Jawa Tengah"
3301109,Jawa Tengah,38565.0,1123,RS Umum Afdila Cilacap,Rumah Sakit Umum,C,145,45,102,SWASTA/LAINNYA,Non BLU/BLUD,Cilacap,"Jl. Soekarno-Hatta No.79, Kesugihan"
3301036,Jawa Tengah,38565.0,1123,RS Umum Pertamina Cilacap,Rumah Sakit Umum,D,80,31,50,BUMN,Non BLU/BLUD,Cilacap,"Jl. Dr. Setiabudi No.1 Tegal Kamulyan, Cilacap Selatan, Cilacap"
3301106,Jawa Tengah,38565.0,1123,RS Umum Duta Mulya,Rumah Sakit Umum,D,98,28,71,Perusahaan,Non BLU/BLUD,Cilacap,"jl. dr. Wahidin No. 66A , Muktisari, Sindangsari, Kec. Majenang, Kabupaten Cilacap, Jawa Tengah 53257"
3301107,Jawa Tengah,38565.0,1123,RS Umum Santa Maria Cilacap,Rumah Sakit Umum,D,78,69,176,Organisasi Katholik,Non BLU/BLUD,Cilacap,"Jl. Jend. Achmad Yani No. 38, Sidakaya, Cilacap Selatan"
3301114,Jawa Tengah,38565.0,1123,RS Umum Aghisna Medika Sidareja,Rumah Sakit Umum,D,74,24,64,SWASTA/LAINNYA,Non BLU/BLUD,Cilacap,Jl. Jenderal Sudirman No. 1 Sidamulya Kecamatan Sidareja
3301105,Jawa Tengah,38565.0,1123,RS Umum Aprillia,Rumah Sakit Umum,D,50,22,118,Organisasi Sosial,Non BLU/BLUD,Cilacap,Jl. Jend. Gatot Subroto 95 Cilacap
3321033,Jawa Tengah,38565.0,1123,RS Umum Islam NU Demak,Rumah Sakit Umum,C,116,29,207,Organisasi Islam ,Non BLU/BLUD,Demak,"Jl. Jogoloyo No.9, Kec. Wonosalam, Demak"
3321035,Jawa Tengah,38565.0,1123,RS Umum Daerah Sultan Fatah Karangawen Demak,Rumah Sakit Umum,C,180,27,250,Pemkab,BLUD,Demak,Jl. Raya Semarang Purwodadi KM. 21 No. 107 Karangawen Demak
3321034,Jawa Tengah,38565.0,1123,RS Umum Pelita Anugerah,Rumah Sakit Umum,C,160,49,210,SWASTA/LAINNYA,Non BLU/BLUD,Demak,"Jl. Raya Bandungrejo Km 11,5, Mranggen Demak"
3321047,Jawa Tengah,38565.0,1123,Charlie Hospital Demak,Rumah Sakit Umum,C,105,44,,SWASTA/LAINNYA,Non BLU/BLUD,Demak,"Jl. Raya Guntur KM 4, Pulosari"
3321011,Jawa Tengah,38565.0,1123,RS Umum Daerah Sunan Kalijaga,Rumah Sakit Umum,C,293,60,475,Pemkab,BLUD,Demak," Jl. Sultan Fatah No. 669/50,Demak"
3321036,Jawa Tengah,38565.0,1123,RS Hj. Fatimah Sulhan PKU Muhammadiyah Demak,Rumah Sakit Umum,D,51,21,30,Organisasi Islam ,Non BLU/BLUD,Demak,Jl. Sultan Hadiwijaya No. 18 Mangunjiwan
3315072,Jawa Tengah,38565.0,1123,RS Ortopedi Siaga Utama,Rumah Sakit Khusus Orthopedi,C,30,17,,SWASTA/LAINNYA,Non BLU/BLUD,Grobogan,Jl. Pemuda 17 Lingkar Utara Menduran Kec. Brati
3315013,Jawa Tengah,38565.0,1123,RS Umum Daerah Dr. R.Soedjati Soemodiardjo,Rumah Sakit Umum,B,318,112,938,Pemkab,BLUD,Grobogan," Jl. D.I Panjaitan 36,Purwodadi - Grobogan 58111"
3315024,Jawa Tengah,38565.0,1123,RS Umum Panti Rahayu,Rumah Sakit Umum,C,233,60,583,Organisasi Sosial,Non BLU/BLUD,Grobogan,"Jl. R Suprapto No.6,Purwodadi"
3315035,Jawa Tengah,38565.0,1123,RS Permata Bunda,Rumah Sakit Umum,C,123,26,414,Perusahaan,Non BLU/BLUD,Grobogan,"Jl. Hayam Wuruk No. 24, Purwodadi, Grobogan, Propinsi Jawa Tengah"
3315073,Jawa Tengah,38565.0,1123,RS Marganingsih,Rumah Sakit Umum,D,69,9,,Perorangan,Non BLU/BLUD,Grobogan,"Jl. Raya Purwodadi Blora KM. 5 RT. 01 RW. 03, Dusun Plosonambangan, Desa Rejosari, Kecamatan Grobogan, Kabupaten Grobogan, Provinsi Jawa Tengah 58152"
3315046,Jawa Tengah,38565.0,1123,RS Umum PKU Muhammadiyah Gubug,Rumah Sakit Umum,D,154,30,296,Organisasi Islam ,Non BLU/BLUD,Grobogan,Jl. Letjen R Soeprapto No.12 Gubug
3315061,Jawa Tengah,38565.0,1123,RS Umum Daerah Ki Ageng Getas Pendowo Gubug,Rumah Sakit Umum,D,60,26,184,Pemkab,Non BLU/BLUD,Grobogan,Jl.  Ahmad Yani No. 57 Gubug Kec. Gubug
3315059,Jawa Tengah,38565.0,1123,RS Umum Islam Purwodadi ,Rumah Sakit Umum,D,95,16,304,Organisasi Islam ,Non BLU/BLUD,Grobogan,JL. Dr. SOETOMO NO.9 PURWODADI GROBOGAN
3315075,Jawa Tengah,38565.0,1123,RS Umum Trimedika Ketapang,Rumah Sakit Umum,D,49,25,,Perusahaan,Non BLU/BLUD,Grobogan,Jl. Pangeran Puger (Jl. Raya Purwodadi-Pati Km. 6) Kec. Grobogan Kab. Grobogan
3315057,Jawa Tengah,38565.0,1123,RS Umum Habibullah,Rumah Sakit Umum,D,59,31,101,Organisasi Sosial,Non BLU/BLUD,Grobogan,Banjarasem RT 05 RW 02 Desa Tahunan Kec. Gabus Kab.Grobogan
3315074,Jawa Tengah,38565.0,1123,RS Sekar Laras,Rumah Sakit Umum,D,50,19,,Perusahaan,Non BLU/BLUD,Grobogan,Jl. Gajah Mada RT. 002 RW. 015
3320010,Jawa Tengah,38565.0,1123,RS Umum Daerah R. A. Kartini,Rumah Sakit Umum,B,381,98,1071,Pemkab,BLUD,Jepara,Jl. K.H. Wahid Hasyim Jepara
3320032,Jawa Tengah,38565.0,1123,RS Umum Sultan Hadlirin Jepara,Rumah Sakit Umum,C,162,56,342,Organisasi Islam ,Non BLU/BLUD,Jepara,"Jl. Jepara-Bangsri KM.3, Desa Kuwasen Kota Jepara Propinsi Jawa Tengah"
3320089,Jawa Tengah,38565.0,1123,RS Umum PKU Muhammadiyah Mayong,Rumah Sakit Umum,C,136,31,282,Organisasi Islam ,Non BLU/BLUD,Jepara,Jl. Pegadaian No. 12 Mayong Jepara
3320021,Jawa Tengah,38565.0,1123,RS Umum Daerah dr. Rehatta Provinsi Jawa Tengah,Rumah Sakit Umum,C,181,24,238,Pemprop,BLUD,Jepara,Jl. Raya Jepara – Kelet KM.37 Kode Pos  59454 Telepon (0291) 579002 Faksimile (0291) 578161 Laman www.rsrehatta.jatengprov.go.id Surat Elektronik rsrehatta@jatengprov.go.id
3320043,Jawa Tengah,38565.0,1123,RS Graha Husada Jepara,Rumah Sakit Umum,D,104,30,155,Organisasi Sosial,Non BLU/BLUD,Jepara,"Jl. MH. Thamrin No. 14 Kelurahan Panggang, Kec.Jepara Kab.Jepara Provinsi Jawa Tengah"
3320046,Jawa Tengah,38565.0,1123,RS PKU Aisyiyah Jepara,Rumah Sakit Umum,D,75,21,40,Organisasi Islam ,Non BLU/BLUD,Jepara,Jl. Brigjen Katamso  No 18 Panggang Jepara
3313042,Jawa Tengah,38565.0,1123,RS Ibu dan Anak Dian Pertiwi ,Rumah Sakit Khusus Ibu dan Anak,C,39,14,80,SWASTA/LAINNYA,Non BLU/BLUD,Karanganyar," Jl. Lawu Papahan, Tasikmadu Karanganyar "
3313067,Jawa Tengah,38565.0,1123,RS Mangesti Rahayu,Rumah Sakit Umum,C,113,41,,SWASTA/LAINNYA,Non BLU/BLUD,Karanganyar,"Jl. Adi Sumarmo, RT. 02/RW. 06, Gawanan, Colomadu, Karanganyar"
3313011,Jawa Tengah,38565.0,1123,RS Umum Daerah Kartini Karanganyar,Rumah Sakit Umum,C,389,31,707,Pemkab,BLUD,Karanganyar,Jl. Laksda Yos Sudarso Karanganyar
3313033,Jawa Tengah,38565.0,1123,RS PKU Muhammadiyah Karanganyar,Rumah Sakit Umum,C,220,60,380,Organisasi Islam ,Non BLU/BLUD,Karanganyar,Jl. Papahan Tasikmadu Kelurahan Papahan Kecamatan Tasikmadu Kabupaten Karanganyar Propinsi Jawa Tengah
3313055,Jawa Tengah,38565.0,1123,RS Umum Jafar Medika Karanganyar,Rumah Sakit Umum,D,58,20,91,Organisasi Sosial,Non BLU/BLUD,Karanganyar,"Munggur RT 09/RW 04, Kelurahan Munggur, Kecamatan Mojogedang, Kabupaten Karanganyar, Provinsi Jawa Tengah"
3313054,Jawa Tengah,38565.0,1123,RS Umum Indo Sehat Karanganyar ,Rumah Sakit Umum,D,75,21,93,SWASTA/LAINNYA,Non BLU/BLUD,Karanganyar,"JL. Raya Solo - Sragen KM. 11, Kecamatan Kebakkramat, Kabupaten Karanganyar, Propinsi Jawa Tengah"
3313022,Jawa Tengah,38565.0,1123,RSAU dr. Siswanto Lanud Adi Soemarmo,Rumah Sakit Umum,D,83,26,161,TNI AU,Non BLU/BLUD,Karanganyar,"Jl. Tentara Pelajar - Colomadu, Karanganyar"
3313053,Jawa Tengah,38565.0,1123,RS Umum Jati Husada Karanganyar,Rumah Sakit Umum,D,70,26,190,Perorangan,Non BLU/BLUD,Karanganyar,"Jl. Raya Solo - Tawangmangu KM 10,3 Jati, Jaten, Karanganyar, Jawa Tengah"
3305066,Jawa Tengah,38565.0,1123,RS Umum PKU Muhamadiyah Gombong,Rumah Sakit Umum,B,345,96,625,Organisasi Islam ,Non BLU/BLUD,Kebumen,Jl. Yos Sudarso 461 Gombong Kebumen
3305011,Jawa Tengah,38565.0,1123,RS Umum Daerah dr. Soedirman Kabupaten Kebumen,Rumah Sakit Umum,C,295,42,891,Pemkab,BLUD,Kebumen,Jl. Kebumen Raya - Muktisari Kebumen
3305103,Jawa Tengah,38565.0,1123,RS Umum PKU Muhammadiyah Sruweng,Rumah Sakit Umum,C,106,35,377,Organisasi Islam ,Non BLU/BLUD,Kebumen,Jl. Raya Sruweng No.5 Sruweng Kebumen
3305023,Jawa Tengah,38565.0,1123,RS Umum Permata Medika Kebumen,Rumah Sakit Umum,C,158,34,309,SWASTA/LAINNYA,Non BLU/BLUD,Kebumen,"JL. INDRAKILA NO.17, KEBUMEN, KEBUMEN, JAWA TENGAH"
3305092,Jawa Tengah,38565.0,1123,RS Umum Purbowangi,Rumah Sakit Umum,C,117,33,255,Organisasi Sosial,Non BLU/BLUD,Kebumen,"Jl. Yos Sudarso Barat No. 1, Desa/Kelurahan Purbowangi, Kec. Buayan, Kab. Kebumen, Provinsi Jawa Tengah, Kode Pos: 54474"
3305120,Jawa Tengah,38565.0,1123,RS Umum Daerah Prembun,Rumah Sakit Umum,C,114,36,413,Pemkab,BLUD,Kebumen,Jl. Slamet Riyadi No. 53 Prembun Kebumen
3305033,Jawa Tengah,38565.0,1123,RS Umum Palang Biru Gombong,Rumah Sakit Umum,C,119,36,264,Organisasi Sosial,Non BLU/BLUD,Kebumen,Jl. Yos Sudarso Timur Desa Kedungpuji Gombong
3305118,Jawa Tengah,38565.0,1123,RS Umum PKU Muhammadiyah Kutowinangun ,Rumah Sakit Umum,D,58,29,164,Organisasi Islam ,Non BLU/BLUD,Kebumen,Jl. Pemuda No 12 Kutowinangun
3305114,Jawa Tengah,38565.0,1123,RS Umum Purwogondo,Rumah Sakit Umum,D,106,33,220,Organisasi Sosial,Non BLU/BLUD,Kebumen," Jl. Puring Km.8, Kalipurwo Kuwarasan Kebumen "
3305117,Jawa Tengah,38565.0,1123,RS Umum PKU Muhammadiyah Petanahan Kebumen,Rumah Sakit Umum,D,62,24,171,Organisasi Islam ,Non BLU/BLUD,Kebumen,"JL. DAENDELS KM 1, Desa/Kelurahan Munggu, Kec. Petanahan, Kab.Kebumen, Provinsi Jawa Tengah,Kode Pos: 54382"
3305081,Jawa Tengah,38565.0,1123,RS Umum Wijayakusuma,Rumah Sakit Umum,D,70,20,122,Organisasi Sosial,Non BLU/BLUD,Kebumen,"Jl. Gelatik No.1 Panjer, Kebumen"
3324014,Jawa Tengah,38565.0,1123,RS Umum Daerah  Dr. H. Soewondo Kendal,Rumah Sakit Umum,B,270,77,465,Pemkab,BLUD,Kendal,"Jl. Laut No. 21 Kelurahan Patukangan, Kec. Kendal, Kab. Kendal, Provinsi Jawa Tengah"
3324040,Jawa Tengah,38565.0,1123,RS Umum Charlie Hospital,Rumah Sakit Umum,C,100,25,103,Perusahaan,Non BLU/BLUD,Kendal,Dusun Balak RT 001 RW 006 Desa Ngabean Kec. Boja Kab. Kendal
3324036,Jawa Tengah,38565.0,1123,RS Umum Islam Kendal,Rumah Sakit Umum,C,287,52,293,Organisasi Islam ,Non BLU/BLUD,Kendal,"Jl. Ar Rahmah No.17, Desa/Kelurahan Ngasinan, Kec  Weleri, Kab. Kendal, Provinsi Jawa Tengah"
3324053,Jawa Tengah,38565.0,1123,RS PKU Muhammadiyah Boja,Rumah Sakit Umum,D,64,49,,SWASTA/LAINNYA,Non BLU/BLUD,Kendal,"Jl. Raya Boja Limbangan, Desa/Kel. Salamsari, Kec. Boja"
3324037,Jawa Tengah,38565.0,1123,RS Umum Muhammadiyah Darul Istiqomah Kendal,Rumah Sakit Umum,D,88,31,166,Organisasi Islam ,Non BLU/BLUD,Kendal,Jln. Sekopek No. 15  Tepimulyo Plantaran Kaliwungu Selatan Kendal Jawa Tengah
3324038,Jawa Tengah,38565.0,1123,RS Umum Baitul Hikmah,Rumah Sakit Umum,D,64,23,236,Perusahaan,Non BLU/BLUD,Kendal,JL RAYA SOEKARNO HATTA KM 12 KECAMATAN GEMUH KABUPATEN KENDAL PROVINSI JAWA TENGAH
3324052,Jawa Tengah,38565.0,1123,RS PKU Aisyiyah Kendal,Rumah Sakit Umum,D,53,25,,Organisasi Islam ,Non BLU/BLUD,Kendal,Jl. Soekarno Hatta Rt.004 Rw.002 Desa Tlahab Kecamatan Gemuh Kabupaten Kendal Provinsi Jawa Tengah
3310015,Jawa Tengah,38565.0,1123,RS Umum Pusat Dr. Soeradji Tirtonegoro,2,Rumah Sakit Umum,,419,141,BLU,A,Klaten,"Jl. KRT. Suraji Tirtonegoro No.1, Klaten"
3310026,Jawa Tengah,38565.0,1123,RS Jiwa Daerah Dr. RM. Soedjarwadi,Rumah Sakit Khusus Jiwa,A,172,34,504,Pemprop,BLUD,Klaten,"Jalan Ki Pandanaran Km. 2, Klaten"
3310384,Jawa Tengah,38565.0,1123,RS Umum Islam Klaten,Rumah Sakit Umum,B,272,123,742,Organisasi Islam ,Non BLU/BLUD,Klaten,"Jl. Raya Klaten Solo KM 4,Klaten"
3310052,Jawa Tengah,38565.0,1123,RS Umum 'Aisyiyah Klaten,Rumah Sakit Umum,C,151,29,157,Organisasi Islam ,Non BLU/BLUD,Klaten,"Jl. KH. Hasyim Azhari, Mojayan, Klaten Tengah, Jawa Tengah, Indonesia"
3310405,Jawa Tengah,38565.0,1123,RS Umum Diponegoro Dua Satu Klaten,Rumah Sakit Umum,C,133,29,222,Organisasi Sosial,Non BLU/BLUD,Klaten,Jl. Diponegoro No. 21 Klaten
3310417,Jawa Tengah,38565.0,1123,RS Umum Islam Cawas Klaten,Rumah Sakit Umum,C,107,55,182,SWASTA/LAINNYA,Non BLU/BLUD,Klaten,"Jl. Raya Tugu - Cawas, Kelurahan Tugu, Kecamatan Cawas, Kabupaten Klaten, Provinsi Jawa Tengah. 57463"
3310395,Jawa Tengah,38565.0,1123,RS Umum Cakra Husada,Rumah Sakit Umum,C,103,80,190,Organisasi Sosial,Non BLU/BLUD,Klaten,Jl. Merbabu No. 7 Klaten
3310421,Jawa Tengah,38565.0,1123,RS Umum Daerah Bagas Waras,Rumah Sakit Umum,C,166,75,340,Pemkab,BLUD,Klaten,  Jalan Ir. Soekarno Km 2 Buntalan Klaten Tengah
3310416,Jawa Tengah,38565.0,1123,RS Umum PKU Muhammadiyah Delanggu,Rumah Sakit Umum,C,182,50,279,Organisasi Islam ,Non BLU/BLUD,Klaten,Jl. Raya Delanggu Utara No. 19 Desa/Kel. Gatak Kec. Delanggu Kab. Klaten
3310418,Jawa Tengah,38565.0,1123,RS Umum PKU Muhammadiyah Jatinom,Rumah Sakit Umum,D,110,32,201,Organisasi Islam ,Non BLU/BLUD,Klaten,"Jl.Raya Jatinom-Klaten KM 01, Gedaren, Jatinom, Klaten"
3310419,Jawa Tengah,38565.0,1123,RS Umum Mitra Pedan,Rumah Sakit Umum,D,75,58,117,Perusahaan,Non BLU/BLUD,Klaten,"Jl.  Raya Pedan - Juwiring Km. 1 Kedungan, Pedan, Klaten"
3310426,Jawa Tengah,38565.0,1123,RS PKU Muhammadiyah Prambanan,Rumah Sakit Umum,D,66,39,,Organisasi Islam ,Non BLU/BLUD,Klaten,"Jl. Raya Batas Kota Klaten Prambanan KM 46, Sanggrahan Prambanan 57454"
3310425,Jawa Tengah,38565.0,1123,RS Umum PKU Muhammadiyah Pedan,Rumah Sakit Umum,D,61,39,59,Organisasi Islam ,Non BLU/BLUD,Klaten,Jl. Pedan-Cawas KM. 01 Sobayan Pedan Klaten
3371105,Jawa Tengah,38565.0,1123,RS Ibu dan Anak Gladiool,Rumah Sakit Khusus Ibu dan Anak,C,36,24,75,Organisasi Sosial,Non BLU/BLUD,Kota Magelang,"Jl. Kenanga No.4-6,Magelang"
3371040,Jawa Tengah,38565.0,1123,RS Jiwa Prof. Dr. Soerojo,Rumah Sakit Khusus Jiwa,A,456,44,948,Kemkes ,BLU,Kota Magelang, Jl. Jenderal Ahmad Yani 169 Magelang
3371025,Jawa Tengah,38565.0,1123,RS Umum Tk. II Dr. Soedjono,Rumah Sakit Umum,B,229,65,698,TNI AD,BLU,Kota Magelang,Jl. Urip Soemoharjo No 48 Kelurahan Wates Kec. Magelang Utara
3371014,Jawa Tengah,38565.0,1123,RS Umum Daerah Tidar,Rumah Sakit Umum,B,345,102,1431,Pemkot,BLUD,Kota Magelang,"Jl. Tidar No.30 A, Kota Magelang"
3371131,Jawa Tengah,38565.0,1123,RS Umum Harapan,Rumah Sakit Umum,C,98,48,241,SWASTA/LAINNYA,Non BLU/BLUD,Kota Magelang,"Jl. Senopati No.11,Magelang"
3371084,Jawa Tengah,38565.0,1123,RS Umum Lestari Raharja,Rumah Sakit Umum,D,55,23,148,Organisasi Sosial,Non BLU/BLUD,Kota Magelang,"Jl. Sutopo No.5,Magelang"
3371142,Jawa Tengah,38565.0,1123,RS Umum Islam Magelang,Rumah Sakit Umum,D,60,28,124,Organisasi Sosial,Non BLU/BLUD,Kota Magelang,"Jl. Jeruk No.4 A , Sanden, Kota Magelang"
3371144,Jawa Tengah,38565.0,1123,RS Umum Daerah Budi Rahayu,Rumah Sakit Umum,D,80,23,53,Pemkot,BLUD,Kota Magelang,"Jl. Urip Sumoharjo No. 15, Kelurahan Wates, Kecamatan Magelang Utara, Kota Magelang, Provinsi Jawa Tengah"
3326049,Jawa Tengah,38565.0,1123,RS Umum Daerah Bendan Kota Pekalongan,Rumah Sakit Umum,C,180,89,550,Pemkot,BLUD,Kota Pekalongan,Jl. Sriwijaya No. 2 Pekalongan
3375022,Jawa Tengah,38565.0,1123,RS Umum Budi Rahayu,Rumah Sakit Umum,C,154,31,493,Organisasi Katholik,Non BLU/BLUD,Kota Pekalongan,Jl. Barito No. 5 Pekalongan
3375033,Jawa Tengah,38565.0,1123,RS Umum Siti Khodijah,Rumah Sakit Umum,C,113,35,353,Organisasi Islam ,Non BLU/BLUD,Kota Pekalongan,"Jl. Bandung No.39-47,Pekalongan"
3375074,Jawa Tengah,38565.0,1123,RS Umum  ARO,Rumah Sakit Umum,D,50,33,122,SWASTA/LAINNYA,Non BLU/BLUD,Kota Pekalongan,Jl. Dr. Soetomo Gamer Pekalongan
3375072,Jawa Tengah,38565.0,1123,RS Umum Anugerah Pekalongan,Rumah Sakit Umum,D,59,30,165,SWASTA/LAINNYA,Non BLU/BLUD,Kota Pekalongan,Jl. Perintis Kemerdekaan no.3
3375073,Jawa Tengah,38565.0,1123,RS Umum H. A. Zaky Djunaid,Rumah Sakit Umum,D,98,50,203,SWASTA/LAINNYA,Non BLU/BLUD,Kota Pekalongan,Jl.Pelita II Kel. Buaran Kec. Pekalongan Selatan Pekalongan
3375075,Jawa Tengah,38565.0,1123,RS Umum Hermina Pekalongan,Rumah Sakit Umum,D,66,59,142,Perusahaan,Non BLU/BLUD,Kota Pekalongan,Jl. Jendral Sudirman 16A Kota Pekalongan
3375071,Jawa Tengah,38565.0,1123,RS Umum Karomah Holistic,Rumah Sakit Umum,D,56,16,61,SWASTA/LAINNYA,Non BLU/BLUD,Kota Pekalongan,"Jl. Gajah Mada Barat No.124,Pekalongan"
3373092,Jawa Tengah,38565.0,1123,RS Ibu dan Anak Hermina Mutiara Bunda,Rumah Sakit Khusus Ibu dan Anak,C,30,36,53,Perorangan,Non BLU/BLUD,Kota Salatiga,Jl. Merak No. 8 Mangunsari Sidomukti
3373042,Jawa Tengah,38565.0,1123,RS Paru Dr. Ario Wirawan,Rumah Sakit Khusus Paru,A,221,52,495,Kemkes ,BLU,Kota Salatiga,"Jl. Hasanudin No.806,Salatiga"
3373016,Jawa Tengah,38565.0,1123,RS Umum Daerah Kota Salatiga,Rumah Sakit Umum,B,262,128,720,Pemkot,BLUD,Kota Salatiga," Jl. Osamaliki No.19, Salatiga"
3373020,Jawa Tengah,38565.0,1123,RS Umum Tk. IV 04.07.03 dr. Asmir,Rumah Sakit Umum,C,148,36,363,TNI AD,Non BLU/BLUD,Kota Salatiga,Jl. Dr Muwardi No. 50 Salatiga
3373090,Jawa Tengah,38565.0,1123,RS Umum Puri Asih,Rumah Sakit Umum,C,117,56,186,SWASTA/LAINNYA,Non BLU/BLUD,Kota Salatiga,Jl. Sudirman No. 169 Salatiga
3373103,Jawa Tengah,38565.0,1123,RS Islam Tunas Harapan,Rumah Sakit Umum,D,58,35,,Perusahaan,Non BLU/BLUD,Kota Salatiga,Jl. Soekarno Hatta 104 Kota Salatiga
3374366,Jawa Tengah,38565.0,1123,RS Khusus Bedah Columbia Asia Semarang,Rumah Sakit Khusus Bedah,A,107,99,295,Perusahaan,Non BLU/BLUD,Kota Semarang,Jl. Siliwangi No. 143
3374372,Jawa Tengah,38565.0,1123,RS Islam Gigi dan Mulut Sultan Agung,Rumah Sakit Khusus Gigi dan Mulut,B,14,17,75,SWASTA/LAINNYA,Non BLU/BLUD,Kota Semarang,Jl. Raya Kaligawe Km. 4
3374373,Jawa Tengah,38565.0,1123,RS Gigi dan Mulut Unimus,Rumah Sakit Khusus Gigi dan Mulut,C,11,16,23,SWASTA/LAINNYA,Non BLU/BLUD,Kota Semarang,Jl. Kedungmundu Raya No. 22 Semarang
3374316,Jawa Tengah,38565.0,1123,RS Ibu dan Anak Gunung Sawo,Rumah Sakit Khusus Ibu dan Anak,C,30,16,61,Organisasi Sosial,Non BLU/BLUD,Kota Semarang,"Jl. Gunung Sawo No.21,Semarang"
3374284,Jawa Tengah,38565.0,1123,RS Ibu dan Anak Bunda Semarang,Rumah Sakit Khusus Ibu dan Anak,C,29,19,127,Organisasi Sosial,Non BLU/BLUD,Kota Semarang,"Jl. Brigjen Katamso No. 8, Kelurahan Karangturi, Kecamatan Semarang Timur, Kota Semarang, Provinsi Jawa Tengah, Kode Pos 50124"
3374273,Jawa Tengah,38565.0,1123,RS Ibu dan Anak Anugerah,Rumah Sakit Khusus Ibu dan Anak,C,28,19,33,SWASTA/LAINNYA,Non BLU/BLUD,Kota Semarang,"Jl. Kalisari Baru No.7,Semarang"
3374353,Jawa Tengah,38565.0,1123,RS Ibu dan Anak Kusuma Pradja,Rumah Sakit Khusus Ibu dan Anak,C,25,13,22,SWASTA/LAINNYA,Non BLU/BLUD,Kota Semarang,"Jl. Bugangan Raya No.3 - 5,Semarang"
3374371,Jawa Tengah,38565.0,1123,RS Ibu dan Anak Siloam Semarang,Rumah Sakit Khusus Ibu dan Anak,C,25,27,118,SWASTA/LAINNYA,Non BLU/BLUD,Kota Semarang,"Jl. Kompol Maksum No.296 Peterongan, Kec. Semarang Selatan, Kota Semarang, Jawa Tengah 50242"
3374369,Jawa Tengah,38565.0,1123,RS Ibu dan Anak Ananda Pasar Ace,Rumah Sakit Khusus Ibu dan Anak,C,29,12,22,Perusahaan,Non BLU/BLUD,Kota Semarang,"JL. BANDUNGSARI III A NO 77, KEL. TAMBANGAN, KEC. MIJEN, KOTA SEMARANG, PROVINSI JAWA TENGAH"
3322072,Jawa Tengah,38565.0,1123,RS Ibu dan Anak Plamongan Indah,Rumah Sakit Khusus Ibu dan Anak,C,29,19,57,Perusahaan,Non BLU/BLUD,Kota Semarang,jl. kelapa gading raya no. 52 semarang
3374123,Jawa Tengah,38565.0,1123,RS Jiwa Daerah  Dr. Amino Gondohutomo,Rumah Sakit Khusus Jiwa,A,343,53,315,Pemprop,BLUD,Kota Semarang,"Jl. Brigjen Sudiarto No. 347, Pedurungan, Kota Semarang"
3374375,Jawa Tengah,38565.0,1123,RS Mata JEC-Candi Semarang,Rumah Sakit Khusus Mata,C,19,29,30,Perusahaan,Non BLU/BLUD,Kota Semarang,Jl. Pamularsih Raya No. 112 Gisikdrono Kec. Semarang Barat
3374010,Jawa Tengah,38565.0,1123,RS Umum Pusat Dr. Kariadi,Rumah Sakit Umum,A,1181,277,3871,Kemkes ,BLU,Kota Semarang,"Jl. Dr. Soetomo No.16,Semarang"
3374076,Jawa Tengah,38565.0,1123,RS Umum Sultan Agung Semarang,Rumah Sakit Umum,B,350,114,1666,Organisasi Islam ,Non BLU/BLUD,Kota Semarang,"Jl. Raya Kaligawe Km.4,Semarang"
3374021,Jawa Tengah,38565.0,1123,RS Umum St. Elisabeth Semarang,Rumah Sakit Umum,B,279,113,160,Organisasi Katholik,Non BLU/BLUD,Kota Semarang,"Jl. Kawi No.1,Semarang"
3374043,Jawa Tengah,38565.0,1123,RS Umum Telogorejo Semarang,Rumah Sakit Umum,B,277,128,1343,Organisasi Sosial,Non BLU/BLUD,Kota Semarang,Jl. KH. Ahmad Dahlan Semarang
3374342,Jawa Tengah,38565.0,1123,RS Daerah KRMT Wongsonegoro,Rumah Sakit Umum,B,530,89,1434,Pemkot,BLUD,Kota Semarang,  Jl. Fatmawati No.1 Semarang
3374134,Jawa Tengah,38565.0,1123,"RS Umum Daerah dr. Adhyatma, MPH",Rumah Sakit Umum,B,357,98,1193,Pemprop,BLUD,Kota Semarang,"Jl. WALISONGO KM 8,5 NO 137  Semarang"
3374367,Jawa Tengah,38565.0,1123,RS Umum Nasional Diponegoro,Rumah Sakit Umum,C,127,122,385,Kementerian Lain,Non BLU/BLUD,Kota Semarang,"Jl. Prof. Moeljono S. Trastotenojo, Tembalang, Kec. Tembalang"
3374365,Jawa Tengah,38565.0,1123,RS Umum Hermina Banyumanik Semarang,Rumah Sakit Umum,C,127,82,252,Perusahaan,Non BLU/BLUD,Kota Semarang,"Jln. Jenderal Polisi Anton Soedjarwo No.195 A, Banyumanik "
3374240,Jawa Tengah,38565.0,1123,"RS Panti Wilasa ""Dr. Cipto"" Semarang",Rumah Sakit Umum,C,185,84,381,Organisasi Protestan,Non BLU/BLUD,Kota Semarang,"Jl. Dr. Cipto 50, Bugangan, Semarang Timur"
3374203,Jawa Tengah,38565.0,1123,RS Umum Bhayangkara Akpol Semarang ,Rumah Sakit Umum,C,100,26,31,POLRI,Non BLU/BLUD,Kota Semarang,Jl. Sultan Agung No. 131 Candi Baru Komplek AKPOL
3374054,Jawa Tengah,38565.0,1123,RS Umum Permata Medika ,Rumah Sakit Umum,C,129,43,444,SWASTA/LAINNYA,Non BLU/BLUD,Kota Semarang," Jl. Moch Ichsan No.93 - 97, Ngaliyan Semarang "
3374389,Jawa Tengah,38565.0,1123,RS Unimus,Rumah Sakit Umum,C,115,43,,SWASTA/LAINNYA,Non BLU/BLUD,Kota Semarang,Jl. Kedungmundu Raya No. 214 Kedungmundu Tembalang
3374391,Jawa Tengah,38565.0,1123,RS Samsoe Hidajat ,Rumah Sakit Umum,C,100,56,,SWASTA/LAINNYA,Non BLU/BLUD,Kota Semarang,"Jl. RE Martadinata No. 9, Arteri Utara, Kel. Tawangsari, Kec. Semarang Barat"
3374080,Jawa Tengah,38565.0,1123,RS Roemani Muhammadiyah Semarang,Rumah Sakit Umum,C,219,120,769,Organisasi Islam ,Non BLU/BLUD,Kota Semarang,Jl. Wonodri No. 22 Semarang
3374388,Jawa Tengah,38565.0,1123,RS Keluarga Sehat III Semarang,Rumah Sakit Umum,C,110,52,,SWASTA/LAINNYA,Non BLU/BLUD,Kota Semarang,"Jl. Puri Anjasmoro No. G1 / 28, Tawangsari, Kec. Semarang Barat, Kota Semarang"
3374091,Jawa Tengah,38565.0,1123,RS Umum Bhayangkara Semarang ,Rumah Sakit Umum,C,142,41,75,POLRI,BLU,Kota Semarang,   JL.MAJAPAHIT NO.140 SEMARANG
3374145,Jawa Tengah,38565.0,1123,RS Umum Hermina Pandanaran,Rumah Sakit Umum,C,150,112,590,SWASTA/LAINNYA,Non BLU/BLUD,Kota Semarang,Jl. Pandanaran No.24 Semarang
3374112,Jawa Tengah,38565.0,1123,RS Umum Panti Wilasa Citarum,Rumah Sakit Umum,C,168,54,583,Organisasi Protestan,Non BLU/BLUD,Kota Semarang,Jl. Citarum No 98 Semarang
3374374,Jawa Tengah,38565.0,1123,RS Umum Banyumanik 2,Rumah Sakit Umum,C,134,32,87,SWASTA/LAINNYA,Non BLU/BLUD,Kota Semarang,Jl. Perintis Kemerdekaan No. 57 Banyumanik
3374065,Jawa Tengah,38565.0,1123,RS Umum Tk.III Bhakti Wira Tamtama Smg,Rumah Sakit Umum,C,154,54,58,TNI AD,Non BLU/BLUD,Kota Semarang,Jl. Dr. Sutomo No.17. Semarang
3374032,Jawa Tengah,38565.0,1123,RS Umum William Booth,Rumah Sakit Umum,C,101,53,162,Organisasi Sosial,Non BLU/BLUD,Kota Semarang,"Jl. LetJen. S. Parman No. 5, Semarang"
3374390,Jawa Tengah,38565.0,1123,RS Cepoko,Rumah Sakit Umum,D,50,20,,SWASTA/LAINNYA,Non BLU/BLUD,Kota Semarang,"Jl. Kolonel R. W. Sugiarto KM. 16 RT.05 RW.01, Kel. Cepoko, Kec. Gunungpati"
3374331,Jawa Tengah,38565.0,1123,RS Umum Banyumanik,Rumah Sakit Umum,D,61,42,102,SWASTA/LAINNYA,Non BLU/BLUD,Kota Semarang,"Jl. Bina Remaja Srondol No.61,Semarang"
3374392,Jawa Tengah,38565.0,1123,RS Umum Daerah Mijen,Rumah Sakit Umum,D,48,35,,Pemkot,Non BLU/BLUD,Kota Semarang,Jl. RM Hadi Soebeno No. 146-148
3372239,Jawa Tengah,38565.0,1123,RS Gigi dan Mulut Soelastri,Rumah Sakit Khusus Gigi dan Mulut,C,13,23,32,Perorangan,Non BLU/BLUD,Kota Surakarta,Jl. Brigjen Slamet Riyadi No. 366 Surakarta 57141
3372052,Jawa Tengah,38565.0,1123,RS Jiwa Daerah Dr. Arif Zainudin Provinsi Jawa Tengah,Rumah Sakit Khusus Jiwa,A,213,38,427,Pemprop,BLUD,Kota Surakarta,"  Jl. K.H. Dewantoro 80, Jebres, Surakarta"
3372242,Jawa Tengah,38565.0,1123,RS Onkologi Solo,Rumah Sakit Khusus Kanker,C,25,37,49,SWASTA/LAINNYA,Non BLU/BLUD,Kota Surakarta,"Jl. Siwalan No.37 RT.002 RW.014  Kel. Kerten, Kec. Laweyan, Kab. Kota Surakarta, Jawa Tengah 57143"
3372235,Jawa Tengah,38565.0,1123,RS Khusus Mata Solo,Rumah Sakit Khusus Mata,C,18,18,113,Perusahaan,Non BLU/BLUD,Kota Surakarta,"Jl. Adi Sucipto 169, Karangasem , Laweyan"
3372015,Jawa Tengah,38565.0,1123,RS Umum Daerah Dr. Moewardi Surakarta,Rumah Sakit Umum,A,953,153,3128,Pemprop,BLUD,Kota Surakarta,"  Jl. Kol Sutarto 132,Surakarta"
3372165,Jawa Tengah,38565.0,1123,RS Umum Kasih Ibu,Rumah Sakit Umum,B,204,92,1174,Perusahaan,Non BLU/BLUD,Kota Surakarta,"Jl. Slamet Riyadi 404,Surakarta"
3372026,Jawa Tengah,38565.0,1123,RS Umum Dr. Oen,Rumah Sakit Umum,B,249,109,873,Organisasi Sosial,Non BLU/BLUD,Kota Surakarta,"Jl. Brigjend Katamso 55,Surakarta"
3372096,Jawa Tengah,38565.0,1123,RS PKU Muhammadiyah Surakarta,Rumah Sakit Umum,B,297,93,779,Organisasi Islam ,Non BLU/BLUD,Kota Surakarta,"Jl. Ronggowarsito 130, Surakarta Propinsi Jawa Tengah"
3372234,Jawa Tengah,38565.0,1123,RS Umum Daerah Ibu Fatmawati Soekarno,Rumah Sakit Umum,C,199,38,344,Pemkot,BLUD,Kota Surakarta,Jl. Lettu Sumarto No. 1 Kel. Kadipiro Kec. Banjarsari
3372132,Jawa Tengah,38565.0,1123,RS Umum Islam Kustati,Rumah Sakit Umum,C,178,32,781,Organisasi Islam ,Non BLU/BLUD,Kota Surakarta,Jl. Kapt. Mulyadi No.249
3372074,Jawa Tengah,38565.0,1123,RS Umum Panti Waluyo,Rumah Sakit Umum,C,119,49,488,Organisasi Sosial,Non BLU/BLUD,Kota Surakarta,Jl. Jend A Yani No.1-2
3372030,Jawa Tengah,38565.0,1123,RS Umum Tk III Slamet Riyadi Surakarta,Rumah Sakit Umum,C,112,30,326,TNI AD,BLU,Kota Surakarta,"  Jl. Slamet Riyadi 321,Laweyan ,Surakarta"
3372191,Jawa Tengah,38565.0,1123,RS Umum Triharsi,Rumah Sakit Umum,C,110,23,233,SWASTA/LAINNYA,Non BLU/BLUD,Kota Surakarta,"Jl. Monginsidi No.82,Surakarta"
3372201,Jawa Tengah,38565.0,1123,RS Umum Pusat Surakarta,Rumah Sakit Umum,C,106,45,43,Kemkes ,BLU,Kota Surakarta,"Jl. Profesor DR. Soeharso No.28, Jajar, Kec. Laweyan"
3372240,Jawa Tengah,38565.0,1123,RS Umum Daerah Bung Karno Kota Surakarta,Rumah Sakit Umum,C,235,44,276,Pemkot,BLUD,Kota Surakarta,Jl. Sungai Serang 1 RT 03 Rw 03 Kelurahan Mojo Kecamatan Pasar Kliwon
3372241,Jawa Tengah,38565.0,1123,RS JIH Solo,Rumah Sakit Umum,C,120,58,296,SWASTA/LAINNYA,Non BLU/BLUD,Kota Surakarta,Jl. Adi Sucipto No 118 Jajar Laweyan
3372041,Jawa Tengah,38565.0,1123,RS Umum Brayat Minulya,Rumah Sakit Umum,C,118,51,292,Organisasi Sosial,Non BLU/BLUD,Kota Surakarta, Jl. Dr. Setiabudi No. 106 Surakarta
3372236,Jawa Tengah,38565.0,1123,RS Umum Hermina Solo,Rumah Sakit Umum,C,149,28,197,SWASTA/LAINNYA,Non BLU/BLUD,Kota Surakarta,Jalan Kolonel Sutarto No. 16 Jebres Solo
3372253,Jawa Tengah,38565.0,1123,RS Bhayangkara Surakarta,Rumah Sakit Umum,D,82,40,,POLRI,Non BLU/BLUD,Kota Surakarta,Jl. Adi Sucipto No. 2 Kel. Manahan Kec. Banjarsari
3372238,Jawa Tengah,38565.0,1123,RS PKU Muhammadiyah Sampangan Surakarta,Rumah Sakit Umum,D,62,35,64,Organisasi Islam ,Non BLU/BLUD,Kota Surakarta,"Semanggi RT 002 RW 009, Pasar Kliwon, Surakarta"
3376093,Jawa Tengah,38565.0,1123,RS Ibu dan Anak Kasih Ibu Tegal,Rumah Sakit Khusus Ibu dan Anak,C,34,18,53,Organisasi Sosial,Non BLU/BLUD,Kota Tegal,"Jl. Sultan Agung 32,Tegal"
3376012,Jawa Tengah,38565.0,1123,RS Umum Daerah Kardinah,Rumah Sakit Umum,B,393,113,560,Pemkot,BLUD,Kota Tegal, Jl. AIP. KS Tubun No.2 Kelurahan Kejambon Kecamatan Tegal Timur Kota Tegal
3376082,Jawa Tengah,38565.0,1123,RS Umum Islam Harapan Anda,Rumah Sakit Umum,B,406,103,956,Organisasi Islam ,Non BLU/BLUD,Kota Tegal,"Jl. Ababil No.42,Tegal"
3328042,Jawa Tengah,38565.0,1123,RS Umum Mitra Keluarga Tegal,Rumah Sakit Umum,C,108,50,304,SWASTA/LAINNYA,Non BLU/BLUD,Kota Tegal,"Jl. Sipelem No.4, Kemandungan, Tegal"
3319023,Jawa Tengah,38565.0,1123,RS Ibu dan Anak Harapan Bunda,Rumah Sakit Khusus Ibu dan Anak,C,39,15,83,SWASTA/LAINNYA,Non BLU/BLUD,Kudus,"Jl. Kudus Jepara KM 4 Kudus, Desa/Kel. Garung Lor, Kec. Kaliwungu"
3319025,Jawa Tengah,38565.0,1123,RS Ibu dan Anak Miriam,Rumah Sakit Khusus Ibu dan Anak,C,28,17,43,Organisasi Katholik,Non BLU/BLUD,Kudus,"Jl. Ahmad Yani 58 Kelurahan Panjunan Kecamatan Kota, Kabupaten Kudus, Provinsi Jawa Tengah "
3319091,Jawa Tengah,38565.0,1123,RS Ibu dan Anak Permata Hati,Rumah Sakit Khusus Ibu dan Anak,C,25,16,66,Organisasi Sosial,Non BLU/BLUD,Kudus,"Jl. Nisemito No.28,Kudus"
3319010,Jawa Tengah,38565.0,1123,RS Umum Daerah dr. Loekmono Hadi,Rumah Sakit Umum,B,385,56,965,Pemkab,BLUD,Kudus,"    Jl. Dr. Lukmonohadi No.19,Kudus"
3319032,Jawa Tengah,38565.0,1123,RS Umum Mardi Rahayu,Rumah Sakit Umum,B,259,81,1384,Organisasi Sosial,Non BLU/BLUD,Kudus,"Jl. AKBP R Agil  Kusumadya 110,Kudus"
3319113,Jawa Tengah,38565.0,1123,RS Sarkies 'Aisyiyah Kudus,Rumah Sakit Umum,C,115,31,,SWASTA/LAINNYA,Non BLU/BLUD,Kudus,"Jl. Mas Sirin No. 79 Kudus-Margoyoso Km. 2 Desa/Kelurahan Purwosari, Kec. Kota Kudus"
3319022,Jawa Tengah,38565.0,1123,RS Umum Kumala Siwimijen Kudus,Rumah Sakit Umum,C,100,42,278,Organisasi Sosial,Non BLU/BLUD,Kudus,Jl. Jepara KM. 6 Desa Mijen Kec. Kaliwungu
3319080,Jawa Tengah,38565.0,1123,RS Umum  Islam Sunan Kudus,Rumah Sakit Umum,C,200,47,796,Organisasi Islam ,Non BLU/BLUD,Kudus,"Jl. Kudus Permai No.1, Kaliwungu, Kudus"
3319043,Jawa Tengah,38565.0,1123,RS Umum  Nurussyifa,Rumah Sakit Umum,D,102,37,180,Organisasi Islam ,Non BLU/BLUD,Kudus,"Jl. Kudus - Pati Km.10 Jekulo, Kudus"
3319102,Jawa Tengah,38565.0,1123,Rumkitban 04.08.04 Kartika Husada Kudus,Rumah Sakit Umum,D,58,41,98,TNI AD,Non BLU/BLUD,Kudus,"Jl. Jend. Sudirman No.64, Kudus"
3319021,Jawa Tengah,38565.0,1123,RS Aisyiyah Kudus,Rumah Sakit Umum,D,160,22,182,SWASTA/LAINNYA,Non BLU/BLUD,Kudus,"Jl. H.O.S. Cokroaminoto No. 248, Mlatinorowito Kec. Kota Kudus Kab. Kudus Jawa Tengah 59319 "
3308022,Jawa Tengah,38565.0,1123,RS Umum Daerah Merah Putih,Rumah Sakit Umum,C,200,36,391,Pemkab,BLUD,Magelang,Jl. Raya Magelang-Yogyakarta KM 05 Mungkidan Danurejo Mertoyudan
3308014,Jawa Tengah,38565.0,1123,RS Umum Daerah Muntilan Kab. Magelang,Rumah Sakit Umum,C,159,39,591,Pemkab,BLUD,Magelang,Jl. Kartini No.13 Muntilan Kabupaten Magelang Provinsi Jawa Tengah Kode Pos 56411
3308021,Jawa Tengah,38565.0,1123,RS Umum Syubbanul Wathon,Rumah Sakit Umum,C,116,23,55,Perusahaan,Non BLU/BLUD,Magelang,Jl Magelang Kopeng Km. 8 Dusun Nuren Desa Purwosari Kec. Tegalrejo
3308017,Jawa Tengah,38565.0,1123,RS Umum Aisyiyah Muntilan ,Rumah Sakit Umum,C,113,26,192,SWASTA/LAINNYA,Non BLU/BLUD,Magelang,JL. KHA Dahlan No. 24 Muntilan
3308034,Jawa Tengah,38565.0,1123,RS Umum Daerah Candi Umbul,Rumah Sakit Umum,D,50,16,,Pemkab,Non BLU/BLUD,Magelang,Jl. Pagergunung KM. 1 Kec. Grabag Kab. Magelang
3308018,Jawa Tengah,38565.0,1123,RS Umum N-21 Gemilang ,Rumah Sakit Umum,D,50,9,25,Perusahaan,Non BLU/BLUD,Magelang,"Jln. Pondok Pabelan No. 5 , Desa Pabelan, Kecamatan Mungkid, Kabupaten Magelang Provinsi Jawa Tengah "
3308033,Jawa Tengah,38565.0,1123,RS Umum Daerah Bukit Menoreh,Rumah Sakit Umum,D,51,15,,Pemkab,Non BLU/BLUD,Magelang,"Jl. Magelang - Purworejo Km. 15, Salaman, Magelang."
3318125,Jawa Tengah,38565.0,1123,RS Ibu dan Anak Ultima,Rumah Sakit Khusus Ibu dan Anak,C,27,14,,SWASTA/LAINNYA,Non BLU/BLUD,Pati,Ds.Trangkil RT. 01 RW. 01 Kec. Trangkil Kab. Pati
3318016,Jawa Tengah,38565.0,1123,RS Umum Daerah RAA Soewondo,Rumah Sakit Umum,B,289,79,1213,Pemkab,BLUD,Pati, Jl. Dr Soesanto  No. 114 Pati
3318114,Jawa Tengah,38565.0,1123,RS Keluarga Sehat Tayu,Rumah Sakit Umum,C,144,37,122,Perusahaan,Non BLU/BLUD,Pati,"Jl. Pati-Tayu KM 27, Tayu Pati "
3318064,Jawa Tengah,38565.0,1123,RS Umum Islam Pati,Rumah Sakit Umum,C,100,33,398,Organisasi Islam ,Non BLU/BLUD,Pati,Jl. Raya Pati-Tayu KM.18Waturoyo Margoyoso Pati
3318111,Jawa Tengah,38565.0,1123,RS Umum Sebening Kasih,Rumah Sakit Umum,C,137,20,157,SWASTA/LAINNYA,Non BLU/BLUD,Pati,Jl. Raya Tayu - Pati Km. 3 No. 99A Pakis Tayu Pati
3318075,Jawa Tengah,38565.0,1123,RS Umum Mitra Bangsa Pati,Rumah Sakit Umum,C,115,30,311,Organisasi Sosial,Non BLU/BLUD,Pati,"Jl. Kol.Sugiyono No.75,Pati"
3318108,Jawa Tengah,38565.0,1123,RS Umum Keluarga Sehat ,Rumah Sakit Umum,C,199,39,956,Perusahaan,Non BLU/BLUD,Pati, Jl. P. Sudirman No. 9 Margorejo Pati
3318110,Jawa Tengah,38565.0,1123,RS Umum Fastabiq Sehat PKU Muhammadiyah Pati,Rumah Sakit Umum,C,138,74,50,Organisasi Islam ,Non BLU/BLUD,Pati,"Jl. Raya Pati-Tayu Km. 03 Tambaharjo, Pati"
3318086,Jawa Tengah,38565.0,1123,RS Umum Daerah Kayen Pati,Rumah Sakit Umum,C,111,27,155,Pemkab,BLUD,Pati,Jl. Rumah Sakit No.1 Kayen Pati
3318109,Jawa Tengah,38565.0,1123,RS Umum  Budi Agung Pati,Rumah Sakit Umum,D,85,24,117,SWASTA/LAINNYA,Non BLU/BLUD,Pati,Jl. Bajo No. 7 Juwana 
3318113,Jawa Tengah,38565.0,1123,RS Umum As-Suyuthiyyah ,Rumah Sakit Umum,D,50,26,135,SWASTA/LAINNYA,Non BLU/BLUD,Pati,Jl. Raya Juwana - Tayu Km. 7 Guyangan Trangkil Pati Jawa Tengah 
3326051,Jawa Tengah,38565.0,1123,RS Ibu dan Anak Aisyiyah Pekajangan Pekalongan,Rumah Sakit Khusus Ibu dan Anak,C,79,17,196,Organisasi Islam ,Non BLU/BLUD,Pekalongan,Jl. Raya Pekajangan No. 610
3326011,Jawa Tengah,38565.0,1123,RS Umum Daerah Kraton Kab. Pekalongan,Rumah Sakit Umum,B,249,135,694,Pemkab,BLUD,Pekalongan,"  Jl. Veteran 31,Pekalongan"
3326038,Jawa Tengah,38565.0,1123,RS Umum Daerah Kajen Kab. Pekalongan,Rumah Sakit Umum,C,275,84,303,Pemkab,BLUD,Pekalongan,Jl. Raya Karangsari Karanganyar Kab. Pekalongan
3326016,Jawa Tengah,38565.0,1123,RS Islam PKU Muhammadiyah Pekajangan,Rumah Sakit Umum,C,182,35,277,Organisasi Islam ,Non BLU/BLUD,Pekalongan,Jl. Raya Ambokembang No.42-44 Kedungwuni Pekalongan Jawa Tengah
3326062,Jawa Tengah,38565.0,1123,RS Umum Daerah Kesesi Pekalongan,Rumah Sakit Umum,D,85,19,,Pemkab,BLUD,Pekalongan,"Jl. Raya Kaibahan Kesesi, Desa Kesesi, Kecamatan Kesesi Kab. Pekalongan, Provinsi JawaTengah, Indonesia. 51162"
3326063,Jawa Tengah,38565.0,1123,RS Prima Sehat Pekalongan,Rumah Sakit Umum,D,50,17,,Perorangan,Non BLU/BLUD,Pekalongan,"Jl. Pantura Rembun No. 1, Kec. Siwalan, Kab. Pekalongan, 51137"
3327043,Jawa Tengah,38565.0,1123,RS Umum Islam Al-Ikhlas,Rumah Sakit Umum,C,114,27,152,Organisasi Islam ,Non BLU/BLUD,Pemalang,Jl. Kolonel Soegiono NO. 13 Taman
3327044,Jawa Tengah,38565.0,1123,RS Umum Siaga Medika Pemalang ,Rumah Sakit Umum,C,195,67,98,SWASTA/LAINNYA,Non BLU/BLUD,Pemalang,Jl. Perintis Kemerdekaan No. 1 Beji (Gandulan) Taman
3327021,Jawa Tengah,38565.0,1123,RS Umum Santa Maria Pemalang,Rumah Sakit Umum,C,147,51,286,Organisasi Katholik,Non BLU/BLUD,Pemalang,Jl. Pemuda No. 24 Pemalang
3327010,Jawa Tengah,38565.0,1123,RS Umum Daerah Dr. M. Ashari Pemalang,Rumah Sakit Umum,C,269,27,922,Pemkab,BLUD,Pemalang," Jl. Gatot Subroto No.41,Pemalang"
3327045,Jawa Tengah,38565.0,1123,RS Umum Prima Medika,Rumah Sakit Umum,C,166,29,324,SWASTA/LAINNYA,Non BLU/BLUD,Pemalang,Jl. Slamet Riyadi No. 321 Pemalang
3327048,Jawa Tengah,38565.0,1123,RS Harapan Sehat Pemalang,Rumah Sakit Umum,D,51,26,87,SWASTA/LAINNYA,Non BLU/BLUD,Pemalang,Jl. RE Martadinata
3327049,Jawa Tengah,38565.0,1123,RS Umum Comal Baru,Rumah Sakit Umum,D,59,21,100,SWASTA/LAINNYA,Non BLU/BLUD,Pemalang,Jl. Comal Baru Ujunggede Ampelgading
3327047,Jawa Tengah,38565.0,1123,RS Umum Muhammadiyah Mardhatillah,Rumah Sakit Umum,D,100,29,121,Organisasi Islam ,Non BLU/BLUD,Pemalang,Jl. Jend. Sudirman Timur Kecamatan Randudongkal 
3327032,Jawa Tengah,38565.0,1123,RS Muhammadiyah Rodliyah Achid,Rumah Sakit Umum,D,96,33,156,Organisasi Islam ,Non BLU/BLUD,Pemalang,Jl. Raya Moga-Pulosari KM.2 Pemalang
3303116,Jawa Tengah,38565.0,1123,RS Ibu dan Anak MPH Purbalingga,Rumah Sakit Khusus Ibu dan Anak,C,25,18,,Kementerian Lain,Non BLU/BLUD,Purbalingga,Jl. Letjen S. Parman No. 56 Kedungmenjangan Purbalingga
3303099,Jawa Tengah,38565.0,1123,RS Ibu dan Anak Ummu Hani,Rumah Sakit Khusus Ibu dan Anak,C,151,33,88,Perusahaan,Non BLU/BLUD,Purbalingga,Jl. D I Panjaitan No 40 A Purbalingga Jawa Tengah
3303075,Jawa Tengah,38565.0,1123,RS Umum Harapan Ibu,Rumah Sakit Umum,C,120,40,446,Organisasi Sosial,Non BLU/BLUD,Purbalingga,"Jl. May.Jend.Soengkono KM.1,Kec. Kalimanah, Purbalingga dan JL. Soekarno Hatta No.02 Kec. Kalimanah "
3303101,Jawa Tengah,38565.0,1123,RS Umum Siaga Medika Purbalingga ,Rumah Sakit Umum,C,190,32,113,SWASTA/LAINNYA,Non BLU/BLUD,Purbalingga,Jl. Letnan Sudani Karangsentul Kecamatan Padamara Kabupaten Purbalingga
3303103,Jawa Tengah,38565.0,1123,RS Islam At-Tin Husada Purbalingga,Rumah Sakit Umum,C,119,29,42,SWASTA/LAINNYA,Non BLU/BLUD,Purbalingga,"Jl. Mayjend. Soengkono No. 9, Kel. Selabaya, Kec. Kalimanah"
3303064,Jawa Tengah,38565.0,1123,RS Umum Nirmala,Rumah Sakit Umum,C,101,40,273,Organisasi Sosial,Non BLU/BLUD,Purbalingga,"Jl. Letnan Yusup Babakan, Kalimanah Purbalingga"
3303016,Jawa Tengah,38565.0,1123,RS Umum Daerah dr. R. Goeteng Taroenadibrata,Rumah Sakit Umum,C,220,80,677,Pemkab,BLUD,Purbalingga, Jl. Tentara Pelajar Purbalingga No. 22
3303097,Jawa Tengah,38565.0,1123,RS Umum Daerah Panti Nugroho,Rumah Sakit Umum,C,108,32,222,Pemkab,BLUD,Purbalingga,Jl. Soekarno Hatta KM 2 Kelurahan Karang Manyar Kecamatan Kalimanah Kabupaten Purbalingga
3303102,Jawa Tengah,38565.0,1123,RS Umum PKU Muhammadiyah Purbalingga,Rumah Sakit Umum,D,93,26,50,Organisasi Islam ,Non BLU/BLUD,Purbalingga,"Jl. Kolonel Sugiri, RT 002 RW 004, Desa/Kelurahan Gandasuli, Kec.Bobotsari, Kab. Purbalingga, Provinsi Jawa Tengah Kode Pos 53353"
3306105,Jawa Tengah,38565.0,1123,RS Ibu dan Anak Permata,Rumah Sakit Khusus Ibu dan Anak,C,28,30,108,Perusahaan,Non BLU/BLUD,Purworejo,"Jl. Mayjend Sutoyo No.75 RW. V Sindurjan, Kec. Purworejo, Kabupaten Purworejo, Jawa Tengah 54113"
3306012,Jawa Tengah,38565.0,1123,RS Umum Daerah Dr. Tjitrowardojo Purworejo,Rumah Sakit Umum,B,288,149,691,Pemkab,BLUD,Purworejo,  Jl. Jend. Sudirman No.60 Purworejo
3306104,Jawa Tengah,38565.0,1123,RS Umum Palang Biru Kutoarjo,Rumah Sakit Umum,C,121,37,263,Organisasi Sosial,Non BLU/BLUD,Purworejo,"Jl. Marditomo No.17, Kutoarjo, Kab.Purworejo"
3306113,Jawa Tengah,38565.0,1123,RS Umum Daerah R.A.A Tjokronegoro,Rumah Sakit Umum,C,106,41,190,Pemkab,BLUD,Purworejo,"Jl. Soekarno Hatta, Boro Kulon, Kec. Banyuurip"
3306111,Jawa Tengah,38565.0,1123,RS Amanah Umat Purworejo,Rumah Sakit Umum,C,101,33,207,Perusahaan,Non BLU/BLUD,Purworejo,Jl. Brigjen Katamso No. 144A Purworejo 54115 
3306082,Jawa Tengah,38565.0,1123,RS Umum Panti Waluyo Yakkum Purworejo,Rumah Sakit Umum,D,60,27,159,Organisasi Sosial,Non BLU/BLUD,Purworejo,Jl. Ahmad Yani No. 21 Purworejo
3306023,Jawa Tengah,38565.0,1123,RS Umum  Aisyiyah,Rumah Sakit Umum,D,34,29,124,Organisasi Islam ,Non BLU/BLUD,Purworejo,"Jl. Mayjend Soetoyo no 113, Kel. Sindurjan, Kec. Purworejo, Kab. Purworejo, Prop. Jawa Tengah "
3306108,Jawa Tengah,38565.0,1123,RS Umum Kasih Ibu Purworejo,Rumah Sakit Umum,D,48,27,61,Organisasi Sosial,Non BLU/BLUD,Purworejo,Jl. Mayjend Sutoyo No.19 Desa Pangenjurutengah Kec. Purworejo
3306106,Jawa Tengah,38565.0,1123,RS Umum Purwa Husada,Rumah Sakit Umum,D,50,24,32,Perusahaan,Non BLU/BLUD,Purworejo,"Jl. Gajah Mada KM. 4 (Jl. Purworejo-Kutoarjo) Candisari, Banyuurip, Purworejo"
3306110,Jawa Tengah,38565.0,1123,RS Umum Budi Sehat Purworejo,Rumah Sakit Umum,D,58,43,176,SWASTA/LAINNYA,Non BLU/BLUD,Purworejo,"Jl. W.R. Supratman No. 183 Cangkrep Lor, Purworejo"
3306109,Jawa Tengah,38565.0,1123,RS Umum Islam Purworejo,Rumah Sakit Umum,D,70,31,41,Organisasi Islam ,Non BLU/BLUD,Purworejo,Jl. Magelang km.2 Purworejo
3306112,Jawa Tengah,38565.0,1123,RS Umum Ananda Purworejo,Rumah Sakit Umum,D,52,21,25,SWASTA/LAINNYA,Non BLU/BLUD,Purworejo,"Jl. Pahlawan, Sucen Juru Tengah, Bayan Purworejo, "
3317027,Jawa Tengah,38565.0,1123,RS Bhina Bhakti Husada,Rumah Sakit Umum,C,189,64,254,Perusahaan,Non BLU/BLUD,Rembang,Jl. Pemuda KM. 4
3317015,Jawa Tengah,38565.0,1123,RS Umum Daerah dr. R. Soetrasno Rembang,Rumah Sakit Umum,C,302,83,691,Pemkab,BLUD,Rembang,Jl. Pahlawan No.16 Rembang
3317026,Jawa Tengah,38565.0,1123,RS Umum Islam Arafah,Rumah Sakit Umum,D,80,32,94,Organisasi Islam ,Non BLU/BLUD,Rembang,"Jl. Raya Rembang - Lasem Km.5 Tritunggal, Rembang"
3317038,Jawa Tengah,38565.0,1123,RS PKU Muhammadiyah Pamotan,Rumah Sakit Umum,D,75,92,,Organisasi Islam ,Non BLU/BLUD,Rembang,"Jl. Raya Pamotan - Lasem Km. 2,5 Pamotan,  Rembang"
3322084,Jawa Tengah,38565.0,1123,At-Tin Hospital,Rumah Sakit Umum,C,100,31,,Perusahaan,Non BLU/BLUD,Semarang,"Jl. Slamet Riyadi No. 14 Tegalrejo, Bawen, Kab. Semarang"
3322012,Jawa Tengah,38565.0,1123,RS Umum Daerah dr. Gunawan Mangunkusumo,Rumah Sakit Umum,C,209,33,752,Pemkab,BLUD,Semarang,"  Jl. Kartini No.101, Ambarawa"
3322034,Jawa Tengah,38565.0,1123,RS Umum Ken Saras,Rumah Sakit Umum,C,199,73,911,Perusahaan,Non BLU/BLUD,Semarang,"Jl. Soekarno Hatta Km 29 Bergas, Ungaran-Kab. Semarang"
3322023,Jawa Tengah,38565.0,1123,RS Umum Daerah dr. Gondo Suwarno,Rumah Sakit Umum,C,208,31,148,Pemkab,BLUD,Semarang," Jl. Diponegoro 125,Ungaran"
3322073,Jawa Tengah,38565.0,1123,RS Umum Kusuma Ungaran ,Rumah Sakit Umum,D,50,19,34,Perusahaan,Non BLU/BLUD,Semarang,"JL. LETJEN. SUPRAPTO NO 62 SIDOMULYO, UNGARAN TIMUR"
3322071,Jawa Tengah,38565.0,1123,RS Umum Bina Kasih,Rumah Sakit Umum,D,63,19,174,Organisasi Sosial,Non BLU/BLUD,Semarang,Jl. Naryo Atmajan 27 Ambarawa
3314078,Jawa Tengah,38565.0,1123,RS Ibu dan Anak Restu Ibu,Rumah Sakit Khusus Ibu dan Anak,C,52,38,125,Organisasi Sosial,Non BLU/BLUD,Sragen,"BENDUNGAN, PILANGSARI, NGRAMPAL, SRAGEN"
3314012,Jawa Tengah,38565.0,1123,RS Umum Daerah dr. Soehadi Prijonegoro,Rumah Sakit Umum,B,275,77,853,Pemkab,BLUD,Sragen," Jl. Raya Sukowati No.534, Sragen"
3314089,Jawa Tengah,38565.0,1123,RS Umum Daerah dr. Soeratno Gemolong,Rumah Sakit Umum,C,118,38,281,Pemkab,BLUD,Sragen,Jl. R Ngt Tjitrosantjoko 10 Gemolong Gemolong Sragen 
3314045,Jawa Tengah,38565.0,1123,RS Umum Sarila Husada,Rumah Sakit Umum,C,126,34,393,Organisasi Sosial,Non BLU/BLUD,Sragen,"Jl. Veteran No. 41-43,Sragen"
3314090,Jawa Tengah,38565.0,1123,RS Umum PKU Muhammadiyah Sragen ,Rumah Sakit Umum,C,104,33,210,SWASTA/LAINNYA,Non BLU/BLUD,Sragen,"Jl. Raya Sragen-Solo Km. 8, Masaran, Sragen"
3314056,Jawa Tengah,38565.0,1123,RS Umum Islam Amal Sehat Sragen,Rumah Sakit Umum,C,115,40,354,Organisasi Islam ,Non BLU/BLUD,Sragen,"Jl. Veteran No.35, Sragen, Jawa Tengah"
3314092,Jawa Tengah,38565.0,1123,RS Umum Islam Yakssi Gemolong,Rumah Sakit Umum,D,57,21,140,Perusahaan,Non BLU/BLUD,Sragen,"Jln. Raya Solo-Purwodadi Km.20, Gemolong"
3314067,Jawa Tengah,38565.0,1123,RS Umum Assalam,Rumah Sakit Umum,D,99,25,176,Perusahaan,Non BLU/BLUD,Sragen,"Jl. Gatot Subroto KM.1,5 Kulon Palang Gemolong "
3314096,Jawa Tengah,38565.0,1123,RS Umum Rizky Amalia,Rumah Sakit Umum,D,50,27,142,Perusahaan,Non BLU/BLUD,Sragen,"Jalan Jenderal Ahmad Yani Cantel Wetan No.100, Kutorejo, Sragen Tengah, Kec. Sragen, Kabupaten Sragen, Jawa Tengah 57211"
3314109,Jawa Tengah,38565.0,1123,Rumah Sakit Umum Hastuti,Rumah Sakit Umum,D,,1,,Perorangan,Non BLU/BLUD,Sragen,Candibaru RT 39 RW 11 Plumbungan Karangmalang Sragen
3314023,Jawa Tengah,38565.0,1123,RS Umum Mardi Lestari Sragen,Rumah Sakit Umum,D,68,30,266,Organisasi Sosial,Non BLU/BLUD,Sragen,Jl. Rokan No. 8 Sragen
3314097,Jawa Tengah,38565.0,1123,RS Umum Saras Ibnu Sina Sukowati,Rumah Sakit Umum,D,79,34,72,Perusahaan,Non BLU/BLUD,Sragen,"Jl. Jatayu RT. 03 RW. 02 Taman Agung, Nglorog"
3314108,Jawa Tengah,38565.0,1123,RS Umum Daerah Sukowati Tangen,Rumah Sakit Umum,D,58,25,,Pemkab,BLUD,Sragen,"Jl. Raya Tangen Gesi, Dukuh Brakbunder, Katelan, Tangen"
3372063,Jawa Tengah,38565.0,1123,RS Orthopedi Prof. Dr. R. Soeharso,Rumah Sakit Khusus Orthopedi,A,170,34,654,Kemkes ,BLU,Sukoharjo,"Jl. Jenderal Ahmad Yani Pabelan, Surakarta 57162"
3311027,Jawa Tengah,38565.0,1123,RS Khusus Orthopedi Karima Utama,Rumah Sakit Khusus Orthopedi,C,63,35,245,SWASTA/LAINNYA,Non BLU/BLUD,Sukoharjo,"Jl. Amarta 8-10 Ngabeyan Kartasura, Sukoharjo - Jawa Tengah "
3311016,Jawa Tengah,38565.0,1123,RS Umum Daerah Ir. Soekarno Kabupaten Sukoharjo,Rumah Sakit Umum,B,233,62,731,Pemkab,BLUD,Sukoharjo,"Jl. Dr. Muwardi 71, Sukoharjo"
3311231,Jawa Tengah,38565.0,1123,RS Islam Surakarta YARSIS,Rumah Sakit Umum,C,8,84,,Organisasi Islam ,Non BLU/BLUD,Sukoharjo,Jl. Ahmad Yani Mendungan Pabelan Kartasura Sukoharjo
3311225,Jawa Tengah,38565.0,1123,RS Umum PKU Muhammadiyah Sukoharjo,Rumah Sakit Umum,C,6,95,156,Organisasi Islam ,Non BLU/BLUD,Sukoharjo,"Jl. Mayor Sunaryo No. 37, Kelurahan Sukoharjo, Kecamatan Sukoharjo, Kabupaten Sukoharjo, Provinsi Jawa Tengah"
3311228,Jawa Tengah,38565.0,1123,RS Umum Universitas Sebelas Maret,Rumah Sakit Umum,C,197,52,561,Kementerian Lain,Non BLU/BLUD,Sukoharjo,Jl. Ahmad Yani 200 Makamhaji Kartasura Sukoharjo
3311229,Jawa Tengah,38565.0,1123,RS Umum Indriati,Rumah Sakit Umum,C,182,58,1075,SWASTA/LAINNYA,Non BLU/BLUD,Sukoharjo,Jl. Palem Raya Langenharjo Sukoharjo
3311213,Jawa Tengah,38565.0,1123,RS Umum Nirmala Suri,Rumah Sakit Umum,C,116,112,196,SWASTA/LAINNYA,Non BLU/BLUD,Sukoharjo,Jl. Raya Solo Sukoharjo KM. 09 Sukoharjo 57527
3311224,Jawa Tengah,38565.0,1123,RS Umum Dr. Oen Solo Baru,Rumah Sakit Umum,C,195,60,1175,Organisasi Sosial,Non BLU/BLUD,Sukoharjo,Komplek Perumahan Solo Baru Kec.Grogol Sukoharjo
3311230,Jawa Tengah,38565.0,1123,RS PKU Muhammadiyah Kartasura,Rumah Sakit Umum,D,56,21,71,Organisasi Islam ,Non BLU/BLUD,Sukoharjo,"Jl. Slamet Riyadi No. 06, Kelurahan Kartasura, Kec. Kartasura, Kab. Sukoharjo, Jawa Tengah"
3328079,Jawa Tengah,38565.0,1123,RS Ibu dan Anak Pala Raya,Rumah Sakit Khusus Ibu dan Anak,C,66,18,78,SWASTA/LAINNYA,Non BLU/BLUD,Tegal,Jl. Pala Raya 11A Mejasem Barat Tegal Kec.Kramat
3328011,Jawa Tengah,38565.0,1123,RS Umum Daerah dr. Soeselo Slawi Kabupaten Tegal,Rumah Sakit Umum,B,417,51,986,Pemkab,BLUD,Tegal,Jl. Dr. Sutomo No.63 Desa Slawi Kulon Kecamatan Slawi
3376023,Jawa Tengah,38565.0,1123,RS Umum  Mitra Siaga,Rumah Sakit Umum,C,181,40,250,SWASTA/LAINNYA,Non BLU/BLUD,Tegal,Jl. Pala Raya No.54 Tegal
3328055,Jawa Tengah,38565.0,1123,RSI PKU Muhammadiyah Tegal,Rumah Sakit Umum,C,190,42,428,Organisasi Sosial,Non BLU/BLUD,Tegal,"Jl. Raya Singkil Km.0,5 Adiwerna, - Tegal Desa Adiwerna, Kec. Adiwerna, Kab. Tegal, Provinsi Jawa Tengah"
3328094,Jawa Tengah,38565.0,1123,RS Mitra Siaga Tarub,Rumah Sakit Umum,C,110,33,,Perusahaan,Non BLU/BLUD,Tegal,Jl. Karangjati RT. 001 RW. 001 Desa/Kel. Karangjati Kec. Tarub
3328035,Jawa Tengah,38565.0,1123,RS Umum Daerah Suradadi,Rumah Sakit Umum,C,152,38,256,Pemkab,BLUD,Tegal,Jl. Raya Tegal-Pemalang KM.12 
3328093,Jawa Tengah,38565.0,1123,RS Mitra Keluarga Slawi,Rumah Sakit Umum,C,100,36,,Perusahaan,Non BLU/BLUD,Tegal,Jl. Ahmad Yani RT. 05 RW. 01 Kel. Procot Kec. Slawi
3328082,Jawa Tengah,38565.0,1123,RS Hawari Essa,Rumah Sakit Umum,D,50,25,40,Perorangan,Non BLU/BLUD,Tegal,"Jl. Raya Kajen RT 001 RW 005, Desa Kajen, Kec. Lebaksiu, Kab. Tegal"
3376034,Jawa Tengah,38565.0,1123,RS Umum Tk. IV Tegal,Rumah Sakit Umum,D,50,41,91,TNI AD,Non BLU/BLUD,Tegal,"  Jl. Raya Pagongan, Pepedan, Kecamatan Dukuhturi, Kabupaten Tegal"
3328081,Jawa Tengah,38565.0,1123,RS Harapan Sehat Slawi,Rumah Sakit Umum,D,84,31,55,SWASTA/LAINNYA,Non BLU/BLUD,Tegal,"Jl. Gatot Subroto, Slawi, Kabupaten Tegal"
3328078,Jawa Tengah,38565.0,1123,RS Umum Adella,Rumah Sakit Umum,D,50,25,68,SWASTA/LAINNYA,Non BLU/BLUD,Tegal,Jl. Prof.Moh. Yamin No.77 Slawi
3323013,Jawa Tengah,38565.0,1123,RS Umum Daerah Kabupaten Temanggung,Rumah Sakit Umum,B,318,83,837,Pemkab,BLUD,Temanggung,  Jl. Gajahmada 1A
3323050,Jawa Tengah,38565.0,1123,RS PKU Muhammadiyah Temanggung,Rumah Sakit Umum,C,155,86,297,Organisasi Islam ,Non BLU/BLUD,Temanggung,JL. RAYA KEDU KM 2 KALISAT CAMPURSARI BULU TEMANGGUNG
3323024,Jawa Tengah,38565.0,1123,RS Umum Ngesti Waluyo,Rumah Sakit Umum,C,159,35,515,Organisasi Protestan,Non BLU/BLUD,Temanggung,"Jl. Pahlawan Parakan,Temanggung, Jawa Tengah"
3323046,Jawa Tengah,38565.0,1123,RS Umum Gunung Sawo Kab. Temanggung,Rumah Sakit Umum,D,50,21,144,Organisasi Sosial,Non BLU/BLUD,Temanggung,"Jl. Gatot Subroto Km. 2, Manding Temanggung"
3312010,Jawa Tengah,38565.0,1123,RS Umum Daerah Dr. Soediran Mangun Sumarso Wonogi,Rumah Sakit Umum,B,269,122,696,Pemkab,BLUD,Wonogiri," Jl. Jend A Yani No. 40,Giriwono, Wonogiri, Jateng"
3312295,Jawa Tengah,38565.0,1123,RS Hermina Wonogiri,Rumah Sakit Umum,C,110,64,210,SWASTA/LAINNYA,Non BLU/BLUD,Wonogiri,Jl. Raya Wonogiri-Ngadirojo KM 5 Wonogiri
3312306,Jawa Tengah,38565.0,1123,RS Umum  Amal Sehat,Rumah Sakit Umum,C,125,35,231,SWASTA/LAINNYA,Non BLU/BLUD,Wonogiri,"Jl. Ngerjopuro RT.02/RW.03,Slogohimo Wonogiri"
3312021,Jawa Tengah,38565.0,1123,RS Umum Maguan Husada,Rumah Sakit Umum,D,100,27,211,Perusahaan,Non BLU/BLUD,Wonogiri,"Jl. Raya Pracimantoro-Giribelah Km.6  Suci, Kec. Pracimantoro, Kab. Wonogiri, Provinsi Jawa Tengah"
3312284,Jawa Tengah,38565.0,1123,RS Umum Muhammadiyah Selogiri,Rumah Sakit Umum,D,50,44,155,Organisasi Islam ,Non BLU/BLUD,Wonogiri,"Jl. Lama Bulak, RT.02, RW.04 Desa Nambangan Selogiri, Wonogiri"
3312309,Jawa Tengah,38565.0,1123,RS Umum Astrini,Rumah Sakit Umum,D,98,27,76,Perusahaan,Non BLU/BLUD,Wonogiri,"JL. Brigjend Katamso, Kaliancar, Selogiri."
3312310,Jawa Tengah,38565.0,1123,RS PKU Muhammadiyah Wonogiri,Rumah Sakit Umum,D,53,28,17,Organisasi Islam ,Non BLU/BLUD,Wonogiri,"jl. Durian No 28 Sanggrahan, Desa/Kelurahan Giripurwo, Kec. Wonogiri, Kab. Wonogiri, Provinsi Jawa Tengah"
3312307,Jawa Tengah,38565.0,1123,RS Fitri Candra,Rumah Sakit Umum,D,71,30,50,Perusahaan,Non BLU/BLUD,Wonogiri,"Jl. Brigjjend Katamso, Klampisan, Selogiri Wonogiri 57652"
3312308,Jawa Tengah,38565.0,1123,RS Umum Mulia Hati Wonogiri,Rumah Sakit Umum,D,107,27,208,Perusahaan,Non BLU/BLUD,Wonogiri,"Jl.RM.Said No.08, Brumbung, Kaliancar, Selogiri,Wonogiri"
3307035,Jawa Tengah,38565.0,1123,RS Ibu dan Anak Adina,Rumah Sakit Khusus Ibu dan Anak,C,44,19,52,Organisasi Sosial,Non BLU/BLUD,Wonosobo,"Jl. Pasukan Ronggolawe No.24, Wonosobo"
3307051,Jawa Tengah,38565.0,1123,RS Umum  PKU Muhammadiyah Wonosobo,Rumah Sakit Umum,C,211,70,188,SWASTA/LAINNYA,Non BLU/BLUD,Wonosobo,"Jl. Gatot Subroto, Sudungdewo, Kec. Kertek, Kab. Wonosobo, Prov. Jawa Tengah 56371"
3307013,Jawa Tengah,38565.0,1123,RS Umum Setjonegoro Wonosobo,Rumah Sakit Umum,C,222,80,247,Pemkab,BLUD,Wonosobo," Jl. Setjonegoro No.1,Wonosobo"
3307050,Jawa Tengah,38565.0,1123,RS Umum Islam Wonosobo,Rumah Sakit Umum,C,110,34,188,Organisasi Islam ,Non BLU/BLUD,Wonosobo,Jl. Letjen S. Parman Km.3 Wonosobo
3307062,Jawa Tengah,38565.0,1123,RS Umum AISs Wonosobo,Rumah Sakit Umum,D,63,22,,Perusahaan,Non BLU/BLUD,Wonosobo,"Jl. A. Yani / T. Jogonegoro No. 2A RT. 02 RW. 07, Jaraksari Kec. Wonosobo"
3526032,Jawa Timur,42352.0,881,RS Khusus Bedah Al Ishaqiy,Rumah Sakit Khusus Bedah,C,25,16,30,SWASTA/LAINNYA,BLU,Bangkalan,Jl. RE Martadinata No. 34 Bangkalan Provinsi Jawa Timur
3526046,Jawa Timur,42352.0,881,RS Khusus Bedah Heart and Surgery,Rumah Sakit Khusus Bedah,C,25,11,,SWASTA/LAINNYA,Non BLU/BLUD,Bangkalan,Jl. Sukarno-Hatta 34A Bangkalan
3526031,Jawa Timur,42352.0,881,RS Ibu Dan Anak Hikmah Sawi,Rumah Sakit Khusus Ibu dan Anak,C,27,20,42,Perorangan,Non BLU/BLUD,Bangkalan,Jl. KH. Moh. Toha No. 1A Bangkalan
3526045,Jawa Timur,42352.0,881,RS Ibu dan Anak Glamour Husada Kebun,Rumah Sakit Khusus Ibu dan Anak,C,30,14,,SWASTA/LAINNYA,Non BLU/BLUD,Bangkalan,Dusun Labang Laok RT 001 RW 001 Desa Kebun Kec. Kamal
3526030,Jawa Timur,42352.0,881,RS Ibu dan Anak Aisyiyah,Rumah Sakit Khusus Ibu dan Anak,C,25,13,19,Organisasi Sosial,Non BLU/BLUD,Bangkalan,"Jl. Letnan Ramli No. 21, Rw. 02, Desa/Kelurahan Kraton, Kec. Bangkalan, Kab. Bangkalan, Provinsi Jawa Timur"
3526011,Jawa Timur,42352.0,881,RS Umum Daerah Syarifah Ambami Rato Ebu,Rumah Sakit Umum,B,372,57,1101,Pemkab,BLUD,Bangkalan,Jl. Pemuda Kaffa No. 9 Bangkalan
3526027,Jawa Timur,42352.0,881,RS Umum Lukas,Rumah Sakit Umum,D,56,28,72,SWASTA/LAINNYA,Non BLU/BLUD,Bangkalan,Jl. KH. Moch Kholil no. 36A Bangkalan Kab Bangkalan Provinsi Jawa Timur Kode Pos 69115
3526029,Jawa Timur,42352.0,881,RS Umum Anna Medika Madura,Rumah Sakit Umum,D,75,26,61,SWASTA/LAINNYA,Non BLU/BLUD,Bangkalan,Jl. RE Martadinata No. 10 Mlajah Bangkalan
3510010,Jawa Timur,42352.0,881,RS Umum Daerah Blambangan,Rumah Sakit Umum,B,240,118,711,Pemkab,BLUD,Banyuwangi,  Jl. Letkol Istiqlah No. 49 Banyuwangi
3510103,Jawa Timur,42352.0,881,RS Al Huda ,Rumah Sakit Umum,C,207,102,650,SWASTA/LAINNYA,Non BLU/BLUD,Banyuwangi,"Jl. Raya Gambiran No. 225, Desa Gambiran, Kec. Gambiran, Kab. Banyuwangi"
3510043,Jawa Timur,42352.0,881,RS Umum Daerah Genteng,Rumah Sakit Umum,C,161,107,428,Pemkab,BLUD,Banyuwangi,"   Jl. Hasanudin No.98, Genteng, Banyuwangi - Jawa Timur"
3510021,Jawa Timur,42352.0,881,RS Umum Bhakti Husada,Rumah Sakit Umum,C,101,50,226,SWASTA/LAINNYA,Non BLU/BLUD,Banyuwangi,"Jl. Krikilan-Glenmore Dusun Krajan, Tegalharjo"
3510106,Jawa Timur,42352.0,881,RS Graha Medika,Rumah Sakit Umum,C,152,48,172,SWASTA/LAINNYA,Non BLU/BLUD,Banyuwangi,"Jl. Raya Genteng, Dusun Sidorejo Wetan RT 001 RW 001 Desa Yosomulyo, Kecamatan Gambiran, Kabupaten Banyuwangi"
3510054,Jawa Timur,42352.0,881,RS Islam Fatimah,Rumah Sakit Umum,C,103,31,149,SWASTA/LAINNYA,Non BLU/BLUD,Banyuwangi,"Jl. Jember nomor 25, Kelurahan Kalirejo, Kab. Banyuwangi, Provinsi Jawa Timur"
3510102,Jawa Timur,42352.0,881,RS Nahdlatul Ulama Banyuwangi,Rumah Sakit Umum,C,120,34,139,SWASTA/LAINNYA,Non BLU/BLUD,Banyuwangi,"Jl. Raya Mangir No. 9, Kec. Rogojampi, Banyuwangi"
3510076,Jawa Timur,42352.0,881,RS Yasmin,Rumah Sakit Umum,C,100,62,302,SWASTA/LAINNYA,Non BLU/BLUD,Banyuwangi,Jl. Letkol Istiqlah Nomor 80-84 Banyuwangi
3510104,Jawa Timur,42352.0,881,RS Umum PKU Muhammadiyah Rogojampi,Rumah Sakit Umum,D,72,20,77,SWASTA/LAINNYA,Non BLU/BLUD,Banyuwangi,"Jalan P. Diponegoro Nomor 20 Rogojampi, Kab. Banyuwangi"
3510109,Jawa Timur,42352.0,881,RS Umum Rahayu Medika,Rumah Sakit Umum,D,50,15,47,SWASTA/LAINNYA,Non BLU/BLUD,Banyuwangi,"Jl. Pekulo-Sukomukti No.09, Kebaman, Srono, Banyuwangi  Jawa Timur"
3510105,Jawa Timur,42352.0,881,RS Umum Bakti Mulia Banyuwangi,Rumah Sakit Umum,D,55,25,34,SWASTA/LAINNYA,Non BLU/BLUD,Banyuwangi,"Jl. Brawijaya No. 46-47, Dsn. Krajan RT 01, RW 14, Ds Kedungrejo, Kec. Muncar, Kab. Banyuwangi, Jawa Timur"
3510108,Jawa Timur,42352.0,881,RS Al-Rohmah Banyuwangi,Rumah Sakit Umum,D,63,21,63,SWASTA/LAINNYA,Non BLU/BLUD,Banyuwangi,"Jl. A. Yani No. 37 Jajag Gambiran, Banyuwangi"
3510107,Jawa Timur,42352.0,881,RS Umum Abdhi Famili,Rumah Sakit Umum,D,71,22,90,SWASTA/LAINNYA,Non BLU/BLUD,Banyuwangi,"Jl. KH. Moh. Ikrom RT 002 / RW 001 Wringinrejo, Gambiran-Banyuwangi"
3505013,Jawa Timur,42352.0,881,RS Umum Daerah Ngudi Waluyo Wlingi,Rumah Sakit Umum,B,206,136,674,Pemkab,BLUD,Blitar,Jl. Dr. Sucipto No. 5 Wlingi Kabupaten Blitar
3505045,Jawa Timur,42352.0,881,RS Umum Daerah Srengat Kab. Blitar,Rumah Sakit Umum,C,152,24,210,Pemkab,BLUD,Blitar,"JL. RAYA DANDONG RT 002 RW 003 KEL. DANDONG, KEC. SRENGAT,KAB. BLITAR"
3505035,Jawa Timur,42352.0,881,RS Umum Ananda,Rumah Sakit Umum,C,31,36,139,SWASTA/LAINNYA,Non BLU/BLUD,Blitar,Jl. Mastrip No. 14 Srengat Kab. Blitar
3505043,Jawa Timur,42352.0,881,RS Umum Medika Utama,Rumah Sakit Umum,C,101,31,104,SWASTA/LAINNYA,Non BLU/BLUD,Blitar,Jl. Kusuma Bangsa No. 1 Kanigoro Blitar 66171
3505044,Jawa Timur,42352.0,881,RS Umum Wava Husada Kesamben,Rumah Sakit Umum,D,62,18,62,SWASTA/LAINNYA,Non BLU/BLUD,Blitar,"Jl. Raya Kesamben Jugo No 1 RT 04 RW 07 Desa Kesamben, Kecamatan Kesamben, Kabupaten Blitar"
3505024,Jawa Timur,42352.0,881,RS Umum Aulia Blitar,Rumah Sakit Umum,D,100,29,162,SWASTA/LAINNYA,Non BLU/BLUD,Blitar,"Jl. Raya Utara No. 3 Kembangarum, Sutojayan, Kab. Blitar"
3505054,Jawa Timur,42352.0,881,RS Umum An-Nisaa,Rumah Sakit Umum,D,59,69,96,SWASTA/LAINNYA,Non BLU/BLUD,Blitar,"Jl. Suparyono Timur No. 1, Bajang Talun Blitar"
3505041,Jawa Timur,42352.0,881,RS Umum Al-Ittihad,Rumah Sakit Umum,D,73,29,148,SWASTA/LAINNYA,Non BLU/BLUD,Blitar,"JL. RAYA TOGOGAN, Desa/Kelurahan Togogan, Kec. Srengat, Kab. Blitar, Provinsi Jawa Timur, Kode Pos: 66152"
3522064,Jawa Timur,42352.0,881,RS Ibu dan Anak Fatma,Rumah Sakit Khusus Ibu dan Anak,C,71,23,181,SWASTA/LAINNYA,Non BLU/BLUD,Bojonegoro,JL Lettu Suyitno No 2 Desa Campurejo Kecamatan Bojonegoro Kabupaten Bojonegoro
3522014,Jawa Timur,42352.0,881,RS Umum Daerah Dr. R. Sosodoro Djatikoesoemo,Rumah Sakit Umum,B,500,86,635,Pemkab,BLUD,Bojonegoro," Jl. Veteran No 36, Bojonegoro"
3522025,Jawa Timur,42352.0,881,RS Umum Aisyiyah Bojonegoro,Rumah Sakit Umum,C,159,29,307,SWASTA/LAINNYA,Non BLU/BLUD,Bojonegoro,Jl. Hasyim Asyari 17 Bojonegoro
3522058,Jawa Timur,42352.0,881,RS umum Daerah Padangan,Rumah Sakit Umum,C,146,29,199,Pemkab,BLUD,Bojonegoro,"Jl. Dr. Soetomo No. 2 Padangan, Bojonegoro"
3522059,Jawa Timur,42352.0,881,RS Bhayangkara Wahyu Tutuko Bojonegoro ,Rumah Sakit Umum,C,100,29,203,POLRI,BLU,Bojonegoro,Jl. Panglima Sudirman No 168-169 Bojonegoro
3522047,Jawa Timur,42352.0,881,RS Umum Daerah Sumberrejo,Rumah Sakit Umum,C,103,31,104,Pemkab,BLUD,Bojonegoro,"Jl. Raya No. 231 Sumberrejo, Bojonegoro"
3522036,Jawa Timur,42352.0,881,RS Umum Muhamadiyah Sumberejo,Rumah Sakit Umum,D,93,29,150,Organisasi Islam ,Non BLU/BLUD,Bojonegoro,Jl. Raya Sumberrejo 1193 Bojonegoro
3522060,Jawa Timur,42352.0,881,RS Umum Muhammadiyah Kalitidu,Rumah Sakit Umum,D,89,23,101,SWASTA/LAINNYA,Non BLU/BLUD,Bojonegoro,Jl.Raya Kalitidu Cepu No. 266
3522075,Jawa Timur,42352.0,881,RS Umum Daerah Kepohbaru,Rumah Sakit Umum,D,50,20,,Pemkab,Non BLU/BLUD,Bojonegoro,Jl. Raya Kepohbaru-Gunungsari No. 472 Kec. Kepohbaru Kab. Bojonegoro Jawa Timur
3522062,Jawa Timur,42352.0,881,RS Muslimat NU Muna Anggita Bojonegoro,Rumah Sakit Umum,D,43,32,76,Organisasi Islam ,Non BLU/BLUD,Bojonegoro,Jl. Ahmad Yani No. 10A Bojonegoro
3522061,Jawa Timur,42352.0,881,RS Umum Ibnu Sina Bojonegoro,Rumah Sakit Umum,D,95,22,178,Perusahaan,Non BLU/BLUD,Bojonegoro,Jl. Lisman No.7 Campurejo
3511011,Jawa Timur,42352.0,881,RS Umum dr. H.Koesnadi Bondowoso,Rumah Sakit Umum,B,323,123,703,Pemkab,BLUD,Bondowoso, Jl. Piere Tendean No. 3 Bondowoso
3511013,Jawa Timur,42352.0,881,RS Mitra Medika Bondowoso,Rumah Sakit Umum,C,147,21,190,SWASTA/LAINNYA,Non BLU/BLUD,Bondowoso,Jl. HOS Cokroaminoto nomer 98 Kab. Bondowoso
3511012,Jawa Timur,42352.0,881,RS Bhayangkara Bondowoso ,Rumah Sakit Umum,C,134,71,308,POLRI,BLU,Bondowoso,"JL. Jend. Pol. Sucipto Judodiharjo No. 12, Kec.  Bondowoso, Kab. Bondowoso"
3511024,Jawa Timur,42352.0,881,RS Cahya Medika,Rumah Sakit Umum,D,49,16,,SWASTA/LAINNYA,Non BLU/BLUD,Bondowoso,"Jl. Raya Pakisan No.24 RT.19/RW.07, Desa Bataan, Kecamatan Tenggarang, Kabupaten Bondowoso, Jawa Timur"
3525104,Jawa Timur,42352.0,881,RS Ibu dan Anak Khodijah,Rumah Sakit Khusus Ibu dan Anak,C,34,16,27,Perusahaan,Non BLU/BLUD,Gresik,Jl. Pelita III Ds. Mriyunan Kec. Sidayu
3525021,Jawa Timur,42352.0,881,RS Semen Gresik,Rumah Sakit Umum,B,203,105,488,SWASTA/LAINNYA,Non BLU/BLUD,Gresik,"Jl. R A Kartini No. 280 Kel. Tlogopatut Kec. Gresik, Kab. Gresik"
3525010,Jawa Timur,42352.0,881,RS Umum Daerah Ibnu Sina Kab. Gresik,Rumah Sakit Umum,B,340,59,863,Pemkab,BLUD,Gresik,Jl. Dr. Wahidin Sudirohusodo No. 243B Gresik
3525043,Jawa Timur,42352.0,881,RS Umum Nyai Ageng Pinatih Gresik,Rumah Sakit Umum,C,113,37,66,SWASTA/LAINNYA,Non BLU/BLUD,Gresik,Jl. KH Abdul Karim 76-78 Gresik
3525088,Jawa Timur,42352.0,881,RS Muhammadiyah Gresik,Rumah Sakit Umum,C,139,43,220,Organisasi Islam ,Non BLU/BLUD,Gresik,"JL.KH.KHOLIL 88 , KELURAHAN KROMAN  ,KECAMATAN GRESIK, KABUPATEN GRESIK,PROVINSI JAWA TIMUR KODE POS  61115"
3525076,Jawa Timur,42352.0,881,RS Petrokimia Gresik,Rumah Sakit Umum,C,123,80,372,SWASTA/LAINNYA,Non BLU/BLUD,Gresik,"Jl. Jend. A. Yani No. 69 Kel. Ngipik, Kec. Ngipik, Kab. Gresik"
3525096,Jawa Timur,42352.0,881,RS Petrokimia Gresik Driyorejo,Rumah Sakit Umum,C,101,49,160,SWASTA/LAINNYA,Non BLU/BLUD,Gresik,"Jl. Legundi Km. 0,5 Krikilan Driyorejo Gresik"
3525093,Jawa Timur,42352.0,881,RS Fathma Medika,Rumah Sakit Umum,C,104,61,316,Perusahaan,Non BLU/BLUD,Gresik,"JL. PENDOPO NO. 45, SEMBAYAT, MANYAR"
3525092,Jawa Timur,42352.0,881,RS Grha Husada Gresik ,Rumah Sakit Umum,D,50,33,147,Perusahaan,Non BLU/BLUD,Gresik,"Komplek Perum PT Petrokimia Gresik, Jalan Padi No.3, Tlogopojok, Kroman, Kec. Gresik, Kabupaten Gresik, Jawa Timur 61118"
3525089,Jawa Timur,42352.0,881,RS Umum Mabarrot MWC NU,Rumah Sakit Umum,D,51,25,102,SWASTA/LAINNYA,Non BLU/BLUD,Gresik,"Jl. Raya Bungah Dukun No. 1D, Desa/Kelurahan Masangan, Kec. Bungah, Kab. Gresik, Provinsi Jawa Timur, Kode Pos 61152"
3525091,Jawa Timur,42352.0,881,RS Umum Wali Songo I,Rumah Sakit Umum,D,60,33,74,Perusahaan,Non BLU/BLUD,Gresik,Jl. Raya Balongpanggang - Mojokerto Km 4 Kec. Balongpanggang
3525098,Jawa Timur,42352.0,881,RS Umum Islam Cahaya Giri Gresik,Rumah Sakit Umum,D,52,22,23,SWASTA/LAINNYA,Non BLU/BLUD,Gresik,"Jl Raya Bringkang no 90-94 , Desa/Kelurahan Bringkang, Kec. Menganti, Kab. Gresik, Provinsi Jawa Timur, Kode Pos: 61174"
3525095,Jawa Timur,42352.0,881,RS PKU Muhammadiyah Sekapuk,Rumah Sakit Umum,D,58,28,126,SWASTA/LAINNYA,Non BLU/BLUD,Gresik,Jln. Raya Deandles No. 21 Kelurahan Desa Sekapuk  RT 01 RW 01 Kecamatan Ujungpangkah  Kabupaten Gresik Propinsi Jawa Timur 61154 
3525099,Jawa Timur,42352.0,881,RS Umum Rachmi Dewi ,Rumah Sakit Umum,D,55,24,74,SWASTA/LAINNYA,Non BLU/BLUD,Gresik,"Jl. Jawa No. 79 - 81, Gresik Kota Baru, Kec. Manyar, Kab. Gresik, Provinsi Jawa Timur 61151"
3525087,Jawa Timur,42352.0,881,RS Denisa,Rumah Sakit Umum,D,46,36,100,SWASTA/LAINNYA,Non BLU/BLUD,Gresik,Jl. Dr. Wahidin Sudirohusodo No.736
3525101,Jawa Timur,42352.0,881,RS Umum Daerah Umar Mas'ud Bawean,Rumah Sakit Umum,D,50,20,97,Pemkab,BLUD,Gresik,Jl. Pendidikan No. 2 Desa Sawahmulya Kecamatan Sangkapura Kabupaten Gresik Provinsi Jawa Timur Indonesia
3525090,Jawa Timur,42352.0,881,RS Umum Wates Husada,Rumah Sakit Umum,D,61,67,177,SWASTA/LAINNYA,Non BLU/BLUD,Gresik,Jl Raya Wates Utara Kec. Balongpanggang Kab. Gresik
3525102,Jawa Timur,42352.0,881,RS Umum Randegansari Husada,Rumah Sakit Umum,D,69,58,32,Perusahaan,Non BLU/BLUD,Gresik,Dsn. Telapak RT. 02 RW. 01 Ds. Randegansari Kec. Driyorejo
3525097,Jawa Timur,42352.0,881,RS Surya Medika,Rumah Sakit Umum,D,106,45,94,SWASTA/LAINNYA,Non BLU/BLUD,Gresik,Jl. Laban Kulon 58 Menganti
3509112,Jawa Timur,42352.0,881,RS Gigi dan Mulut Universitas Jember,Rumah Sakit Khusus Gigi dan Mulut,C,21,21,112,Kementerian Lain,BLU,Jember,"Jl. Kalimantan No. 37 Jember, Kecamatan Sumbersari, Kabupaten Jember,  68121"
3509043,Jawa Timur,42352.0,881,RS Paru Jember,Rumah Sakit Khusus Paru,B,102,44,166,Pemprop,BLUD,Jember,Jl. Nusa Indah No. 28 Jember
3509010,Jawa Timur,42352.0,881,RS Umum Daerah Dr. Soebandi Jember,Rumah Sakit Umum,B,389,90,1196,Pemkab,BLUD,Jember,"Jl. Dr. Soebandi No.124, Jember"
3509140,Jawa Timur,42352.0,881,RS Siloam Jember,Rumah Sakit Umum,C,100,33,157,SWASTA/LAINNYA,Non BLU/BLUD,Jember,Jl. Gajah Mada 104 Kelurahan Jember Kidul Kecamatan Kaliwates
3509136,Jawa Timur,42352.0,881,RS Umum Citra Husada Jember,Rumah Sakit Umum,C,125,34,287,SWASTA/LAINNYA,Non BLU/BLUD,Jember,"Jl. Teratai No. 22 , Kelurahan Gebang, Kecamatan Patrang, Kabupaten Jember , Provinsi Jawa Timur"
3509021,Jawa Timur,42352.0,881,RS Perkebunan PTPN X (Persero) Jember,Rumah Sakit Umum,C,167,48,359,BUMN,Non BLU/BLUD,Jember,Jl. Bedadung No.2 
3509135,Jawa Timur,42352.0,881,RS Bina Sehat Jember,Rumah Sakit Umum,C,190,112,797,SWASTA/LAINNYA,Non BLU/BLUD,Jember,Jl. Jayanegara 7 Kaliwates Jember
3509138,Jawa Timur,42352.0,881,RS Kaliwates Jember,Rumah Sakit Umum,C,140,81,358,Perusahaan,Non BLU/BLUD,Jember,Jl. Diah Pitaloka Nomor 4 Jember
3509123,Jawa Timur,42352.0,881,RS Daerah Kalisat Jember,Rumah Sakit Umum,C,116,31,275,Pemkab,BLUD,Jember,"Jl. M.H.Thamrin No.31 Kalisat ,Desa Ajung, Kecamatan Kalisat, Kabupaten Jember, Provinsi Jawa Timur"
3509134,Jawa Timur,42352.0,881,RS Daerah Balung Jember,Rumah Sakit Umum,C,150,44,353,Pemkab,BLUD,Jember,"Jalan Rambipuji, No 19, Desa Balung Lor, Kecamatan Balung, Kabupaten Jember, Provinsi Jawa Timur"
3509137,Jawa Timur,42352.0,881,RS Umum Srikandi IBI Jember,Rumah Sakit Umum,C,100,16,155,Organisasi Sosial,Non BLU/BLUD,Jember,"Jl. KH Agus Salim No. 20 Kelurahan Tegal Besar Kecamatan Kaliwates Kabupaten Jember, Provinsi Jawa Timur "
3509032,Jawa Timur,42352.0,881,RS Tk. III Baladhika Husada Jember,Rumah Sakit Umum,C,151,34,437,TNI AD,Non BLU/BLUD,Jember,Jl. PB Sudirman No. 45 Jember
3509151,Jawa Timur,42352.0,881,RS Umum Universitas Muhammadiyah Jember,Rumah Sakit Umum,C,101,27,,SWASTA/LAINNYA,Non BLU/BLUD,Jember,Jl. Wolter Monginsidi Nomor 91 Lingkungan Sumber Salak RT. 001 RW. 005 Kel. Kranjingan Kec. Sumbersari
3509101,Jawa Timur,42352.0,881,RS Utama Husada Jember,Rumah Sakit Umum,D,50,17,58,SWASTA/LAINNYA,Non BLU/BLUD,Jember,"Jl. Manggar No.134 Tegalsari, Ambulu Jember"
3517098,Jawa Timur,42352.0,881,RS Bedah Surya Dharma Husada,Rumah Sakit Khusus Bedah,C,26,11,29,SWASTA/LAINNYA,Non BLU/BLUD,Jombang,Jl. KH. Hasyim Asyari No. 123 Jombang Jawa Timur
3517043,Jawa Timur,42352.0,881,RS Ibu dan Anak Muslimat Jombang,Rumah Sakit Khusus Ibu dan Anak,C,54,23,208,SWASTA/LAINNYA,Non BLU/BLUD,Jombang,Jl. Urip Sumohardjo No 34 Jombang
3517010,Jawa Timur,42352.0,881,RS Umum Daerah Kab. Jombang,Rumah Sakit Umum,B,501,75,1621,Pemkab,BLUD,Jombang,"Jl. KH. Wahid Hasyim No.52, Jombang"
3517021,Jawa Timur,42352.0,881,RS Kristen Mojowarno,Rumah Sakit Umum,C,126,46,187,Organisasi Protestan,Non BLU/BLUD,Jombang,"Jl. Merdeka No.59 Mojowarno, Jombang"
3517095,Jawa Timur,42352.0,881,RS Umum Pelengkap Medical Center,Rumah Sakit Umum,D,100,36,34,Perusahaan,Non BLU/BLUD,Jombang,"Jl. Ir. Juanda Nomor 03, Jombang, Provinsi Jawa Timur"
3517076,Jawa Timur,42352.0,881,RS Umum Islam Jombang,Rumah Sakit Umum,D,66,63,261,SWASTA/LAINNYA,Non BLU/BLUD,Jombang,Jl. Brigjen Kretarto 22 A Jombang
3517111,Jawa Timur,42352.0,881,RS Hasyim Asy'ari,Rumah Sakit Umum,D,50,27,,SWASTA/LAINNYA,Non BLU/BLUD,Jombang,"Jl. Cukir-Parkir Makam Gus Dur, Desa Kwaron, Kecamatan Diwek"
3517087,Jawa Timur,42352.0,881,RS Unipdu Medika Jombang,Rumah Sakit Umum,D,51,17,98,SWASTA/LAINNYA,Non BLU/BLUD,Jombang,"Jl. Raya Peterongan Jogoroto Km.0.5, Jombang  "
3517089,Jawa Timur,42352.0,881,RS Umum Daerah Ploso,Rumah Sakit Umum,D,126,32,265,Pemkab,BLUD,Jombang, Jl. Darmo Sugondo No.83 Rejoagung-Ploso
3517091,Jawa Timur,42352.0,881,RS Umum dr. Moedjito Dwidjosiswojo,Rumah Sakit Umum,D,58,20,106,Perusahaan,Non BLU/BLUD,Jombang,Jl. Hayam Wuruk No. 9
3517092,Jawa Timur,42352.0,881,RS Muhammadiyah Jombang,Rumah Sakit Umum,D,54,29,106,Organisasi Islam ,Non BLU/BLUD,Jombang,"Jl. Dr. Soetomo No.15 Jombang, Jawa Timur"
3517094,Jawa Timur,42352.0,881,RS Umum Nadhlatul Ulama Jombang,Rumah Sakit Umum,D,115,25,23,SWASTA/LAINNYA,Non BLU/BLUD,Jombang,Jl Hasyim Ashari No 211 Jombang
3517109,Jawa Timur,42352.0,881,RS Umum PKU Muhammadiyah Mojoagung,Rumah Sakit Umum,D,101,35,,Organisasi Islam ,Non BLU/BLUD,Jombang,"Jl. Raya Sumobito No 3 Terusan Gambiran Betek, Desa mancilan, Kecamatan Mojoagung, Kabupaten Jombang"
3517025,Jawa Timur,42352.0,881,RS Airlangga Jombang,Rumah Sakit Umum,D,57,26,83,SWASTA/LAINNYA,Non BLU/BLUD,Jombang,"Jl. Airlangga, No. 50 C Jelakombo  Kecamatan Jombang Kabupaten Jombang Provinsi Jawa Timur"
3517093,Jawa Timur,42352.0,881,RS Al-Aziz,Rumah Sakit Umum,D,70,23,150,Organisasi Islam ,Non BLU/BLUD,Jombang,"Jl Raya Tembelang, Kec. Tembelang Kab. Jombang"
3506064,Jawa Timur,42352.0,881,RS Ibu dan Anak Permata Hati Pare Kediri,Rumah Sakit Khusus Ibu dan Anak,C,30,14,71,SWASTA/LAINNYA,Non BLU/BLUD,Kediri,"Jl. Raya Kediri Nomor 48, Ds. Darungan, Kec Pare Kab Kediri"
3506060,Jawa Timur,42352.0,881,RS Ibu dan Anak Kasih Bunda,Rumah Sakit Khusus Ibu dan Anak,C,42,16,49,SWASTA/LAINNYA,Non BLU/BLUD,Kediri,"Jl. Jaya Wijaya No.1, Kec. Pare Kab. Kediri"
3506014,Jawa Timur,42352.0,881,RS Umum Daerah Kabupaten Kediri,Rumah Sakit Umum,B,298,99,885,Pemkab,BLUD,Kediri,Jl. Pahlawan Kusuma Bangsa No. 1 Pare
3506062,Jawa Timur,42352.0,881,RS Umum  Aura Syifa,Rumah Sakit Umum,C,120,60,294,Perusahaan,Non BLU/BLUD,Kediri,Jl. Joyoboyo 42 Dsn. Dlopo Desa Karangrejo Kecamatan Ngasem
3506066,Jawa Timur,42352.0,881,RS Umum Daerah Simpang Lima Gumul Kediri,Rumah Sakit Umum,C,237,50,455,Pemkab,Non BLU/BLUD,Kediri,Jl. Galuh Candra Kirana Desa Tugurejo Kecamatan Ngasem Kabupaten Kediri
3506025,Jawa Timur,42352.0,881,RS Toeloengredjo,Rumah Sakit Umum,C,170,53,381,SWASTA/LAINNYA,Non BLU/BLUD,Kediri,"Jl. A Yani No. 25, Pare,  Kec. Pare, Kediri, Jawa Timur 64212"
3506063,Jawa Timur,42352.0,881,RS Umum  Wilujeng,Rumah Sakit Umum,D,106,31,83,SWASTA/LAINNYA,Non BLU/BLUD,Kediri,"Jl. Joyoboyo No.4 Padangan Kec Kayen Kidul, Kab. Kediri"
3506036,Jawa Timur,42352.0,881,RS Umum Amelia,Rumah Sakit Umum,D,93,30,203,SWASTA/LAINNYA,Non BLU/BLUD,Kediri,Jl. Pahlawan No. 25A Pare Kediri
3506047,Jawa Timur,42352.0,881,RS Umum Muhammadiyah Surya Melati ,Rumah Sakit Umum,D,59,24,115,SWASTA/LAINNYA,Non BLU/BLUD,Kediri,"Jl. Raya Ngadiluwih - Wates km. 10, Ds. Ngletih, Kec. Kandat, Kab, Kediri, Prov. Jawa Timur"
3506058,Jawa Timur,42352.0,881,RS Umum Arga Husada,Rumah Sakit Umum,D,100,28,51,Organisasi Sosial,Non BLU/BLUD,Kediri,Jl Raya Branggahan Dsn krajan Ds. Branggahan Kec. Ngadiluwih
3506059,Jawa Timur,42352.0,881,RS Muhammadiyah Siti Khodijah,Rumah Sakit Umum,D,100,35,209,SWASTA/LAINNYA,Non BLU/BLUD,Kediri,JL. Dr. Soetomo 322 Sukorejo Kec. Gurah Kab. Kediri
3579005,Jawa Timur,42352.0,881,RS Ibu dan Anak Haji,Rumah Sakit Khusus Ibu dan Anak,C,36,17,90,SWASTA/LAINNYA,Non BLU/BLUD,Kota Batu,"Jl. KH. Agus Salim No. 35,Kel. Sisir, Kec. Batu, Kota Batu, Jawa Timur"
3579030,Jawa Timur,42352.0,881,RS Umum Karsa Husada Kota Batu ,Rumah Sakit Umum,B,250,74,523,Pemprop,BLUD,Kota Batu, Jl. A.Yani No.10-13 Kota Batu 
3579074,Jawa Timur,42352.0,881,RS Baptis Batu,Rumah Sakit Umum,C,107,36,254,Organisasi Katholik,Non BLU/BLUD,Kota Batu,"Jln. Raya Panglima Sudirman No. 33 Desa Tlekung, Kecamatan Junrejo, Kota Batu, Jawa Timur"
3579003,Jawa Timur,42352.0,881,RS Bhayangkara Hasta Brata Batu ,Rumah Sakit Umum,C,143,32,145,POLRI,BLU,Kota Batu," Jl Kartini No 1 Kel. Ngaglik Kec. Batu, Kota Batu"
3579002,Jawa Timur,42352.0,881,RS Umum dr. Etty Asharto Batu,Rumah Sakit Umum,D,54,25,89,SWASTA/LAINNYA,Non BLU/BLUD,Kota Batu,Jl. Sajid No 44 Pesanggrahan
3579004,Jawa Timur,42352.0,881,RS Punten,Rumah Sakit Umum,D,56,28,63,SWASTA/LAINNYA,Non BLU/BLUD,Kota Batu,Jl. Kenanga No. 300 Bulukerto Kecamatan Bumiaji Kota Batu
3572072,Jawa Timur,42352.0,881,RS Ibu dan Anak Tanjungsari,Rumah Sakit Khusus Ibu dan Anak,C,29,14,48,SWASTA/LAINNYA,Non BLU/BLUD,Kota Blitar,Jl. Mahakam No. 147-149 Kel. Tanjungsari Kec. Sukorejo
3572010,Jawa Timur,42352.0,881,RS Umum Daerah Mardi Waluyo,Rumah Sakit Umum,B,206,47,720,Pemkot,BLUD,Kota Blitar," Jl. Kalimantan 113, Kota Blitar"
3572073,Jawa Timur,42352.0,881,RS Islam Aminah,Rumah Sakit Umum,C,90,48,90,Organisasi Islam ,Non BLU/BLUD,Kota Blitar,Jl. Kenari No. 54 Blitar
3572065,Jawa Timur,42352.0,881,RS Umum Aminah Blitar,Rumah Sakit Umum,C,147,24,295,Organisasi Islam ,Non BLU/BLUD,Kota Blitar,Jl. Veteran No. 39 Kel. Kepanjen Kidul
3572043,Jawa Timur,42352.0,881,RS Umum Syuhada Haji,Rumah Sakit Umum,C,109,61,170,SWASTA/LAINNYA,Non BLU/BLUD,Kota Blitar,Jl. Tanjung No.158 Pakunden Kota Blitar
3572021,Jawa Timur,42352.0,881,RS Katolik Budi Rahayu,Rumah Sakit Umum,C,103,32,313,Organisasi Sosial,Non BLU/BLUD,Kota Blitar,Jl.  A. Yani 18 Kota Blitar
3506065,Jawa Timur,42352.0,881,RS Gigi Mulut IIK Bhakti Wiyata,Rumah Sakit Khusus Gigi dan Mulut,C,13,21,193,SWASTA/LAINNYA,Non BLU/BLUD,Kota Kediri,Jl. KH. Wachid Hasyim No. 65
3571145,Jawa Timur,42352.0,881,RS Ibu dan Anak Citra Keluarga,Rumah Sakit Khusus Ibu dan Anak,C,33,14,22,SWASTA/LAINNYA,Non BLU/BLUD,Kota Kediri,"Jl. Urip Sumoharjo 189, Kelurahan Ngronggo Kecamatan Kota - Kota Kediri Provinsi Jawa Timur Kode Pos 64129"
3571148,Jawa Timur,42352.0,881,RS Ibu dan Anak Melinda,Rumah Sakit Khusus Ibu dan Anak,C,31,19,46,SWASTA/LAINNYA,Non BLU/BLUD,Kota Kediri,JL BALOWERTI GG II NO.59 KELURAHAN BALOWERTI KECAMATAN KOTA - KOTA KEDIRI JAWA TIMUR-64121
3571111,Jawa Timur,42352.0,881,RS Ibu dan Anak Nirmala Kediri,Rumah Sakit Khusus Ibu dan Anak,C,46,15,47,SWASTA/LAINNYA,Non BLU/BLUD,Kota Kediri,Jl. Jaksa Agung Suprapto No. 5 Kediri
3571031,Jawa Timur,42352.0,881,RS Umum Bhayangkara Kediri,Rumah Sakit Umum,B,331,49,759,POLRI,BLU,Kota Kediri,Jl. Kombes Pol Duryat 17 Kediri
3571016,Jawa Timur,42352.0,881,RS Umum Daerah Gambiran,Rumah Sakit Umum,B,314,81,1415,Pemkot,BLUD,Kota Kediri,JL. KAPTEN PIERRE TENDEAN NO. 16 KOTA KEDIRI
3571042,Jawa Timur,42352.0,881,RS Baptis Kediri,Rumah Sakit Umum,B,201,98,635,Organisasi Protestan,Non BLU/BLUD,Kota Kediri,Jl. Brigjen Pol IBH Pranoto No. 1-7 Kota Kediri
3571150,Jawa Timur,42352.0,881,RS Umum Daerah Kilisuci,Rumah Sakit Umum,C,74,25,,Pemkot,Non BLU/BLUD,Kota Kediri,Jl. KH. Wakhid Hasyim 64 Kota Kediri
3571122,Jawa Timur,42352.0,881,RS Muhammadiyah Ahmad Dahlan,Rumah Sakit Umum,C,218,62,312,Organisasi Islam ,Non BLU/BLUD,Kota Kediri,Jl. Gatot Subroto No. 84 Ngampel Mojoroto Kediri
3571020,Jawa Timur,42352.0,881,RS TK. IV 05.07.02 Kediri,Rumah Sakit Umum,C,136,31,99,TNI AD,Non BLU/BLUD,Kota Kediri,"Jl. Mayjen Sungkono No. 44, Kota Kediri"
3571147,Jawa Timur,42352.0,881,RS Umum Ratih,Rumah Sakit Umum,D,90,18,68,SWASTA/LAINNYA,Non BLU/BLUD,Kota Kediri,"Jl. Penanggungan No.32, Mojoroto, Kota Kediri, Jawa Timur "
3571146,Jawa Timur,42352.0,881,RS Umum Lirboyo,Rumah Sakit Umum,D,101,55,96,SWASTA/LAINNYA,Non BLU/BLUD,Kota Kediri,"Jl. Dr.Saharjo, Campurejo, Mojoroto, Kota Kediri"
3571053,Jawa Timur,42352.0,881,RS Umum Daha Husada,Rumah Sakit Umum,D,55,53,154,Pemprop,BLUD,Kota Kediri,Jl. Veteran No. 48 Kota Kediri
3577052,Jawa Timur,42352.0,881,RS Ibu dan Anak Al Hasanah,Rumah Sakit Khusus Ibu dan Anak,C,27,19,76,SWASTA/LAINNYA,Non BLU/BLUD,Kota Madiun,"Jl. Sri Rejeki No. 91B, kel. Sukosari, Kec. Kartoharjo, Kota Madiun , Jawa Timur "
3519026,Jawa Timur,42352.0,881,RS Paru Manguharjo Madiun,Rumah Sakit Khusus Paru,C,47,67,152,Pemprop,BLUD,Kota Madiun,"Jl. Yos Sudarso 108-112 Manguharjo, Kel. Madiun Lor, Kec. Manguharjo, Kota Madiun"
3577015,Jawa Timur,42352.0,881,RS Umum Daerah Dr. Soedono Madiun,Rumah Sakit Umum,B,355,135,693,Pemprop,BLUD,Kota Madiun,"Jl. Dr. Soetomo 59, Madiun"
3577074,Jawa Timur,42352.0,881,RS Umum Islam Siti Aisyah,Rumah Sakit Umum,C,153,29,409,SWASTA/LAINNYA,Non BLU/BLUD,Kota Madiun,"Jl. Mayjen Sungkono No. 38-40 Kel. Nambangan Lor, kec. Manguharjo, Kota Madiun"
3577086,Jawa Timur,42352.0,881,RS Umum Griya Husada Madiun,Rumah Sakit Umum,C,117,55,128,SWASTA/LAINNYA,Non BLU/BLUD,Kota Madiun,"Jl. Mayjen DI Panjaitan No. 22 Kel. Banjarejo, Kec. Taman Kota Madiun - Jawa Timur"
3577026,Jawa Timur,42352.0,881,RS Umum Santa Clara,Rumah Sakit Umum,C,109,50,90,SWASTA/LAINNYA,Non BLU/BLUD,Kota Madiun,"Jl. Biliton No. 15  Kel.Madiun Lor, Kec.Mangunharjo, Kota Madiun"
3577098,Jawa Timur,42352.0,881,RS Umum Darmayu Madiun,Rumah Sakit Umum,C,128,37,,SWASTA/LAINNYA,Non BLU/BLUD,Kota Madiun,"Jl. Kapten Tendean No. 47, Kel. Demangan Kec. Taman"
3577085,Jawa Timur,42352.0,881,RS Umum Daerah Kota Madiun,Rumah Sakit Umum,C,194,33,411,Pemkot,BLUD,Kota Madiun,Jl. Campursari No.12B Madiun
3577099,Jawa Timur,42352.0,881,RS Hermina Madiun,Rumah Sakit Umum,C,110,130,,Perusahaan,Non BLU/BLUD,Kota Madiun,Jl. Sido Makmur Ring Road Barat Kel. Manguharjo
3577030,Jawa Timur,42352.0,881,RS Umum TNI AD Tk. IV 05.04.01 Kota Madiun,Rumah Sakit Umum,D,67,24,169,TNI AD,Non BLU/BLUD,Kota Madiun,Jl. Pahlawan No. 79 Kartoharjo Madiun
3573264,Jawa Timur,42352.0,881,RS Ibu dan Anak Melati Children Hospital,Rumah Sakit Khusus Ibu dan Anak,C,25,16,19,SWASTA/LAINNYA,Non BLU/BLUD,Kota Malang,Jl. Suropati No. 12 Malang
3573277,Jawa Timur,42352.0,881,RS Ibu dan Anak Mitra Mulia,Rumah Sakit Khusus Ibu dan Anak,C,41,11,,Perorangan,Non BLU/BLUD,Kota Malang,Jl. Pahlawan Trip A10 Malang
3573243,Jawa Timur,42352.0,881,RS Ibu dan Anak Mardi Waloeja Kauman Malang,Rumah Sakit Khusus Ibu dan Anak,C,26,17,92,SWASTA/LAINNYA,Non BLU/BLUD,Kota Malang,"Jl. Kauman No.23, Malang"
3573254,Jawa Timur,42352.0,881,RS Ibu dan Anak Galeri Candra Malang,Rumah Sakit Khusus Ibu dan Anak,C,62,22,66,SWASTA/LAINNYA,Non BLU/BLUD,Kota Malang,JL. ANDONG NO. 3 MALANG
3573260,Jawa Timur,42352.0,881,RS Ibu dan Anak Refa husada,Rumah Sakit Khusus Ibu dan Anak,C,100,19,93,Perorangan,Non BLU/BLUD,Kota Malang,"Jl. Mayjend Sungkono No. 9, Kel. Tlogowaru, Kec. Kedungkandang"
3573244,Jawa Timur,42352.0,881,RS Ibu dan Anak Puri,Rumah Sakit Khusus Ibu dan Anak,C,30,31,83,SWASTA/LAINNYA,Non BLU/BLUD,Kota Malang,"Jl. Taman Slamet No.20, Malang"
3573252,Jawa Timur,42352.0,881,RS Ibu dan Anak Mutiara Bunda,Rumah Sakit Khusus Ibu dan Anak,C,27,23,139,SWASTA/LAINNYA,Non BLU/BLUD,Kota Malang,Jl. Ciujung No. 19 Malang
3573250,Jawa Timur,42352.0,881,RS Ibu dan Anak Puri Bunda,Rumah Sakit Khusus Ibu dan Anak,C,63,32,259,SWASTA/LAINNYA,Non BLU/BLUD,Kota Malang,Jl. Simpang Sulfat Utara No. 60 A Malang
3573247,Jawa Timur,42352.0,881,RS Ibu dan Anak Permata Hati,Rumah Sakit Khusus Ibu dan Anak,C,28,15,38,SWASTA/LAINNYA,Non BLU/BLUD,Kota Malang,Jl. Danau Toba E VI No.16 - 17 Sawojajar
3573135,Jawa Timur,42352.0,881,RS Ibu dan Anak Muhammadiyah Malang,Rumah Sakit Khusus Ibu dan Anak,C,30,24,81,SWASTA/LAINNYA,Non BLU/BLUD,Kota Malang,"Jl. KH. Wahid Hasyim NO. 26, 30 Malang"
3573097,Jawa Timur,42352.0,881,RS Ibu dan Anak Husada Bunda,Rumah Sakit Khusus Ibu dan Anak,C,30,19,116,SWASTA/LAINNYA,Non BLU/BLUD,Kota Malang,"Jl. Pahlawan Trip No.2 Malang, Jawa Timur"
3573251,Jawa Timur,42352.0,881,RS Ibu dan Anak Mardi Waloeja Rampal Malang,Rumah Sakit Khusus Ibu dan Anak,C,25,15,65,SWASTA/LAINNYA,Non BLU/BLUD,Kota Malang,"Jl. W.R. Supratman No.1, RW.3, Rampal Celaket, Kec. Klojen, Kota Malang, Jawa Timur 65111"
3573011,Jawa Timur,42352.0,881,RS Umum Daerah Dr. Saiful Anwar,Rumah Sakit Umum,A,935,157,2983,Pemprop,BLUD,Kota Malang,Jl. Jaksa Agung Suprapto No. 2 Malang
3573257,Jawa Timur,42352.0,881,RS Umum Persada Hospital,Rumah Sakit Umum,B,202,99,556,SWASTA/LAINNYA,Non BLU/BLUD,Kota Malang,Kompleks Araya Business Center Kav.II-IV Jl. Panji Suroso Malang
3573044,Jawa Timur,42352.0,881,RS Umum Panti Nirmala,Rumah Sakit Umum,B,200,63,763,SWASTA/LAINNYA,Non BLU/BLUD,Kota Malang,"Jl. Kebalen Wetan N0.2-8 Kedung Kandang, Kota Malang"
3573055,Jawa Timur,42352.0,881,RS Umum Panti Waluya Sawahan Malang,Rumah Sakit Umum,B,200,94,771,SWASTA/LAINNYA,Non BLU/BLUD,Kota Malang,Jl. Nusakambangan No.56 Kota Malang
3573022,Jawa Timur,42352.0,881,RS Tk. II Dr. Soepraoen,Rumah Sakit Umum,B,228,56,827,TNI AD,BLU,Kota Malang,Jl. Soedanco Supriyadi No. 22 Kota Malang
3573066,Jawa Timur,42352.0,881,RS Umum Lavalette Malang,Rumah Sakit Umum,B,200,104,410,SWASTA/LAINNYA,Non BLU/BLUD,Kota Malang,  Jl. WR. Supratman No.10 Kota Malang
3573246,Jawa Timur,42352.0,881,RS Umum Hermina Tangkubanprahu,Rumah Sakit Umum,C,135,55,348,SWASTA/LAINNYA,Non BLU/BLUD,Kota Malang,Jl. Tangkubanprahu No. 31-33 Malang
3573215,Jawa Timur,42352.0,881,RS Umum Islam Aisyiyah Malang,Rumah Sakit Umum,C,165,87,504,SWASTA/LAINNYA,Non BLU/BLUD,Kota Malang,Jl. Sulawesi No 16 Malang
3573258,Jawa Timur,42352.0,881,RS Umum Daerah Kota Malang,Rumah Sakit Umum,C,100,38,268,Pemkot,BLUD,Kota Malang,   JL. RAJASA NO. 27 MALANG
3573226,Jawa Timur,42352.0,881,RS Islam Malang,Rumah Sakit Umum,C,117,116,499,SWASTA/LAINNYA,Non BLU/BLUD,Kota Malang,Jl. MT. Haryono No. 139 Malang Kel. Dinoyo Kec. Lowokwaru
3573262,Jawa Timur,42352.0,881,RS Universitas Brawijaya,Rumah Sakit Umum,C,100,96,363,Kementerian Lain,Non BLU/BLUD,Kota Malang,Jl. Soekarno Hatta Malang
3573276,Jawa Timur,42352.0,881,RS Umum BRI Medika Malang,Rumah Sakit Umum,D,52,56,,SWASTA/LAINNYA,Non BLU/BLUD,Kota Malang,Jl. Mayjend Panjaitan No. 176
3573249,Jawa Timur,42352.0,881,RS Umum Permata Bunda,Rumah Sakit Umum,D,50,39,169,Perusahaan,Non BLU/BLUD,Kota Malang,Jl. Soekarno Hatta No. 75 Malang
3573261,Jawa Timur,42352.0,881,RS Bhirawa Bhakti,Rumah Sakit Umum,D,51,26,66,TNI AD,Non BLU/BLUD,Kota Malang,Jl. Panglima Sudirman D9A
3576014,Jawa Timur,42352.0,881,RSUD dr. Wahidin Sudiro Husodo Kota Mojokerto,Rumah Sakit Umum,B,202,42,801,Pemkot,BLUD,Kota Mojokerto,"  Jl. Raya Surodinawan 170 Kel. Surodinawan, Kec. Prajurit Kulon, Kota Mojokerto"
3576036,Jawa Timur,42352.0,881,RS Gatoel,Rumah Sakit Umum,C,125,37,393,SWASTA/LAINNYA,Non BLU/BLUD,Kota Mojokerto,Jl. Raden Wijaya No. 56 Kel. Kranggan Kec. Prajurit Kulon
3576076,Jawa Timur,42352.0,881,RS Emma,Rumah Sakit Umum,C,103,37,153,Organisasi Sosial,Non BLU/BLUD,Kota Mojokerto,"Jl. Raya Ijen No.67 Kel. Wates, Kec. Magersari, Kota Mojokerto"
3576051,Jawa Timur,42352.0,881,RS Islam Hasanah Muhammadiyah ,Rumah Sakit Umum,C,102,46,188,Organisasi Islam ,Non BLU/BLUD,Kota Mojokerto,"Jl. HOS Cokroaminoto No. 26-28, Kelurahan Jagalan, Kecamatan Kranggan, Kota Mojokerto"
3576040,Jawa Timur,42352.0,881,RS Reksa Waluya,Rumah Sakit Umum,C,105,88,251,Organisasi Sosial,Non BLU/BLUD,Kota Mojokerto,"Jl. Mojopahit 422, Kel. Miji, Kec. Prajurit Kulon, Kota Mojokerto"
3576074,Jawa Timur,42352.0,881,RS Kamar Medika,Rumah Sakit Umum,D,73,27,154,Perusahaan,Non BLU/BLUD,Kota Mojokerto,"Jl. Empunala No.351, Kel. Kedundung, Kec. Magersari, Kota Mojokerto"
3575013,Jawa Timur,42352.0,881,RS Umum Daerah Dr. R. Soedarsono Kota Pasuruan,Rumah Sakit Umum,C,211,80,400,Pemkot,BLUD,Kota Pasuruan, Jl. Dr Wahidin Sudirohusodo No. 1-4 Kota Pasuruan
3514057,Jawa Timur,42352.0,881,RS Graha Sehat Medika,Rumah Sakit Umum,D,85,24,111,SWASTA/LAINNYA,Non BLU/BLUD,Kota Pasuruan,"Jl. Ahmad Yani No.15, Kel.Karang Ketug, Kec. Gading Rejo,  Kota Pasuruan, Propinsi Jawa Timur, Indonesia, 67135"
3574069,Jawa Timur,42352.0,881,RS Ibu dan Anak Muhammadiyah Kota Probolinggo,Rumah Sakit Khusus Ibu dan Anak,C,82,16,160,SWASTA/LAINNYA,Non BLU/BLUD,Kota Probolinggo,Jl. Panglima Sudirman No. 65
3574068,Jawa Timur,42352.0,881,RS Ibu dan Anak Amanah,Rumah Sakit Khusus Ibu dan Anak,C,96,17,108,Perusahaan,Non BLU/BLUD,Kota Probolinggo,Jln dr Moh. Saleh No. 43 Kota Probolinggo
3574012,Jawa Timur,42352.0,881,RS Umum Daerah dr. Mohamad Saleh Kota Probolinggo,Rumah Sakit Umum,B,211,61,1010,Pemkot,BLUD,Kota Probolinggo,  Jl. Mayjend Panjaitan No.65 Kota Probolinggo
3574080,Jawa Timur,42352.0,881,RS Umum Daerah Ar Rozy,Rumah Sakit Umum,C,106,35,,Pemkab,Non BLU/BLUD,Kota Probolinggo,JL. Prof Hamka KM 3.5 Kel. Kareng Lor Kec. Kedopok Kota Probolinggo
3574023,Jawa Timur,42352.0,881,RS Umum Dharma Husada,Rumah Sakit Umum,D,68,25,60,SWASTA/LAINNYA,Non BLU/BLUD,Kota Probolinggo,Jl. Sukarno Hatta No. 10 Kota Probolinggo
3578731,Jawa Timur,42352.0,881,RS Gigi dan Mulut Nala Husada,Rumah Sakit Khusus Gigi dan Mulut,B,12,17,109,Organisasi Sosial,Non BLU/BLUD,Kota Surabaya,JL ARIEF RAHMAN HAKIM NO 150 SURABAYA
3578625,Jawa Timur,42352.0,881,RS Gigi dan Mulut FKG Universitas Airlangga,Rumah Sakit Khusus Gigi dan Mulut,B,16,14,280,Kementerian Lain,Non BLU/BLUD,Kota Surabaya,Jl. Prof Dr. Moestopo 47 Surabaya
3578769,Jawa Timur,42352.0,881,RS Ibu dan Anak Kendangsari Merr,Rumah Sakit Khusus Ibu dan Anak,C,30,20,143,SWASTA/LAINNYA,Non BLU/BLUD,Kota Surabaya,"Jl. Dr. Ir. Soekarno No. 2, Kalijudan, Mulyorejo, Surabaya, Jawa Timur, Indonesia"
3578771,Jawa Timur,42352.0,881,RS Ibu dan Anak Putri Surabaya,Rumah Sakit Khusus Ibu dan Anak,C,49,21,186,SWASTA/LAINNYA,Non BLU/BLUD,Kota Surabaya,Jl. Arief Rahman Hakim No. 130 Surabaya
3578767,Jawa Timur,42352.0,881,RS Ibu dan Anak Cempaka Putih Permata,Rumah Sakit Khusus Ibu dan Anak,C,27,31,65,Perusahaan,Non BLU/BLUD,Kota Surabaya,"Jl. Jambangan Kebon Agung No.8, Kec. Jambangan, Surabaya, Jawa Timur"
3578812,Jawa Timur,42352.0,881,RS Ibu dan Anak Adi Guna,Rumah Sakit Khusus Ibu dan Anak,C,25,17,,Perorangan,Non BLU/BLUD,Kota Surabaya,Jl. Alun-alun Rangkah no. 1-3 kelurahan. Rangkah kecamatan. Tambaksari Kota Surabaya
3578816,Jawa Timur,42352.0,881,RS Ibu dan Anak Idaf Husada,Rumah Sakit Khusus Ibu dan Anak,C,18,28,,SWASTA/LAINNYA,Non BLU/BLUD,Kota Surabaya,"Jl. KO Wisata Bukit Mas II Blok RF no. 11, Blok F no. 10 - 11,  Lidah Wetan, Lakarsantri"
3578794,Jawa Timur,42352.0,881,RS Ibu dan Anak Pusura Tegalsari,Rumah Sakit Khusus Ibu dan Anak,C,25,17,22,SWASTA/LAINNYA,Non BLU/BLUD,Kota Surabaya,JL. Tegalsari No.59 Surabaya
3578791,Jawa Timur,42352.0,881,RS Ibu dan Anak Graha Medika,Rumah Sakit Khusus Ibu dan Anak,C,39,23,101,Perusahaan,Non BLU/BLUD,Kota Surabaya,"Graha Sampurna Indah E-3,6,8,10,12,14,16,18,20,22 Surabaya"
3578768,Jawa Timur,42352.0,881,RS Ibu dan Anak Lombok Dua Dua Lontar,Rumah Sakit Khusus Ibu dan Anak,C,28,16,83,Perusahaan,Non BLU/BLUD,Kota Surabaya,Jl. Lontar No. 206 (lama Jl. Raya Lontar No. 109) Surabaya
3578779,Jawa Timur,42352.0,881,RS Ibu dan Anak Lombok Dua Dua,Rumah Sakit Khusus Ibu dan Anak,C,41,21,70,Perusahaan,Non BLU/BLUD,Kota Surabaya,Jl. Flores No. 12 Surabaya
3578784,Jawa Timur,42352.0,881,RS Ibu dan Anak Perdana Medica,Rumah Sakit Khusus Ibu dan Anak,C,27,20,50,Perusahaan,Non BLU/BLUD,Kota Surabaya,JL Kutisari No. 6 Surabaya
3578789,Jawa Timur,42352.0,881,RS Ibu dan Anak Kendangsari Surabaya,Rumah Sakit Khusus Ibu dan Anak,C,20,32,210,SWASTA/LAINNYA,Non BLU/BLUD,Kota Surabaya,Jl. Raya Kendangsari No. 38 Surabaya
3578593,Jawa Timur,42352.0,881,RS Ibu dan Anak Pura Raharja,Rumah Sakit Khusus Ibu dan Anak,C,72,19,175,Organisasi Sosial,Non BLU/BLUD,Kota Surabaya,JL. PUCANG ADI NO.12-14
3578795,Jawa Timur,42352.0,881,RS Ibu dan Anak Ferina,Rumah Sakit Khusus Ibu dan Anak,C,25,15,129,Perusahaan,Non BLU/BLUD,Kota Surabaya,Jl. Irian Barat No. 7-11 Surabaya
3578773,Jawa Timur,42352.0,881,RS Ibu dan Anak Bantuan 05.08.05 Surabaya,Rumah Sakit Khusus Ibu dan Anak,C,64,19,66,TNI AD,Non BLU/BLUD,Kota Surabaya,Gubeng Pojok No.21 Surabaya
3578261,Jawa Timur,42352.0,881,RS Ibu dan Anak IBI Surabaya,Rumah Sakit Khusus Ibu dan Anak,C,31,13,87,Organisasi Sosial,Non BLU/BLUD,Kota Surabaya,"Jl. Dupak No. 15A Surabaya, kelurahan gundih, kecamatan bubutan kota surabaya provinsi jawa timur"
3578774,Jawa Timur,42352.0,881,RS Ibu dan Anak Nur Ummi Numbi,Rumah Sakit Khusus Ibu dan Anak,C,40,16,49,Perusahaan,Non BLU/BLUD,Kota Surabaya,Jl. Manukan Tengah 51 J/ 4-6
3578192,Jawa Timur,42352.0,881,RS Jiwa Menur,Rumah Sakit Khusus Jiwa,A,390,75,287,Pemprop,BLUD,Kota Surabaya,"Jl. Raya Menur No.120, Kertajaya, Kec. Gubeng, Surabaya, Jawa Timur 60282"
3578753,Jawa Timur,42352.0,881,RS Onkologi,Rumah Sakit Khusus Kanker,C,25,18,99,SWASTA/LAINNYA,Non BLU/BLUD,Kota Surabaya,"Jl. Arief Rahman Hakim No. 184 (Araya Galaxi Bumi Permai Blok A2 no. 5,6,7)"
3578202,Jawa Timur,42352.0,881,RS Mata Undaan,Rumah Sakit Khusus Mata,B,48,26,266,Organisasi Sosial,Non BLU/BLUD,Kota Surabaya,Jl. Undaan Kulon 17-19 Surabaya
3578786,Jawa Timur,42352.0,881,RS Mata Masyarakat Jawa Timur,Rumah Sakit Khusus Mata,B,32,34,254,Pemprop,BLUD,Kota Surabaya, JL. Ketintang Baru Selatan I No. 1 Surabaya
3578780,Jawa Timur,42352.0,881,RS Orthopedi dan Traumatologi Surabaya,Rumah Sakit Khusus Orthopedi,C,36,63,194,Perusahaan,Non BLU/BLUD,Kota Surabaya,"EMERALD MANSION TX 10 CITRALAND, SURABAYA"
3578016,Jawa Timur,42352.0,881,RS Umum Daerah Dr. Soetomo,Rumah Sakit Umum,A,1311,155,7939,Pemprop,BLUD,Kota Surabaya," Jl. Mayjend. Prof. Dr. Moestopo No. 6 - 8 Surabaya, Jawa Timur"
3578020,Jawa Timur,42352.0,881,RSPAL dr. Ramelan,Rumah Sakit Umum,A,759,132,1022,TNI AL,BLU,Kota Surabaya,Jl. Gadung No. 1 Surabaya
3578811,Jawa Timur,42352.0,881,RS Umum Pusat Surabaya,Rumah Sakit Umum,A,7,16,,Kemkes ,Non BLU/BLUD,Kota Surabaya,Jl. Indrapura No. 17 Kemayoran
3578443,Jawa Timur,42352.0,881,RS Umum Siloam Hospitals Surabaya,Rumah Sakit Umum,B,201,110,508,SWASTA/LAINNYA,Non BLU/BLUD,Kota Surabaya,Jl. Gubeng Raya 70 Surabaya
3578064,Jawa Timur,42352.0,881,RS Adi Husada Undaan,Rumah Sakit Umum,B,196,95,818,SWASTA/LAINNYA,Non BLU/BLUD,Kota Surabaya,"Jl. Undaan Wetan No. 40-44, Surabaya"
3578556,Jawa Timur,42352.0,881,RS Premier Surabaya,Rumah Sakit Umum,B,198,114,534,SWASTA/LAINNYA,Non BLU/BLUD,Kota Surabaya,Jl. Nginden Intan Barat B
3578111,Jawa Timur,42352.0,881,RS Islam Surabaya,Rumah Sakit Umum,B,253,113,667,SWASTA/LAINNYA,Non BLU/BLUD,Kota Surabaya,Jl. Jend A Yani 2-4 Surabaya
3578213,Jawa Timur,42352.0,881,RS Umum Daerah Bhakti Dharma Husada,Rumah Sakit Umum,B,207,37,390,Pemkot,BLUD,Kota Surabaya,"Jl. Raya Kendung No.115-117, Surabaya "
3578523,Jawa Timur,42352.0,881,RS Umum Daerah Haji Provinsi Jawa Timur,Rumah Sakit Umum,B,301,63,1176,Pemprop,BLUD,Kota Surabaya, Jl. Manyar Kertoadi  Surabaya
3578781,Jawa Timur,42352.0,881,RS Umum Royal Surabaya ,Rumah Sakit Umum,B,200,32,265,SWASTA/LAINNYA,Non BLU/BLUD,Kota Surabaya,JL. Rungkut Industri I/1 Surabaya
3578777,Jawa Timur,42352.0,881,RS Universitas Airlangga ,Rumah Sakit Umum,B,399,99,873,Kementerian Lain,Non BLU/BLUD,Kota Surabaya,"Jl. Dharmahusada Permai, Desa/Kelurahan Mulyorejo, Kec. Mulyorejo, Kota Surabaya, Provinsi Jawa Timur"
3578042,Jawa Timur,42352.0,881,RS Katolik St. Vincentius a Paulo,Rumah Sakit Umum,B,249,122,1206,Organisasi Katholik,Non BLU/BLUD,Kota Surabaya,Jl. Diponegoro 51 Surabaya
3578582,Jawa Timur,42352.0,881,RS Umum  Mitra Keluarga Surabaya,Rumah Sakit Umum,B,202,48,446,SWASTA/LAINNYA,Non BLU/BLUD,Kota Surabaya,Jl. Satelit Indah II darmo satelit
3578778,Jawa Timur,42352.0,881,RS National Hospital,Rumah Sakit Umum,B,200,96,384,SWASTA/LAINNYA,Non BLU/BLUD,Kota Surabaya,"Jl. Boulevard Famili Selatan kav. 1, Surabaya"
3578086,Jawa Timur,42352.0,881,RS Primasatya Husada Citra (PHC) Surabaya,Rumah Sakit Umum,B,226,110,651,SWASTA/LAINNYA,Non BLU/BLUD,Kota Surabaya,Jl. Prapat Kurung Selatan no 1 Tanjung Perak Surabaya
3578224,Jawa Timur,42352.0,881,RS Umum Islam Surabaya Jemursari ,Rumah Sakit Umum,B,290,63,910,SWASTA/LAINNYA,Non BLU/BLUD,Kota Surabaya,"Jl. Jemursari No 51-57, Surabaya"
3578560,Jawa Timur,42352.0,881,RS Husada Utama Surabaya,Rumah Sakit Umum,B,243,59,556,SWASTA/LAINNYA,Non BLU/BLUD,Kota Surabaya,Jl. Prof. Dr. Moestopo 31-33-35 Surabaya
3578810,Jawa Timur,42352.0,881,RS Ubaya,Rumah Sakit Umum,B,200,50,,Perusahaan,Non BLU/BLUD,Kota Surabaya,"Jl. Panjang Jiwo Permai No. 89, Kecamatan Tenggilis Mejoyo"
3578764,Jawa Timur,42352.0,881,RS Bhayangkara TK II HS. Samsoeri Mertojoso,Rumah Sakit Umum,B,205,79,332,POLRI,Non BLU/BLUD,Kota Surabaya,"Jl. A. Yani No. 116, Surabaya"
3578571,Jawa Timur,42352.0,881,RS Umum Daerah dr. Mohamad Soewandhie,Rumah Sakit Umum,B,396,49,1247,Pemkot,BLUD,Kota Surabaya,Jl. Tambakrejo No. 45-47 Surabaya
3578322,Jawa Timur,42352.0,881,RS Umum Daerah Husada Prima,Rumah Sakit Umum,C,108,34,208,Pemprop,BLUD,Kota Surabaya,Jl. Karang Tembok No. 39 Surabaya
3578603,Jawa Timur,42352.0,881,RS Gotong Royong,Rumah Sakit Umum,C,138,42,323,Organisasi Sosial,Non BLU/BLUD,Kota Surabaya,Jl. Medokan Semampir Indah No. 97 Surabaya
3578772,Jawa Timur,42352.0,881,RS Manyar Medical Centre,Rumah Sakit Umum,C,103,48,323,Perusahaan,Non BLU/BLUD,Kota Surabaya,"Jl. Manyar No.9, Surabaya"
3578785,Jawa Timur,42352.0,881,RS Mitra Keluarga Kenjeran,Rumah Sakit Umum,C,110,41,294,Perusahaan,Non BLU/BLUD,Kota Surabaya,Jl. Kenjeran No. 506 Surabaya
3578122,Jawa Timur,42352.0,881,RS Umum Tk. III Brawijaya,Rumah Sakit Umum,C,111,52,308,TNI AD,Non BLU/BLUD,Kota Surabaya,Jl. Kesatrian No.17 Surabaya
3578031,Jawa Timur,42352.0,881,RS William Booth Surabaya,Rumah Sakit Umum,C,100,77,316,Organisasi Protestan,Non BLU/BLUD,Kota Surabaya,"Jl. Diponegoro 34, Surabaya"
3578808,Jawa Timur,42352.0,881,Mayapada Hospital Surabaya ,Rumah Sakit Umum,C,106,91,,SWASTA/LAINNYA,Non BLU/BLUD,Kota Surabaya,Jl. Mayjend Sungkono No. 16-20 
3578100,Jawa Timur,42352.0,881,RS Umum Adi Husada Kapasari,Rumah Sakit Umum,C,103,72,341,Organisasi Sosial,Non BLU/BLUD,Kota Surabaya,Jl. Kapasari No. 97-101 Surabaya
3578614,Jawa Timur,42352.0,881,RS Bhakti Rahayu,Rumah Sakit Umum,C,101,32,233,SWASTA/LAINNYA,Non BLU/BLUD,Kota Surabaya,Jl. Ketintang Madya I/16 Surabaya
3578476,Jawa Timur,42352.0,881,RS Al Irsyad Surabaya,Rumah Sakit Umum,C,146,73,412,Organisasi Sosial,Non BLU/BLUD,Kota Surabaya,Jl. KHM.Mansyur No. 210 - 214 dan 191 Surabaya
3578053,Jawa Timur,42352.0,881,RS Darmo,Rumah Sakit Umum,C,171,68,780,Organisasi Sosial,Non BLU/BLUD,Kota Surabaya,"Jl. Raya Darmo 90,Surabaya"
3578144,Jawa Timur,42352.0,881,RS Marinir Ewa Pangalila Gunungsari,Rumah Sakit Umum,C,114,36,184,TNI AL,Non BLU/BLUD,Kota Surabaya,Jl. Golf 1  No. 1 Surabaya
3578742,Jawa Timur,42352.0,881,RS Islam Darus Syifa,Rumah Sakit Umum,C,145,57,311,Organisasi Sosial,Non BLU/BLUD,Kota Surabaya,"Jl. Raya Benowo No.5,Surabaya"
3578766,Jawa Timur,42352.0,881,RS Wiyung Sejahtera,Rumah Sakit Umum,C,130,71,267,SWASTA/LAINNYA,Non BLU/BLUD,Kota Surabaya,Jl. Karangan PDAM 1-3 Wiyung Surabaya
3578166,Jawa Timur,42352.0,881,RS Soemitro Lanud Moeljono Surabaya,Rumah Sakit Umum,D,56,32,141,TNI AU,Non BLU/BLUD,Kota Surabaya,Jl.Serayu No. 17 Surabaya
3578235,Jawa Timur,42352.0,881,RS Bunda ,Rumah Sakit Umum,D,50,23,140,SWASTA/LAINNYA,Non BLU/BLUD,Kota Surabaya,Jl. Raya Kandangan 23-24 Surabaya
3578246,Jawa Timur,42352.0,881,RS Muji Rahayu,Rumah Sakit Umum,D,59,21,157,SWASTA/LAINNYA,Non BLU/BLUD,Kota Surabaya,JL.RAYA MANUKAN WETAN 68-68 A Surabaya
3578770,Jawa Timur,42352.0,881,RS Wijaya Surabaya,Rumah Sakit Umum,D,71,32,109,Organisasi Sosial,Non BLU/BLUD,Kota Surabaya,Jl. Raya Menganti No.398 Wiyung Surabaya
3578793,Jawa Timur,42352.0,881,RS PKU Muhammadiyah Surabaya,Rumah Sakit Umum,D,50,22,129,Organisasi Islam ,Non BLU/BLUD,Kota Surabaya,"JL. KH MAS MANSYUR 180-182, KELURAHAN NYAMPLUNGAN, KECAMATAN PABEAN CANTIAN, KOTA SURABAYA, PROVINSI JAWA TIMUR"
3578782,Jawa Timur,42352.0,881,RS Surabaya Medical Service,Rumah Sakit Umum,D,52,14,82,Organisasi Sosial,Non BLU/BLUD,Kota Surabaya,Jl. Kapuas No. 2 Kelurahan Keputran Kecamatan Tegalsari Kota Surabaya Propinsi Jawa Timur 
3578090,Jawa Timur,42352.0,881,RS TNI AL Dr. Oepomo,Rumah Sakit Umum,D,51,21,105,TNI AL,Non BLU/BLUD,Kota Surabaya,Jl. Laksda M.Nazir No.56 Surabaya
3524043,Jawa Timur,42352.0,881,RS Bedah Mitra Sehat,Rumah Sakit Khusus Bedah,C,44,15,90,SWASTA/LAINNYA,Non BLU/BLUD,Lamongan,"Jl. Raya Lamongan - Babat KM 5 Desa Karanglangit, Kec, Lamongan, Kab. Lamongan"
3524075,Jawa Timur,42352.0,881,RS Mata KMU Lamongan,Rumah Sakit Khusus Mata,C,15,8,,Perusahaan,Non BLU/BLUD,Lamongan,"Jl. Raya No. 181, Plosowahyu, Kec. Lamongan, Kab. Lamongan"
3524016,Jawa Timur,42352.0,881,RS Umum Daerah Dr. Soegiri Lamongan,Rumah Sakit Umum,B,371,55,792,Pemkab,BLUD,Lamongan,Jl. Kusuma Bangsa No. 7 Lamongan
3524031,Jawa Timur,42352.0,881,RS Umum Muhammadiyah Lamongan,Rumah Sakit Umum,B,220,121,784,SWASTA/LAINNYA,Non BLU/BLUD,Lamongan,Jl. Jaksa Agung Suprapto No 76 Lamongan
3524046,Jawa Timur,42352.0,881,RS Umum Intan Medika,Rumah Sakit Umum,C,102,34,165,SWASTA/LAINNYA,Non BLU/BLUD,Lamongan,"Jl. Raya Utara Pasar Blawi, Blawi, Karangbinangun"
3524042,Jawa Timur,42352.0,881,RS Umum Daerah Ngimbang,Rumah Sakit Umum,C,105,35,400,Pemkab,Non BLU/BLUD,Lamongan,Jl. Raya Babat-Jombang No.227 Sendangrejo Kec. Ngimbang Kab. Lamongan
3524045,Jawa Timur,42352.0,881,RS Umum dr. Suyudi,Rumah Sakit Umum,C,104,44,156,Perusahaan,Non BLU/BLUD,Lamongan,"Jl. Deandles Paciran,Kecamatan Paciran, Kab. Lamongan"
3524020,Jawa Timur,42352.0,881,RS Islam Nashrul Ummah,Rumah Sakit Umum,C,135,32,362,SWASTA/LAINNYA,Non BLU/BLUD,Lamongan,"  Jl. Merpati No.62, Lamongan"
3512035,Jawa Timur,42352.0,881,RS Umum Fatimah Lamongan,Rumah Sakit Umum,C,106,26,165,SWASTA/LAINNYA,Non BLU/BLUD,Lamongan,Jl. Pahlawan Selatan No. 18
3524049,Jawa Timur,42352.0,881,RS Umum Muhammadiyah Babat,Rumah Sakit Umum,C,104,41,71,SWASTA/LAINNYA,Non BLU/BLUD,Lamongan,Jl. Raya Babat-Surabaya KM. 4 Babat Lamongan
3524050,Jawa Timur,42352.0,881,RS Umum Permata Bunda,Rumah Sakit Umum,D,51,19,58,SWASTA/LAINNYA,BLU,Lamongan,Jl. Petro No. 20 Plaosan Kecamatan Babat Kabupaten Lamongan Provinsi Jawa Timur
3524074,Jawa Timur,42352.0,881,RS An-Noor Medika Lamongan,Rumah Sakit Umum,D,54,13,,Perusahaan,Non BLU/BLUD,Lamongan,"Jl. Andansari No 1 Sukorejo, Kec. Lamongan"
3524052,Jawa Timur,42352.0,881,RS Umum Daerah Karangkembang,Rumah Sakit Umum,D,57,27,,Pemkab,BLUD,Lamongan,"Jl. Raya-Jombang Km. 2 Kelurahan Babat, Kecamatan Babat, Kabupaten Lamongan, Provinsi Jawa Timur"
3524056,Jawa Timur,42352.0,881,RS Muhammadiyah Kalikapas Lamongan,Rumah Sakit Umum,D,49,21,22,Organisasi Islam ,Non BLU/BLUD,Lamongan,Dusun Kalikapas Rt.001 Rw.002 kelurahan Sidomukti Kecamatan Lamongan Kabupaten Lamongan  Provinsi Jawa Timur
3524047,Jawa Timur,42352.0,881,RS Muhammadiyah Babat,Rumah Sakit Umum,D,65,33,148,SWASTA/LAINNYA,Non BLU/BLUD,Lamongan,"Jl. KH. Ahmad Dahlan No. 14 Babat, Lamongan "
3524073,Jawa Timur,42352.0,881,RS Nahdlatul Ulama Babat,Rumah Sakit Umum,D,59,23,,SWASTA/LAINNYA,Non BLU/BLUD,Lamongan,"Jl. Raya Babat-Lamongan KM 4, Desa/Kel. Gembong, Kec. Babat"
3524044,Jawa Timur,42352.0,881,RS Abdurrahman Syamsuri (Arsy),Rumah Sakit Umum,D,122,24,116,Organisasi Islam ,Non BLU/BLUD,Lamongan,Jl. Raya Deandles km-74 Paciran Kab. Lamongan
3524072,Jawa Timur,42352.0,881,RS Permata Hati Lamongan,Rumah Sakit Umum,D,59,24,,SWASTA/LAINNYA,Non BLU/BLUD,Lamongan,"Jl. Raya Tambakboyo No. 02, Desa. Tambakrigadung, Kecamatan Tikung"
3524048,Jawa Timur,42352.0,881,RS Umum Citra Medika Lamongan,Rumah Sakit Umum,D,66,20,54,SWASTA/LAINNYA,Non BLU/BLUD,Lamongan,Jl. Lamongrejo No. 28 Lamongan
3508016,Jawa Timur,42352.0,881,RS Daerah Dr. Haryoto Kabupaten Lumajang,Rumah Sakit Umum,B,356,94,825,Pemkab,BLUD,Lumajang,"  Jl. Basuki Rahmat No.5, Lumajang"
3508053,Jawa Timur,42352.0,881,RS Wijaya Kusuma,Rumah Sakit Umum,C,102,84,289,SWASTA/LAINNYA,Non BLU/BLUD,Lumajang,Jl. A. Yani No.149 Lumajang
3508054,Jawa Timur,42352.0,881,RS Bhayangkara Lumajang ,Rumah Sakit Umum,C,136,85,238,POLRI,BLU,Lumajang,"Jl. Kyai Ilyas Nomor 7, kabupaten Lumajang"
3508055,Jawa Timur,42352.0,881,RS Djatiroto,Rumah Sakit Umum,C,101,44,163,BUMN,Non BLU/BLUD,Lumajang,"Jl. PB. Sudirman 81  RT 03 RW 01, Dsn. Krajan Desa Kaliboto Lor Kec. Jatiroto, Kab. Lumajang"
3508058,Jawa Timur,42352.0,881,RS Umum Daerah Pasirian Kabupaten Lumajang,Rumah Sakit Umum,C,100,25,289,Pemkab,BLUD,Lumajang,Jl. Raya Pasirian No. 225A. Kec. Pasirian
3508056,Jawa Timur,42352.0,881,RS Islam Lumajang,Rumah Sakit Umum,C,102,30,247,SWASTA/LAINNYA,Non BLU/BLUD,Lumajang,Jl. Kyai Muksin nomor 19 Kelurahan Tompokersan Kec. Lumajang Kab. Lumajang
3508071,Jawa Timur,42352.0,881,RS NU Permata,Rumah Sakit Umum,D,51,24,,Organisasi Islam ,Non BLU/BLUD,Lumajang,"Jl. Musi No. 9-9B Desa Sumberejo, Kecamatan Sukodono, Kab. Lumajang"
3508060,Jawa Timur,42352.0,881,RS Umum Muhammadiyah Lumajang,Rumah Sakit Umum,D,60,26,135,Organisasi Islam ,Non BLU/BLUD,Lumajang,"JL. Letkol Selamet Wardoyo NO.103 , Kel. Labruk Lor, Kec. Lumajang, Kab. Lumajang, Prov. Jawa Timur"
3519012,Jawa Timur,42352.0,881,RS Umum Daerah Dungus,Rumah Sakit Umum,C,104,28,203,Pemprop,BLUD,Madiun,Jl. Raya Dungus - Wungu Madiun
3519024,Jawa Timur,42352.0,881,RS Umum Daerah Dolopo,Rumah Sakit Umum,C,215,29,320,Pemkab,BLUD,Madiun,"  Jl. Raya Dolopo No. 117, Dolopo, Madiun"
3519023,Jawa Timur,42352.0,881,RS Umum Daerah Caruban,Rumah Sakit Umum,C,219,45,621,Pemkab,BLUD,Madiun, Jl. A. Yani KM 2 Caruban Madiun
3520014,Jawa Timur,42352.0,881,RS Ibu dan Anak Sekar Wangi,Rumah Sakit Khusus Ibu dan Anak,C,24,13,38,SWASTA/LAINNYA,Non BLU/BLUD,Magetan,"Jl. Gubernur Suryo No. 46-48 RT 07 RW 01, Desa Baron, Kecamatan Magetan, Kabupaten Magetan, Provinsi Jawa Timur"
3520016,Jawa Timur,42352.0,881,RS Ibu dan Anak Melati Magetan,Rumah Sakit Khusus Ibu dan Anak,C,25,17,44,SWASTA/LAINNYA,Non BLU/BLUD,Magetan,Jl. Ahmad Yani No. 90 Magetan
3520015,Jawa Timur,42352.0,881,RS Ibu dan Anak Samudra Husada,Rumah Sakit Khusus Ibu dan Anak,C,28,16,87,SWASTA/LAINNYA,Non BLU/BLUD,Magetan,"Jl. Samudra No. 30, Kel. Bulukerto, Kec. Magetan Kab. Magetan"
3520012,Jawa Timur,42352.0,881,RS Umum Daerah dr. Sayidiman Magetan,Rumah Sakit Umum,C,272,41,119,Pemkab,BLUD,Magetan, Jl. Pahlawan No.2 Magetan Propinsi Jawa Timur
3520041,Jawa Timur,42352.0,881,RS Angkatan Udara dr. Efram Harsana,Rumah Sakit Umum,C,33,43,389,TNI AU,Non BLU/BLUD,Magetan,"Jl. Marsma TNI Anumerta R.Iswahjudi, Kelurahan Maospati, Kecamatan Maospati, Kab. Magetan"
3520013,Jawa Timur,42352.0,881,RS Umum Bhakti Persada,Rumah Sakit Umum,D,47,8,35,SWASTA/LAINNYA,Non BLU/BLUD,Magetan,Jl. Pasar Legi No. 145 Kel. Mangge Kec. Barat Magetan
3507248,Jawa Timur,42352.0,881,RS Bedah Hasta Husada,Rumah Sakit Khusus Bedah,C,61,30,242,SWASTA/LAINNYA,Non BLU/BLUD,Malang,"Jl. Bromo 98-100 RT 011 RW 005, Kel. Kepanjen, Kec. Kepanjen, Kab. Malang"
3507026,Jawa Timur,42352.0,881,RS Jiwa Dr. Radjiman Wediodiningrat Lawang,Rumah Sakit Khusus Jiwa,A,456,23,780,Kemkes ,BLU,Malang,"Jl. A. Yani, Lawang, Malang, Jawa Timur "
3507052,Jawa Timur,42352.0,881,RS Umum Daerah Kanjuruhan Kepanjen Kab. Malang,Rumah Sakit Umum,B,240,57,659,Pemkab,BLUD,Malang,"Jl. Panji No. 100 Kepanjen, Kab. Malang"
3507096,Jawa Timur,42352.0,881,RS Umum Wava Husada ,Rumah Sakit Umum,B,249,104,1076,SWASTA/LAINNYA,Non BLU/BLUD,Malang,Jln. Panglima Sudirman 99a Kepanjen Malang
3507108,Jawa Timur,42352.0,881,RS Umum Universitas Muhammadiyah Malang,Rumah Sakit Umum,C,153,72,538,SWASTA/LAINNYA,Non BLU/BLUD,Malang,JL. RAYA TLOGOMAS NO 45 MALANG
3507098,Jawa Timur,42352.0,881,RS Mitra Delima,Rumah Sakit Umum,C,105,41,447,SWASTA/LAINNYA,Non BLU/BLUD,Malang,"Jl. Raya Bulupayung No. 1B, RT 007, RW 031, Desa Krebet, Kec. Bululawang, Kab. Malang"
3507204,Jawa Timur,42352.0,881,RS Umum Islam Gondang Legi,Rumah Sakit Umum,C,100,38,425,SWASTA/LAINNYA,Non BLU/BLUD,Malang,"Jl. Hayam Wuruk 66, Gondang Legi Wetan, Kab. Malang"
3507117,Jawa Timur,42352.0,881,RS Umum Pindad,Rumah Sakit Umum,C,100,32,149,SWASTA/LAINNYA,Non BLU/BLUD,Malang,Jl. Semeru No.1 RT. 04 RW. 20 Kel. Turen Kec. Turen
3507099,Jawa Timur,42352.0,881,RS Prasetya Husada,Rumah Sakit Umum,C,111,37,157,SWASTA/LAINNYA,Non BLU/BLUD,Malang,"Jl. Raya Ngijo No.25, RT 05 RW 05 Desa Ngijo Kec. Ngijo,  Kab. Malang"
3507104,Jawa Timur,42352.0,881,RS Prima Husada,Rumah Sakit Umum,C,133,39,412,SWASTA/LAINNYA,Non BLU/BLUD,Malang,"Perum Banjararum Selatan No.3-7, RT 003 RW 012 Desa Banjararum Kec. Singosari, Kab. Malang"
3507085,Jawa Timur,42352.0,881,RS Umum Daerah Lawang ,Rumah Sakit Umum,C,116,44,328,Pemkab,BLUD,Malang,JL. R.A. Kartini No. 5 Lawang Kab. Malang
3507259,Jawa Timur,42352.0,881,RS Enggal Dangan,Rumah Sakit Umum,D,50,28,,SWASTA/LAINNYA,Non BLU/BLUD,Malang,Jl. Raya Bamban No. 28 Desa Asrikaton Kec. Pakis
3507116,Jawa Timur,42352.0,881,RS Umum Salsabila Husada,Rumah Sakit Umum,D,50,23,35,Perusahaan,Non BLU/BLUD,Malang,Jl. Raya Jatikerto No. 305 Kecamatan Kromengan Kabupaten Malang
3507241,Jawa Timur,42352.0,881,RS Umum Islam Madinah Kasembon,Rumah Sakit Umum,D,54,30,140,SWASTA/LAINNYA,Non BLU/BLUD,Malang,"Jl. Raya Sukosari No.32, Sukosari, Kasembon, Kabupaten  Malang"
3507119,Jawa Timur,42352.0,881,RS Umum Wajak Husada,Rumah Sakit Umum,D,50,35,45,SWASTA/LAINNYA,Non BLU/BLUD,Malang,Jl. Raya Kidangbang RT. 16 RW. 05 Desa Kidangbang Kec. Wajak Kab. Malang 65173
3507070,Jawa Timur,42352.0,881,RS Marsudi Waluyo,Rumah Sakit Umum,D,70,42,297,Organisasi Protestan,Non BLU/BLUD,Malang,"Jl. Raya Mondoroko Km. 09, Dusun Magersari, RT.03 RW.06, Desa Purwoasri, Kec. Singosari, Kabupaten Malang - 65153"
3507260,Jawa Timur,42352.0,881,RS Umum Daerah Ngantang,Rumah Sakit Umum,D,52,2,,Pemkab,Non BLU/BLUD,Malang,"Jl. Raya Kaumrejo No 47 RT 20 RW 004 Desa Kaumrejo Kec. Ngantang, Kab. Malang, provinsi Jawa timur, Kodepos 65392"
3507230,Jawa Timur,42352.0,881,RS Sumber Sentosa,Rumah Sakit Umum,D,50,25,162,SWASTA/LAINNYA,Non BLU/BLUD,Malang,"Jl. Kebonsari No. 221 Malang, RT 003, RW 002 Desa Tumpang, Kec. Tumpang, Kab. Malang"
3507261,Jawa Timur,42352.0,881,RS Umum Cahaya Medika,Rumah Sakit Umum,D,50,16,,SWASTA/LAINNYA,Non BLU/BLUD,Malang,"Jl. Kelud No. 5 RT. 12 RW. 05 Desa Sukorejo, Kec. Pagelaran"
3507105,Jawa Timur,42352.0,881,RS Lawang Medika,Rumah Sakit Umum,D,56,25,160,SWASTA/LAINNYA,Non BLU/BLUD,Malang,"Jl. Dr. Cipto No.8 Bedali, Lawang, Kab. Malang"
3507015,Jawa Timur,42352.0,881,RS Bala Keselamatan Bokor,Rumah Sakit Umum,D,77,26,221,SWASTA/LAINNYA,Non BLU/BLUD,Malang,"Jl. A.Yani  No.91 Turen , Kab.Malang"
3507100,Jawa Timur,42352.0,881,RS Siti Miriam,Rumah Sakit Umum,D,50,28,99,SWASTA/LAINNYA,Non BLU/BLUD,Malang,"Jl. dr. Wahidin No.101, RT 002 RW. 001, Kel. Kalirejo, Kec. Lawang, Kab.Malang"
3507262,Jawa Timur,42352.0,881,RS AU dr. Mohammad Moenir,Rumah Sakit Umum,D,56,14,,TNI AU,Non BLU/BLUD,Malang,Jl. Rogonoto Timur RT 003 RW 005 Desa Taman Harjo Kec. Singosari
3507102,Jawa Timur,42352.0,881,RS Angkatan Udara dr. Munir Lanud Abdulrachman Saleh,Rumah Sakit Umum,D,52,30,145,TNI AU,Non BLU/BLUD,Malang,"Jl. Dr. M. Munir No.18 Lanud Abd. Saleh, Desa Saptorenggo Kec. Pakis Kab, Malang"
3507107,Jawa Timur,42352.0,881,RS Ben Mari,Rumah Sakit Umum,D,55,46,152,SWASTA/LAINNYA,Non BLU/BLUD,Malang,"JL.Raya Kendalpayak No.17, RT. 004, RW 007, Desa Kendalpayak, Kec. Pakisaji, Kab, Malang  "
3573256,Jawa Timur,42352.0,881,RS Bantuan 05.08.04 Lawang,Rumah Sakit Umum,D,47,34,52,TNI AD,Non BLU/BLUD,Malang,Jl. Sumber Waras No. 32 RT. 005 RW. 015
3516020,Jawa Timur,42352.0,881,RS Umum Daerah Prof. Dr. Soekandar,Rumah Sakit Umum,B,236,38,507,Pemkab,BLUD,Mojokerto,   Jl. Hayam Wuruk  No 25 Mojosari Kab Mojokerto
3516016,Jawa Timur,42352.0,881,RS Umum Daerah Sumberglagah,Rumah Sakit Umum,C,131,102,328,Pemprop,BLUD,Mojokerto, Dsn. Sumberglagah Ds. Tanjungkenongo Kec. Pacet Mojokerto
3516073,Jawa Timur,42352.0,881,RS Umum Daerah Raden Achmad Basoeni,Rumah Sakit Umum,C,145,23,348,Pemkab,BLUD,Mojokerto,"Jl. Raya Gedeg No.17, Kec. Gedeg, Kab.Mojokerto"
3516062,Jawa Timur,42352.0,881,RS Islam Sakinah,Rumah Sakit Umum,C,232,148,447,SWASTA/LAINNYA,Non BLU/BLUD,Mojokerto,"Jl. RA Basuni No.12, Desa Jampirogo, Kecamatan Sooko, Kabupaten Mojokerto, Provinsi Jawa Timur"
3516075,Jawa Timur,42352.0,881,RS Mawaddah Medika,Rumah Sakit Umum,C,144,33,173,Perusahaan,Non BLU/BLUD,Mojokerto,"Jl. Raya Ngijingan RT 001 RW 001, Desa Purwojati Kec. Ngoro, Kab. Mojokerto"
3516032,Jawa Timur,42352.0,881,RS Sido Waras,Rumah Sakit Umum,C,107,32,151,Perusahaan,Non BLU/BLUD,Mojokerto,"Jl. Raya Pasar Sawahan km.10, Kec.Bangsal, Kab.Mojokerto"
3516034,Jawa Timur,42352.0,881,RS Dharma Husada,Rumah Sakit Umum,D,50,17,22,SWASTA/LAINNYA,Non BLU/BLUD,Mojokerto,Jl. Raya Ngoro 192. Ngoro. Mojokerto
3516036,Jawa Timur,42352.0,881,RS Mutiara Hati Mojokerto,Rumah Sakit Umum,D,90,37,68,SWASTA/LAINNYA,Non BLU/BLUD,Mojokerto,"Jl. Raya Kemantren Wetan No.49, Desa Terusan, Kecamatan Gedeg, Kab. Mojokerto"
3516037,Jawa Timur,42352.0,881,RS Umum Kartini  ,Rumah Sakit Umum,D,81,16,153,Organisasi Sosial,Non BLU/BLUD,Mojokerto,Jl. Airlangga 137 Kecamatan Mojosari Kab. Mojokerto
3516039,Jawa Timur,42352.0,881,RS Umum Dian Husada,Rumah Sakit Umum,D,95,25,20,SWASTA/LAINNYA,Non BLU/BLUD,Mojokerto,Jl. Raya Gemekan No. 77 Desa Gemekan Kec. Sooko Kab. Mojokerto
3516033,Jawa Timur,42352.0,881,RS Islam Arofah,Rumah Sakit Umum,D,50,20,61,SWASTA/LAINNYA,Non BLU/BLUD,Mojokerto,"Jl. Gajah Mada No.1 Kec. Mojosari, Kab. Mojokerto"
3518011,Jawa Timur,42352.0,881,RS Umum Daerah Nganjuk,Rumah Sakit Umum,B,350,86,696,Pemkab,BLUD,Nganjuk,"Jl. Dr. Sutomo 62, Nganjuk"
3518022,Jawa Timur,42352.0,881,RS Daerah Kertosono,Rumah Sakit Umum,C,270,73,402,Pemkab,BLUD,Nganjuk,Jl. Panglima Sudirman No.16 Kertosono.
3518045,Jawa Timur,42352.0,881,RS Umum Bhayangkara Tk. III Nganjuk,Rumah Sakit Umum,C,166,40,327,POLRI,BLU,Nganjuk,"Jl. Abdul Rahman Saleh 56, Kauman, Kabupaten Nganjuk"
3518046,Jawa Timur,42352.0,881,RS Islam Aisyiyah Nganjuk,Rumah Sakit Umum,D,107,53,241,Organisasi Islam ,Non BLU/BLUD,Nganjuk,"Jl. Imam Bonjol No. 20 Kelurahan Payaman, Kecamatan Nganjuk, Kabupaten Nganjuk, Provinsi Jawa Timur"
3521013,Jawa Timur,42352.0,881,RS Umum Daerah Dr. Soeroto Ngawi,Rumah Sakit Umum,C,296,89,48,Pemkab,BLUD,Ngawi,    Jl. Dr. Wahidin no. 27
3521014,Jawa Timur,42352.0,881,RS Umum Widodo,Rumah Sakit Umum,C,172,27,487,SWASTA/LAINNYA,Non BLU/BLUD,Ngawi,Jl. Yos Sudarso 8 Ngawi
3521015,Jawa Timur,42352.0,881,RS Umum At-Tin Husada,Rumah Sakit Umum,C,160,39,296,SWASTA/LAINNYA,Non BLU/BLUD,Ngawi,"Jl. Raya Ngawi-Solo, Km. 04,  Krajan Selatan, Watualang, Kec. Ngawi, Kab. Ngawi, Jawa Timur"
3521028,Jawa Timur,42352.0,881,RS Umum Daerah Mantingan,Rumah Sakit Umum,D,53,22,,Pemkab,BLUD,Ngawi,"Jl. Raya Ngawi - Mantingan, Desa Jatimulyo, Kec. Mantingan"
3521027,Jawa Timur,42352.0,881,RS Umum Daerah Geneng,Rumah Sakit Umum,D,50,19,,Pemkab,Non BLU/BLUD,Ngawi,"Jl. Raya Ngawi-Madiun KM 09 Kelurahan Tambakromo, Kec. Geneng, Kab. Ngawi"
3501016,Jawa Timur,42352.0,881,RS Umum Daerah  dr. Darsono,Rumah Sakit Umum,C,314,68,380,Pemkab,BLUD,Pacitan,Jl. Ahmad Yani 51 Pacitan
3501017,Jawa Timur,42352.0,881,RSU Agung Mulia,Rumah Sakit Umum,D,51,56,51,SWASTA/LAINNYA,Non BLU/BLUD,Pacitan,Jl. Sasuit Tubun NO.25-Lingk. Bleber Kel. Sidoharjo Kec. Pacitan Kab. Pacitan
3501019,Jawa Timur,42352.0,881,RS Umum Medical Mandiri Pacitan,Rumah Sakit Umum,D,66,28,107,Perusahaan,Non BLU/BLUD,Pacitan,"Jalur Lintas Selatan,Suruhan Desa Sirnoboyo, Kecamatan Pacitan, Kabupaten Pacitan, Provinsi Jawa Timur"
3528040,Jawa Timur,42352.0,881,RS Ibu dan Anak Siti Aisyah Pamekasan,Rumah Sakit Khusus Ibu dan Anak,C,25,21,,Organisasi Islam ,Non BLU/BLUD,Pamekasan,"Jl. KH. Amin Jakfar V/5-7, Kel. Gladak Anyar Kec. Pamekasan Kab. Pamekasan Prov. Jawa Timur 69317"
3528041,Jawa Timur,42352.0,881,RS Ibu dan Anak Puri Bunda Madura,Rumah Sakit Khusus Ibu dan Anak,C,28,14,,Perorangan,Non BLU/BLUD,Pamekasan,Jl. Kabupaten No. 99  Kel. Bugih  Kec. Pamekasan
3528026,Jawa Timur,42352.0,881,RS Ibu dan Anak Mukti Husada,Rumah Sakit Khusus Ibu dan Anak,C,32,25,6,Perusahaan,Non BLU/BLUD,Pamekasan,Jl. Kabupaten No. 68 Pamekasan
3528013,Jawa Timur,42352.0,881,RS Umum Daerah Dr. H. Slamet Martodirdjo Pamekasan,Rumah Sakit Umum,B,250,45,556,Pemkab,BLUD,Pamekasan,"  Jl. Raya Panglegur No.4, Pamekasan"
3528027,Jawa Timur,42352.0,881,RS Umum Daerah Mohammad Noer Pamekasan,Rumah Sakit Umum,C,154,42,292,Pemprop,Non BLU/BLUD,Pamekasan,JL. Bonorogo 17 Pamekasan Madura
3528024,Jawa Timur,42352.0,881,RS Umum Larasati Pamekasan,Rumah Sakit Umum,D,67,64,147,SWASTA/LAINNYA,Non BLU/BLUD,Pamekasan,Jl. Mandilaras No.74-80 Pamekasan
3528028,Jawa Timur,42352.0,881,RS Umum Daerah Waru Pamekasan,Rumah Sakit Umum,D,63,26,142,Pemkab,BLUD,Pamekasan,"Jl. Raya Waru Pasean, Kec. Waru, Kab. Pamekasan, Provinsi Jawa Timur"
3528025,Jawa Timur,42352.0,881,RS Umum Asyifa Husada Pamekasan,Rumah Sakit Umum,D,51,13,68,SWASTA/LAINNYA,Non BLU/BLUD,Pamekasan,"Jl. Mandilaras No. 88-90, Kec. Pamekasan, Kab. Pamekasan, Provinsi Jawa Timur"
3528029,Jawa Timur,42352.0,881,RS Umum Kusuma Hospital,Rumah Sakit Umum,D,69,21,32,SWASTA/LAINNYA,Non BLU/BLUD,Pamekasan,Jl. Bonorogo No. 3 Pamekasan
3514060,Jawa Timur,42352.0,881,RS Mata Pasuruan,Rumah Sakit Khusus Mata,C,23,11,23,SWASTA/LAINNYA,Non BLU/BLUD,Pasuruan,Jl. Ngopak No. 56 Dusun Krawan Desa Kedawung Wetan Kec. Grati Kab. Pasuruan
3514036,Jawa Timur,42352.0,881,RS Umum Daerah Bangil,Rumah Sakit Umum,B,397,47,713,Pemkab,BLU,Pasuruan,Jl. Raya Raci - Bangil Kab. Pasuruan
3514071,Jawa Timur,42352.0,881,RS Hermina Pasuruan,Rumah Sakit Umum,C,100,38,,SWASTA/LAINNYA,Non BLU/BLUD,Pasuruan,Jl. Raya Pasuruan-Probolinggo KM 5 Desa Sambirejo Kec. Rejoso
3514025,Jawa Timur,42352.0,881,RS Islam Masyithoh Bangil,Rumah Sakit Umum,C,107,94,181,SWASTA/LAINNYA,Non BLU/BLUD,Pasuruan,Jl. A. Yani No. 6 Bangil- Kab. Pasuruan 
3514058,Jawa Timur,42352.0,881,RS Umum Daerah Grati,Rumah Sakit Umum,C,183,90,320,Pemkab,BLUD,Pasuruan,Jl. Raya Grati No. 199 Ranu Klindungan Grati Pasuruan
3514059,Jawa Timur,42352.0,881,RS Prima Husada,Rumah Sakit Umum,C,158,43,78,SWASTA/LAINNYA,Non BLU/BLUD,Pasuruan,Jl. Raya Surabaya Malang KM 54 Lemahbang Kecamatan Sukorejo
3514053,Jawa Timur,42352.0,881,RS Mitra Sehat Medika ,Rumah Sakit Umum,D,97,51,135,SWASTA/LAINNYA,Non BLU/BLUD,Pasuruan,Jl Raya By Pass No. 06
3514052,Jawa Timur,42352.0,881,RS Umum Bhayangkara Pusdik Brimob ,Rumah Sakit Umum,D,132,25,166,POLRI,BLU,Pasuruan,JL.RAYA WATUKOSEK - GEMPOL PASURUAN
3575016,Jawa Timur,42352.0,881,RS Asih Abyakta,Rumah Sakit Umum,D,64,32,186,SWASTA/LAINNYA,Non BLU/BLUD,Pasuruan,"Jl Raya Surabaya Malang Km.42 No,88 Kepulungan Gempol Kabupaten Pasuruan"
3514054,Jawa Timur,42352.0,881,RS Sahabat,Rumah Sakit Umum,D,85,20,84,Perorangan,Non BLU/BLUD,Pasuruan,Jl. Raya Surabaya Malang KM 50 Desa Suwayuwo Kecamatan Sukorejo
3502010,Jawa Timur,42352.0,881,RS Umum Daerah Dr. Harjono S. Kabupaten Ponorogo,Rumah Sakit Umum,B,400,104,814,Pemkab,BLUD,Ponorogo,Jl. Raya Ponorogo-Pacitan Kel. Pakunden Kab. Ponorogo
3502134,Jawa Timur,42352.0,881,RS Umum Muhammadiyah Ponorogo,Rumah Sakit Umum,C,155,41,335,SWASTA/LAINNYA,Non BLU/BLUD,Ponorogo,"Jalan Diponegoro No. 50, Kelurahan Mangkujayan, Kecamatan Ponorogo, Kabupaten Ponorogo, Provinsi Jawa Timur, Kode Pos 63413"
3502112,Jawa Timur,42352.0,881,RS Umum Aisyiyah Ponorogo,Rumah Sakit Umum,C,185,38,409,SWASTA/LAINNYA,Non BLU/BLUD,Ponorogo,"Jl. Dr Sutomo 18 - 24, Ponorogo"
3502123,Jawa Timur,42352.0,881,RS Umum Darmayu Ponorogo,Rumah Sakit Umum,C,172,70,313,SWASTA/LAINNYA,Non BLU/BLUD,Ponorogo,Jl. Dr. Sutomo No. 44-50 Ponorogo
3502146,Jawa Timur,42352.0,881,RS Umum Muslimat Ponorogo,Rumah Sakit Umum,C,103,58,261,SWASTA/LAINNYA,Non BLU/BLUD,Ponorogo,"Jl. Jend. A. Yani 155, Ponorogo"
3502145,Jawa Timur,42352.0,881,RS Griya Waluya,Rumah Sakit Umum,D,50,20,105,SWASTA/LAINNYA,Non BLU/BLUD,Ponorogo,Jl. Sultan Agung Nomor 68 Ponorogo
3502158,Jawa Timur,42352.0,881,RS Umum Daerah Bantarangin,Rumah Sakit Umum,D,50,21,,Pemkab,BLUD,Ponorogo,Jl. Diponegoro No. 4 Desa Sumoroto Kec. Kauman Kab. Ponorogo
3502157,Jawa Timur,42352.0,881,RS Yasyfin Darussalam Gontor,Rumah Sakit Umum,D,74,19,,SWASTA/LAINNYA,Non BLU/BLUD,Ponorogo,"Dukuh Gontor 2, RT. 002 RW. 002, Desa Gontor, Kecamatan Mlarak, Kabupaten Ponorogo"
3513025,Jawa Timur,42352.0,881,RS Ibu dan Anak Fatimah Kraksaan,Rumah Sakit Khusus Ibu dan Anak,C,50,19,73,SWASTA/LAINNYA,Non BLU/BLUD,Probolinggo,"Jl. Letjend Suprapto No. 55, Desa Bulu, Kec. Kraksaan Kab. Probolinggo"
3513013,Jawa Timur,42352.0,881,RS Umum Daerah Waluyo Jati Kraksaan,Rumah Sakit Umum,B,250,33,586,Pemkab,BLUD,Probolinggo,Jl. Dr. Soetomo No. 1 Kec. Kraksaan Kab. Probolinggo
3513026,Jawa Timur,42352.0,881,RS Umum  Wonolangan,Rumah Sakit Umum,C,105,32,123,SWASTA/LAINNYA,Non BLU/BLUD,Probolinggo,"Jl. Raya Dringu No 118 Desa Kedungdalem Kec. Dringu, Kab. Probolinggo"
3513027,Jawa Timur,42352.0,881,RS Rizani,Rumah Sakit Umum,C,141,26,204,Perusahaan,Non BLU/BLUD,Probolinggo,Jl. Raya Surabaya - Situbondo KM 135 desa Sumberejo Kec. Paiton Kab. Probolinggo 
3513067,Jawa Timur,42352.0,881,RS Umum Daerah Tongas ,Rumah Sakit Umum,C,100,26,261,Pemkab,BLUD,Probolinggo,  Jl. Raya Tongas No. 229 Kec. Tongas Kab. Probolinggo
3513024,Jawa Timur,42352.0,881,RS Graha Sehat,Rumah Sakit Umum,C,101,27,230,SWASTA/LAINNYA,Non BLU/BLUD,Probolinggo,Jl. Raya Panglima Sudirman No.2 B Kraksaan
3527012,Jawa Timur,42352.0,881,RS Umum Daerah dr. Mohammad Zyn Kab. Sampang,Rumah Sakit Umum,B,255,57,488,Pemkab,BLUD,Sampang,"Jl. Rajawali No. 10, Sampang"
3527026,Jawa Timur,42352.0,881,RS Qona'ah,Rumah Sakit Umum,D,61,23,,Perusahaan,Non BLU/BLUD,Sampang,Jl. Diponegoro No. 7 Kel Banyuanyar Kec. Sampang
3527025,Jawa Timur,42352.0,881,RS Sukma Wijaya,Rumah Sakit Umum,D,57,20,,SWASTA/LAINNYA,Non BLU/BLUD,Sampang,"Jl. H. Agus Salim No. 19, Kel. Banyuanyar, Kec. Sampang"
3527014,Jawa Timur,42352.0,881,RS Umum Daerah Ketapang,Rumah Sakit Umum,D,85,18,89,Pemkab,BLUD,Sampang," Jl. Raya Ketapang Sampang No 7, Desa/Kelurahan Ketapang Barat, Kec. Ketapang, Kab. Sampang, Provinsi Jawa Timur, Kode Pos: 69261"
3527013,Jawa Timur,42352.0,881,RS Nindhita,Rumah Sakit Umum,D,82,26,23,Perorangan,Non BLU/BLUD,Sampang,Jl. Syamsul Arifin 87 Sampang
3515137,Jawa Timur,42352.0,881,RS Ibu dan Anak Pondok Tjandra,Rumah Sakit Khusus Ibu dan Anak,C,31,18,30,SWASTA/LAINNYA,Non BLU/BLUD,Sidoarjo,"Jl. Mangga I E Nomor 225, Perumahan Pondok Tjandra Indah, Kelurahan Tambaksumur, Kecamatan. Waru, Kabupaten Sidoarjo, Jawa Timur 61256"
3515129,Jawa Timur,42352.0,881,RS Ibu dan Anak Soerya,Rumah Sakit Khusus Ibu dan Anak,C,44,28,92,Perusahaan,Non BLU/BLUD,Sidoarjo,Raya Kalijaten 11-15 Taman Sidoarjo
3515134,Jawa Timur,42352.0,881,RS Ibu dan Anak Buah Delima,Rumah Sakit Khusus Ibu dan Anak,C,26,6,25,Organisasi Sosial,Non BLU/BLUD,Sidoarjo,jl.Sunandar priyo sudarmo 154 sidoarjo
3515125,Jawa Timur,42352.0,881,RS Ibu dan Anak Kirana,Rumah Sakit Khusus Ibu dan Anak,C,26,15,91,Perusahaan,Non BLU/BLUD,Sidoarjo,"Jl. Raya Ngelom No.87 Taman, Sidoarjo"
3515158,Jawa Timur,42352.0,881,RS Ibu dan Anak Pondok Jati,Rumah Sakit Khusus Ibu dan Anak,C,31,17,,SWASTA/LAINNYA,Non BLU/BLUD,Sidoarjo,"Perum Pondok Jati Blok AK No 11-13, Pagerwojo, Buduran, Sidoarjo - Jawa Timur"
3515133,Jawa Timur,42352.0,881,RS Ibu dan Anak Metro Hospitals Sidoarjo,Rumah Sakit Khusus Ibu dan Anak,C,25,13,43,SWASTA/LAINNYA,Non BLU/BLUD,Sidoarjo,Jl. Raya Seruni No. 159 Desa Sruni Kecamatan Gedangan Kabupaten Sidoarjo Provinsi Jawa Timur
3515136,Jawa Timur,42352.0,881,RS Mata Fatma,Rumah Sakit Khusus Mata,C,15,23,96,SWASTA/LAINNYA,Non BLU/BLUD,Sidoarjo,Jl. Raya Kalijaten No. 40 
3515015,Jawa Timur,42352.0,881,RS Umum Daerah R. T. Notopuro Sidoarjo,Rumah Sakit Umum,A,700,82,1771,Pemkab,BLUD,Sidoarjo,"Jl. Mojopahit No. 667 Kelurahan Celep, Kecamatan Sidoarjo, Kabupaten Sidoarjo, Jawa Timur 61215"
3515026,Jawa Timur,42352.0,881,RS Umum Siti Khodijah Muhammadiyah Cabang Sepanjan,Rumah Sakit Umum,B,275,118,546,SWASTA/LAINNYA,Non BLU/BLUD,Sidoarjo,"Jl. Raya Bebekan RT. 02 RW. 01, Kel. Bebekan, Kec. Taman"
3515122,Jawa Timur,42352.0,881,RS Umum Mitra Keluarga Waru,Rumah Sakit Umum,B,200,55,497,Perusahaan,Non BLU/BLUD,Sidoarjo,Jl. Jend. S. Parman No. 8 Waru
3515106,Jawa Timur,42352.0,881,RS Islam Siti Hajar Sidoarjo,Rumah Sakit Umum,B,225,83,598,SWASTA/LAINNYA,Non BLU/BLUD,Sidoarjo,Jl. Raden Patah No. 70-72 Sidoarjo
3515126,Jawa Timur,42352.0,881,RS Umum Al-Islam H. M. Mawardi,Rumah Sakit Umum,C,140,35,324,Organisasi Islam ,Non BLU/BLUD,Sidoarjo,Jl. Kyai Mojo No.12A Jeruk Gamping Krian Sidoarjo
3515096,Jawa Timur,42352.0,881,RS Umum Delta Surya,Rumah Sakit Umum,C,150,49,472,Perusahaan,Non BLU/BLUD,Sidoarjo,Jl. Pahlawan No. 09 Sidoarjo
3515121,Jawa Timur,42352.0,881,RS Umum Anwar Medika ,Rumah Sakit Umum,C,157,54,740,Organisasi Sosial,Non BLU/BLUD,Sidoarjo,Jl. Raya By Pass Krian KM 33  Balong Bendo Sidoarjo
3515145,Jawa Timur,42352.0,881,RS Mitra Keluarga Pondok Tjandra,Rumah Sakit Umum,C,102,90,245,SWASTA/LAINNYA,Non BLU/BLUD,Sidoarjo,"Jl. Raya Taman Asri Kav DD. 1-8, Tambaksumur, Waru"
3515131,Jawa Timur,42352.0,881,RS Umum Citra Medika,Rumah Sakit Umum,C,100,71,259,SWASTA/LAINNYA,Non BLU/BLUD,Sidoarjo,Jl.Raya Surabaya Mojokerto KM.44 Kramat Temenggung Tarik Sidoarjo
3515141,Jawa Timur,42352.0,881,RS Umum Bunda,Rumah Sakit Umum,C,100,24,196,SWASTA/LAINNYA,Non BLU/BLUD,Sidoarjo,JL Kundi No 70 Kepuh Kiriman Waru Sidoarjo
3515030,Jawa Timur,42352.0,881,RS Umum  Pusdik Polri Porong ,Rumah Sakit Umum,C,114,46,204,POLRI,BLU,Sidoarjo,JL. RAYA PORONG NO. 1 SIDOARJO
3515157,Jawa Timur,42352.0,881,RS Umum Daerah Sidoarjo Barat,Rumah Sakit Umum,C,130,28,,Pemkab,BLUD,Sidoarjo,"Jl. Bibis Bunder, Kelurahan Tambak Kemerakan, Kecamatan Krian, Kabupaten Sidoarjo, Provinsi Jawa Timur"
3515144,Jawa Timur,42352.0,881,RS Sheila Medika,Rumah Sakit Umum,D,72,33,9,SWASTA/LAINNYA,Non BLU/BLUD,Sidoarjo,Jl. Letjen Wahono No. 77-79 Juanda Sedati
3515132,Jawa Timur,42352.0,881,RS Umum Rahman Rahim,Rumah Sakit Umum,D,91,25,295,SWASTA/LAINNYA,Non BLU/BLUD,Sidoarjo, Jl. Raya Saimbang No. 277 RT. 10 RW. 03 Desa Kebonagung Kecamatan Sukodono
3515140,Jawa Timur,42352.0,881,RS Arafah Anwar Medika Sukodono,Rumah Sakit Umum,D,66,29,111,Perusahaan,Non BLU/BLUD,Sidoarjo,Jl. Sawo No. 2 Dungus Sukodono
3515110,Jawa Timur,42352.0,881,RS Umum Jasem,Rumah Sakit Umum,D,75,34,84,SWASTA/LAINNYA,Non BLU/BLUD,Sidoarjo,Jl. Samanhudi No.85 A Sidoarjo
3515135,Jawa Timur,42352.0,881,RS Bantuan 05.08.03 Sidoarjo,Rumah Sakit Umum,D,50,34,70,TNI AD,Non BLU/BLUD,Sidoarjo,JL DR SOETOMO NO 2 SIDOARJO
3515138,Jawa Timur,42352.0,881,RS Umum Aisyiyah Siti Fatimah,Rumah Sakit Umum,D,62,37,188,Organisasi Islam ,Non BLU/BLUD,Sidoarjo,"JL. Raya Kenongo. no 14. Kel. Kenongo, Kec. Tulangan, Kab. Sidoarjo, Provinsi Jawa Timur"
3515130,Jawa Timur,42352.0,881,RS Umum Prima Husada,Rumah Sakit Umum,D,61,15,53,SWASTA/LAINNYA,Non BLU/BLUD,Sidoarjo,"Jl. Letjen Suprapto No. 03, Kepuh Kiriman Waru"
3515143,Jawa Timur,42352.0,881,RS Umum Mitra Sehat Mandiri Sidoarjo,Rumah Sakit Umum,D,75,23,121,SWASTA/LAINNYA,Non BLU/BLUD,Sidoarjo,Jl. Raya Krian- Mojosari KM 3 Tropodo Krian Sidoarjo
3515127,Jawa Timur,42352.0,881,RS Umum Assakinah Medika,Rumah Sakit Umum,D,29,13,52,Perusahaan,Non BLU/BLUD,Sidoarjo,"Jl. Raya Sidoarjo 14, Kebonagung, Sukodono"
3515142,Jawa Timur,42352.0,881,RS Umum Aminah,Rumah Sakit Umum,D,123,29,55,SWASTA/LAINNYA,Non BLU/BLUD,Sidoarjo,"Jl. Untung Suropati, Desa Watutulis, Kec Prambon Sidoarjo"
3515123,Jawa Timur,42352.0,881,RS Umum Usada ,Rumah Sakit Umum,D,50,14,76,Perusahaan,Non BLU/BLUD,Sidoarjo,"Jl. Jeruk 117 Wage,Taman Sidoarjo"
3515146,Jawa Timur,42352.0,881,RS Pusura Candi,Rumah Sakit Umum,D,50,29,32,SWASTA/LAINNYA,Non BLU/BLUD,Sidoarjo,JL Raya Gelam No. 39 Sidoarjo
3512050,Jawa Timur,42352.0,881,RS Ibu dan Anak Karinda Husada ,Rumah Sakit Khusus Ibu dan Anak,C,35,12,,SWASTA/LAINNYA,Non BLU/BLUD,Situbondo,"Jl. Raya Kota Timur No. 26B, Besuki, Situbondo, Situbondo, Jawa Timur 68356"
3512039,Jawa Timur,42352.0,881,RS Ibu dan Anak Jatimed,Rumah Sakit Khusus Ibu dan Anak,C,25,14,30,SWASTA/LAINNYA,Non BLU/BLUD,Situbondo,Jl. Panglima Sudirman No. 5 Besuki Situbondo
3512051,Jawa Timur,42352.0,881,RS Mata Situbondo,Rumah Sakit Khusus Mata,C,15,12,,SWASTA/LAINNYA,Non BLU/BLUD,Situbondo,"Jl. PB. Sudirman No 05 RT. 02 RW. 02, Kab. Situbondo"
3512034,Jawa Timur,42352.0,881,RS Elizabeth,Rumah Sakit Umum,C,100,58,166,SWASTA/LAINNYA,Non BLU/BLUD,Situbondo,Jl. WR Supratman Nomor 2A Situbondo
3512012,Jawa Timur,42352.0,881,RS Umum Daerah dr. Abdoer Rahem Situbondo,Rumah Sakit Umum,C,225,109,960,Pemkab,BLUD,Situbondo,"Jl. Anggrek No. 68, Kelurahan. Patokan Kecamatan. Situbondo, Kabupaten. Situbondo Jawa Timur"
3512052,Jawa Timur,42352.0,881,RS Umum Mulia Medical Center,Rumah Sakit Umum,D,51,11,,SWASTA/LAINNYA,Non BLU/BLUD,Situbondo,Jl. Pasir Putih No.07 RT. 002 RW. 001 Kelurahan Bletok Kecamatan Bungatan
3512037,Jawa Timur,42352.0,881,RS Umum Daerah Asembagus Kabupaten Situbondo,Rumah Sakit Umum,D,103,27,242,Pemkab,BLUD,Situbondo,Jl.Raya Asembagus No. 207 RT 002 RW 008 Dusun Wringin Desa Wringinanom Kecamatan Asembagus Kabupaten Situbondo 68373
3512036,Jawa Timur,42352.0,881,RS Umum Daerah Besuki Kabupaten Situbondo,Rumah Sakit Umum,D,107,34,116,Pemkab,BLUD,Situbondo,Jl. Olah Raga No 55 Besuki Kabupaten Situbondo Provinsi Jawa Timur 
3512038,Jawa Timur,42352.0,881,RS Umum Mitra Sehat Kabupaten Situbondo,Rumah Sakit Umum,D,85,39,229,SWASTA/LAINNYA,Non BLU/BLUD,Situbondo,Desa Curah Jeru Kecamatan Panji RT 02/RW 011 Kabupaten Situbondo
3529026,Jawa Timur,42352.0,881,RS Ibu dan Anak Esto Ebhu,Rumah Sakit Khusus Ibu dan Anak,C,48,12,44,SWASTA/LAINNYA,Non BLU/BLUD,Sumenep,Jl.Dr Cipto no 38. Kolor Kab. Sumenep
3529025,Jawa Timur,42352.0,881,RS Islam Garam Kalianget,Rumah Sakit Umum,C,153,29,198,Organisasi Islam ,Non BLU/BLUD,Sumenep,"Jl. Raya Kalianget No.1 Kalianget, Kab Sumenep"
3529029,Jawa Timur,42352.0,881,RS Umum Sumekar,Rumah Sakit Umum,C,108,27,66,SWASTA/LAINNYA,Non BLU/BLUD,Sumenep,Jl. Arya Wiraraja No. 99 Lingkar Timur Desa Kolor Kec. Kota
3529014,Jawa Timur,42352.0,881,RS Umum Daerah dr. H. Moh. Anwar ,Rumah Sakit Umum,C,224,125,270,Pemkab,BLUD,Sumenep,  Jl. Dr Cipto No. 42 Desa Kolor Kab. Sumenep
3529040,Jawa Timur,42352.0,881,RS Umum Daerah Abuya Kangean,Rumah Sakit Umum,D,90,43,,Pemkab,Non BLU/BLUD,Sumenep,Jl. Raya Pantai Celgung Desa Sambakati Kec. Arjasa Kabupaten Sumenep Provinsi Jawa Timur
3503045,Jawa Timur,42352.0,881,RS Ibu dan Anak HST,Rumah Sakit Khusus Ibu dan Anak,C,35,21,65,Organisasi Sosial,Non BLU/BLUD,Trenggalek,"Jl. Dr. Soetomo 39A RT.01 RW.01 Kelurahan Ngantru, Kec. Trenggalek, Kab. Trenggalek, Provinsi Jawa Timur"
3503011,Jawa Timur,42352.0,881,RS Umum Daerah dr. Soedomo Trenggalek,Rumah Sakit Umum,C,306,38,903,Pemkab,BLUD,Trenggalek,"Jl. dr. Soetomo No. 02 Kelurahan Tamanan, Kecamatan Trenggalek, Kabupaten Trenggalek, Provinsi Jawa Timur"
3503022,Jawa Timur,42352.0,881,RS Umum Budi Asih Trenggalek,Rumah Sakit Umum,D,49,22,123,Organisasi Sosial,Non BLU/BLUD,Trenggalek,"Jl. Mayjend Sungkono Nomor 80 Dusun Cengkong Desa Tamanan, Kecamatan Trenggalek Kabupaten Trenggalek, Provinsi Jawa Timur"
3503062,Jawa Timur,42352.0,881,RS Umum Daerah Panggul,Rumah Sakit Umum,D,54,21,,Pemkab,BLUD,Trenggalek,Jl. Raya Panggul No. 21 Desa Wonocoyo Kec. Panggul Kab. Trenggalek
3523015,Jawa Timur,42352.0,881,RS Umum Daerah Dr. R. Koesma Tuban,Rumah Sakit Umum,B,408,108,1115,Pemkab,BLUD,Tuban, Jl. dr. Wahidin Sudiro Husodo No. 800
3523053,Jawa Timur,42352.0,881,RS Nahdlatul Ulama Tuban,Rumah Sakit Umum,C,116,56,339,SWASTA/LAINNYA,Non BLU/BLUD,Tuban,Jl. Letda Sucipto No. 211 Tuban
3523041,Jawa Timur,42352.0,881,RS Medika Mulia Tuban,Rumah Sakit Umum,C,147,78,359,Organisasi Sosial,Non BLU/BLUD,Tuban,Jl. Mojopahit 699 Tuban
3523056,Jawa Timur,42352.0,881,RS Graha Husada,Rumah Sakit Umum,D,70,29,,Perusahaan,Non BLU/BLUD,Tuban,"Jl. Imam Bonjol, Lajo Lor, Kecamatan Singgahan, Kabupaten Tuban, Jawa Timur"
3523052,Jawa Timur,42352.0,881,RS Muhammadiyah Tuban,Rumah Sakit Umum,D,68,54,189,SWASTA/LAINNYA,Non BLU/BLUD,Tuban,Jl. Diponegoro No.1 Tuban
3523055,Jawa Timur,42352.0,881,RS Umum Daerah R. Ali Manshur,Rumah Sakit Umum,D,100,26,133,Pemkab,BLUD,Tuban,Jl. Raya Timur No. 131 Jatirogo Tuban
3504078,Jawa Timur,42352.0,881,RS Ibu dan Anak Trisna Medika,Rumah Sakit Khusus Ibu dan Anak,C,86,20,81,SWASTA/LAINNYA,Non BLU/BLUD,Tulungagung,"Jalan Pahlawan No.216 RT.03/RW.02, Dusun Ketanon, Ketanon, Kec. Kedungwaru, Kabupaten Tulungagung, Jawa Timur 66226"
3504057,Jawa Timur,42352.0,881,RS Ibu dan Anak Fauziah ,Rumah Sakit Khusus Ibu dan Anak,C,49,12,63,SWASTA/LAINNYA,Non BLU/BLUD,Tulungagung,Jl. Dr. Sutomo 47 Tulungagung
3504074,Jawa Timur,42352.0,881,RS Ibu dan Anak Amanda,Rumah Sakit Khusus Ibu dan Anak,C,32,15,75,SWASTA/LAINNYA,Non BLU/BLUD,Tulungagung,JL. Mayor Sujadi No. 38 Jepun Tulungagung
3504012,Jawa Timur,42352.0,881,RS Umum Daerah Dr. Iskak Tulungagung,Rumah Sakit Umum,B,500,98,1418,Pemkab,BLUD,Tulungagung,Jl. Dr. Wahidin Sudiro Husodo Tulungagung
3504056,Jawa Timur,42352.0,881,RS Umum Era Medika ,Rumah Sakit Umum,C,100,30,163,SWASTA/LAINNYA,Non BLU/BLUD,Tulungagung,Jl. Raya Pulosari No. 15 Ngunut Tulungagung
3504068,Jawa Timur,42352.0,881,RS Umum Bhayangkara Tulungagung,Rumah Sakit Umum,C,114,43,332,POLRI,BLU,Tulungagung,"Jl. I Gusti Ngurah Rai 25 - 27, Tulungagung"
3504073,Jawa Timur,42352.0,881,RS Putra Waspada Tulungagung,Rumah Sakit Umum,C,98,33,173,SWASTA/LAINNYA,Non BLU/BLUD,Tulungagung,"Jl. Jayeng Kusuma No 66 RT.002, RW.006, Kel. Ngujang, Kec. Kedungwaru, Kab. Tulungagung"
3504045,Jawa Timur,42352.0,881,RS Umum Islam Orpeha,Rumah Sakit Umum,C,100,39,141,SWASTA/LAINNYA,Non BLU/BLUD,Tulungagung,Jl. KH. R. Abdul Fatah Batangsaren Kec. Kauman Kab. Tulungagung
3504081,Jawa Timur,42352.0,881,RS Umum Prima Medika,Rumah Sakit Umum,D,60,28,113,SWASTA/LAINNYA,Non BLU/BLUD,Tulungagung,"Jl. Soekarno Hatta, Kutoanyar"
3504071,Jawa Timur,42352.0,881,RS Umum Muhammadiyah Bandung,Rumah Sakit Umum,D,66,50,93,Organisasi Islam ,Non BLU/BLUD,Tulungagung,"Jl. Panglima Sudirman No. 42, RT/RW 001/001 Dusun Bakah, Desa Mergayu, Kecamatan Bandung, Kabupaten Tulungagung, Propinsi Jawatimur"
3504087,Jawa Timur,42352.0,881,RS Umum Daerah Campurdarat,Rumah Sakit Umum,D,116,35,,Pemkab,BLUD,Tulungagung,"Jl. Kanigoro No. 13 Ngingas, Kecamatan Campurdarat, Kabupaten Tulungagung, Provinsi Jawa Timur"
3504069,Jawa Timur,42352.0,881,RS Umum Satiti Prima Husada,Rumah Sakit Umum,D,65,20,90,SWASTA/LAINNYA,Non BLU/BLUD,Tulungagung,"Ds. Balesono, Kec. Ngunut Kab. Tulungagung"
3504070,Jawa Timur,42352.0,881,RS Umum Islam  Madinah,Rumah Sakit Umum,D,114,36,186,SWASTA/LAINNYA,Non BLU/BLUD,Tulungagung,"Jl. Jatiwayang  Lk 02 Ngunut, Tulungagung"
6102012,Kalimantan Barat,5835.0,40,"RS Umum Daerah Drs. Jacobus Luna, M.Si Kabupaten Bengkayang",Rumah Sakit Umum,C,104,27,213,Pemkab,BLUD,Bengkayang,"Jl. Sanggau Ledo No. 20, Desa/Kelurahan Sebalo, Kec. Bengkayang, Kab. Bengkayang"
6102055,Kalimantan Barat,5835.0,40,RS Umum Bethesda Serukam,Rumah Sakit Umum,C,126,28,211,Organisasi Protestan,Non BLU/BLUD,Bengkayang,"Jl. Raya Bengkayang Km.48, Desa Pasti Jaya, Kec. Samalantan"
6108011,Kalimantan Barat,5835.0,40,RS Umum Daerah dr. Achmad Diponegoro Putussibau,Rumah Sakit Umum,C,100,24,527,Pemkab,BLUD,Kapuas Hulu,Jl.Kom Yos Sudarso No. 42 Putussibau Kabupaten Kapuas Hulu Provinsi Kalimantan Barat
6108014,Kalimantan Barat,5835.0,40,RS Umum Daerah Semitau,Rumah Sakit Umum,D,49,25,63,Pemkab,Non BLU/BLUD,Kapuas Hulu,Jl. Suhaid Semitau
6108012,Kalimantan Barat,5835.0,40,RS Umum Daerah Badau,Rumah Sakit Umum,D,50,17,27,Pemkab,Non BLU/BLUD,Kapuas Hulu,"Jl. Lintas Badau Na.Kantuk Dusun Perumbang Desa Kekurak, Kec. Badau"
6111002,Kalimantan Barat,5835.0,40,RS Umum Daerah Sultan Muhammad Jamaludin I,Rumah Sakit Umum,C,103,24,210,Pemkab,BLUD,Kayong Utara,"Jl. Provinsi Sukadana, Teluk Batang, Dusun Senebing RT. 03/ RW.1 Desa Harapan Mulia Kecamatan Su"
6106021,Kalimantan Barat,5835.0,40,RS Ibu dan Anak Permata Bunda,Rumah Sakit Khusus Ibu dan Anak,C,30,14,116,Perusahaan,Non BLU/BLUD,Ketapang,Jl. Brigjen Katamso No 7 Sukaharja Kec. Delta Pawan Ketapang
6106016,Kalimantan Barat,5835.0,40,RS Umum Daerah Dr. Agoesdjam Ketapang,Rumah Sakit Umum,C,200,69,419,Pemkab,BLUD,Ketapang,Jl. Panjaitan No.51 Ketapang
6106020,Kalimantan Barat,5835.0,40,RS Fatima Ketapang,Rumah Sakit Umum,C,135,61,440,Organisasi Katholik,Non BLU/BLUD,Ketapang,Jl. Jend. Sudirman No.27 Ketapang
6171136,Kalimantan Barat,5835.0,40,RS Ibu dan Anak Nabasa Pontianak,Rumah Sakit Khusus Ibu dan Anak,C,38,28,103,SWASTA/LAINNYA,Non BLU/BLUD,Kota Pontianak,"Jl. Sungai Raya Dalam No. 65, Bangka Belitung Darat, Pontianak Tenggara, Kota Pontianak, Provinsi Kalimantan Barat"
6171085,Kalimantan Barat,5835.0,40,RS Bersalin Jeumpa,Rumah Sakit Khusus Ibu dan Anak,C,33,14,122,Perusahaan,Non BLU/BLUD,Kota Pontianak,"Jl. Sultan Syarif Abdurrahman No. 54, Akcaya, Kec. Pontianak Selatan"
6171011,Kalimantan Barat,5835.0,40,RS Umum Daerah Dr. Soedarso Pontianak,Rumah Sakit Umum,A,584,50,1241,Pemprop,BLUD,Kota Pontianak,"Jl. dr. Soedarso No.1, Kel.Bangka Belitung Kec. Pontianak Tenggara, Kota Pontianak, Kalimantan Barat"
6171033,Kalimantan Barat,5835.0,40,RS Umum St. Antonius Pontianak,Rumah Sakit Umum,B,240,79,1138,Organisasi Sosial,Non BLU/BLUD,Kota Pontianak,Jl. KH. Wahid Hasyim No. 249 Pontianak
6171139,Kalimantan Barat,5835.0,40,RS Universitas Tanjungpura,Rumah Sakit Umum,C,104,70,100,Kementerian Lain,BLU,Kota Pontianak,"Jl. Profesor Dokter H. Hadari Nawawi, Bansir Laut, Kec. Pontianak Tenggara, Kota Pontianak, Kalimantan Barat 78115"
6171141,Kalimantan Barat,5835.0,40,RS Mitra Medika Pontianak,Rumah Sakit Umum,C,137,56,394,Perusahaan,Non BLU/BLUD,Kota Pontianak,Jl. Sultan Abdurrahman No. 25 Kel. Sungai Bangkong Kec. Pontianak Kota
6171067,Kalimantan Barat,5835.0,40,RS Bhayangkara Pontianak ,Rumah Sakit Umum,C,120,97,124,POLRI,BLU,Kota Pontianak,Jl. K. S. Tubun 14 Pontianak 
6171113,Kalimantan Barat,5835.0,40,RS Islam Yarsi Pontianak,Rumah Sakit Umum,C,129,22,187,Organisasi Islam ,Non BLU/BLUD,Kota Pontianak,"Jl. Tanjung Raya II Kel. Tambelan Sampit, Kec. Pontianak Timur, Kota Pontianak, Kalimantan Barat"
6171138,Kalimantan Barat,5835.0,40,RS Umum Daerah Sultan Syarif  Mohammad Alkadrie,Rumah Sakit Umum,C,168,39,372,Pemkot,BLUD,Kota Pontianak,Jl. Komodor Yos Sudarso Pontianak
6171124,Kalimantan Barat,5835.0,40,RS Anugerah Bunda Khatulistiwa,Rumah Sakit Umum,C,105,35,281,SWASTA/LAINNYA,Non BLU/BLUD,Kota Pontianak,Jl. Ahmad Yani Pontianak Tenggara
6171140,Kalimantan Barat,5835.0,40,RS Umum Kharitas Bhakti,Rumah Sakit Umum,D,77,53,173,SWASTA/LAINNYA,Non BLU/BLUD,Kota Pontianak,JL. Siam No.153 Pontianak
6171155,Kalimantan Barat,5835.0,40,RS Umum Medika Djaya,Rumah Sakit Umum,D,97,29,,Perusahaan,Non BLU/BLUD,Kota Pontianak,"Jl. Parit H. Husin 1 Blok MD No. 1, Kec. Pontianak Tenggara, Kota Pontianak, Provinsi Kalimantan Barat"
6171078,Kalimantan Barat,5835.0,40,RS Pro Medika Pontianak,Rumah Sakit Umum,D,57,23,154,SWASTA/LAINNYA,Non BLU/BLUD,Kota Pontianak,Jl. Gusti Sulung Lelanang Blok EA No. 2-5 Kota Pontianak
6171156,Kalimantan Barat,5835.0,40,RS Umum Daerah Pontianak Utara,Rumah Sakit Umum,D,50,16,,Pemkot,Non BLU/BLUD,Kota Pontianak,"Jl. Khatulistiwa No. 151 Kel. Siantan Hilir, Kec. Pontianak Utara"
6172002,Kalimantan Barat,5835.0,40,RS Ibu dan Anak Wempe Singkawang,Rumah Sakit Khusus Ibu dan Anak,C,29,9,55,SWASTA/LAINNYA,Non BLU/BLUD,Kota Singkawang,"Jln. Gunung Sari No. 10 Kelurahan Pasiran, Kecamatan Singkawang Barat, Kota Singkawang"
6172066,Kalimantan Barat,5835.0,40,RS Jiwa Provinsi Kalimantan Barat,Rumah Sakit Khusus Jiwa,B,700,24,379,Pemprop,BLUD,Kota Singkawang, Jl. Raya Singkawang Bengkayang KM 15 Singkawang
6172011,Kalimantan Barat,5835.0,40,RS Umum Daerah Dr. Abdul Aziz Singkawang,Rumah Sakit Umum,B,236,53,657,Pemkot,BLUD,Kota Singkawang,"Jl. Dr Soetomo No. 28, Singkawang"
6172113,Kalimantan Barat,5835.0,40,RS Umum Santo Vincentius Singkawang,Rumah Sakit Umum,C,194,32,416,Organisasi Katholik,Non BLU/BLUD,Kota Singkawang,Jl. P. Diponegoro No. 5 Singkawang
6172124,Kalimantan Barat,5835.0,40,RS Umum Harapan Bersama Singkawang,Rumah Sakit Umum,C,170,35,399,Perusahaan,Non BLU/BLUD,Kota Singkawang,Jl. P. Belitung No. 61 Singkawang
6172044,Kalimantan Barat,5835.0,40,RS Tk. IV 12.07.01 Singkawang,Rumah Sakit Umum,D,72,29,142,TNI AD,Non BLU/BLUD,Kota Singkawang,Jl. Perwira No. H15 Singkawang
6172135,Kalimantan Barat,5835.0,40,RS Umum Sa'adah,Rumah Sakit Umum,D,88,20,,SWASTA/LAINNYA,Non BLU/BLUD,Kota Singkawang,"Jl. Gunung Merapi No.03 RT 030 RW 012, Pasiran, Singkawang Barat"
6112002,Kalimantan Barat,5835.0,40,RS Ibu dan Anak Anugrah,Rumah Sakit Khusus Ibu dan Anak,C,50,24,116,Perusahaan,Non BLU/BLUD,Kubu Raya,"Jl. Sungai Raya No. 43, Kecamatan Sungai Raya"
6112135,Kalimantan Barat,5835.0,40,RS Angkatan Udara dr. Mohammad Sutomo,Rumah Sakit Umum,C,64,27,94,TNI AU,Non BLU/BLUD,Kubu Raya,Jl. Raya Kuala Dua No. 2 Kab. Kubu Raya
6171022,Kalimantan Barat,5835.0,40,RS Tk. II Kartika Husada Kes.Dam XII Tanjungpura,Rumah Sakit Umum,C,175,31,19,TNI AD,BLU,Kubu Raya,Jl. Adi Sucipto KM 6.5 Sei Raya Kubu Raya
6112003,Kalimantan Barat,5835.0,40,RS Umum Daerah Kabupaten Kubu Raya,Rumah Sakit Umum,D,50,27,126,Pemkab,BLUD,Kubu Raya,Jl. Jenderal Sudirman Kec. Rasau Jaya Kubu Raya 78381
6103013,Kalimantan Barat,5835.0,40,RS Umum Daerah Kabupaten Landak,Rumah Sakit Umum,C,116,30,277,Pemkab,BLUD,Landak,Jl. Raya Ngabang Sanggau No.109 Kecamatan Ngabang Kabupaten Landak
6103024,Kalimantan Barat,5835.0,40,RS Pratama Kabupaten Landak,Rumah Sakit Umum,D PRATAMA,63,14,,Pemkab,Non BLU/BLUD,Landak,Jl. Jurusan Anjungan Bengkayang Desa Tunang Kec. Mempawah Hulu
6110012,Kalimantan Barat,5835.0,40,RS Umum Daerah Kabupaten Melawi,Rumah Sakit Umum,C,100,25,305,Pemkab,BLUD,Melawi,Jl. Kelakik KM. 4 Nanga Pinoh Kabupaten Melawi
6110016,Kalimantan Barat,5835.0,40,RS Umum Daerah Belimbing,Rumah Sakit Umum,D,50,17,7,Pemkab,BLUD,Melawi,"Jl. PMKS PT. SDK 1,Desa Batu Buil Kecamatan Belimbing Kabupaten Melawi Provinsi Kalimantan Barat"
6110013,Kalimantan Barat,5835.0,40,RS Umum Citra Husada Nanga Pinoh,Rumah Sakit Umum,D,70,23,58,Perusahaan,Non BLU/BLUD,Melawi,Jln. Dharma Bakti No. 45 C Nanga Pinoh
6110015,Kalimantan Barat,5835.0,40,RS Umum Kasih Bunda Jaya Nanga Pinoh,Rumah Sakit Umum,D,56,33,75,Perusahaan,Non BLU/BLUD,Melawi,Jl. Juang Km. 2 Dusun Tanah Tinggi Desa Tanjung Niaga Kecamatan Nanga Pinoh Kabupaten Melawi Provinsi Kalimantan Barat
6104014,Kalimantan Barat,5835.0,40,RS Umum Daerah Dr. Rubini Mempawah,Rumah Sakit Umum,C,168,72,325,Pemkab,BLUD,Mempawah,"Jalan Dr. Rubini, Desa/Kelurahan Kuala Secapah, Kec. Mempawah Hilir, Kab. Mempawah, Provinsi Kalimantan Barat, Kode Pos : 78914"
6101033,Kalimantan Barat,5835.0,40,RS Umum Daerah Pemangkat,Rumah Sakit Umum,C,195,58,387,Pemkab,BLUD,Sambas, Jalan. Abdul Kadir Kasim No. 20 Pemangkat
6101022,Kalimantan Barat,5835.0,40,RS Umum Daerah Sambas,Rumah Sakit Umum,C,182,42,188,Pemkab,BLUD,Sambas,Jl. Pendidikan no 300 Kecamatan Sambas Kabupaten Sambas Propinsi Kalimantan Barat
6101135,Kalimantan Barat,5835.0,40,RS Santa Elisabeth,Rumah Sakit Umum,D,58,17,70,Organisasi Katholik,Non BLU/BLUD,Sambas,"Jl. Gusti Hamzah RT 007 RW 004, Desa/Kelurahan Durian, Kec. Sambas, Kab. Sambas, Provinsi Kalimantan Barat, Kode Pos : 79462"
6101137,Kalimantan Barat,5835.0,40,RS Umum Daerah Teluk Keramat,Rumah Sakit Umum,D,32,18,91,Pemkab,Non BLU/BLUD,Sambas,Dusun Tambangan RT. 001 RW. 002 Desa Puringan Kecamatan Teluk Keramat Kabupaten Sambas Kalimantan Barat 
6105026,Kalimantan Barat,5835.0,40,RS Parindu,Rumah Sakit Umum,C,100,24,109,Perusahaan,Non BLU/BLUD,Sanggau,Jl Raya Desa Binjai Kec.Tayan Hulu Kab. Sanggau Kalimantan Barat 78562
6105015,Kalimantan Barat,5835.0,40,RS Umum Daerah M. Th. Djaman Sanggau,Rumah Sakit Umum,C,170,30,716,Pemkab,BLUD,Sanggau,"Jl. Jend Sudirman Sanggau, Kecamatan Kapuas, Kabupaten Sanggau, Provinsi Kalimantan Barat"
6105028,Kalimantan Barat,5835.0,40,RS Umum Sentra Medika Sanggau,Rumah Sakit Umum,D,53,21,111,Perusahaan,Non BLU/BLUD,Sanggau,JL. Cempaka Kelurahan Ilir Kota RT 014/RW 003 Kecamatan Kapuas Kab. Sanggau
6105031,Kalimantan Barat,5835.0,40,RS Umum Daerah Temenggung Gergaji,Rumah Sakit Umum,D,54,13,80,Pemkab,Non BLU/BLUD,Sanggau,Jl. Lintas Sekayam Desa Kenaman Kecamatan Sekayam Kabupaten Sanggau
6109012,Kalimantan Barat,5835.0,40,RS Umum Daerah Sekadau,Rumah Sakit Umum,C,104,26,343,Pemkab,BLUD,Sekadau,"Jalan Merdeka Timur KM.6 Desa Mungguk, Kecamatan Sekadau Hilir, Kabupaten Sekadau, Provinsi Kalimantan Barat. Kode Pos. 79582"
6109023,Kalimantan Barat,5835.0,40,RS Pratama Tamongokng Naga Lantai,Rumah Sakit Umum,D PRATAMA,36,15,,Pemkab,Non BLU/BLUD,Sekadau,"Jl. Raya Landau Apin - Tembaga, Desa Landau Apin Kec. Nanga Mahap"
6107024,Kalimantan Barat,5835.0,40,RS Ibu dan Anak Bujang Dara Sintang,Rumah Sakit Khusus Ibu dan Anak,C,27,28,33,Perusahaan,Non BLU/BLUD,Sintang,Jln. Muhammad Saad RT 003 RW 004  Kelurahan Tanjung Puri Sintang
6107038,Kalimantan Barat,5835.0,40,RS Jiwa Sudiyanto,Rumah Sakit Khusus Jiwa,C,36,25,,Pemkab,Non BLU/BLUD,Sintang,"Jl. Adi Sucipto No. 41, RT. 3 RW. 1, Kel. Tanjung Puri, Kec. Sintang"
6107010,Kalimantan Barat,5835.0,40,RS Umum Daerah Ade Muhammad Djoen Sintang ,Rumah Sakit Umum,B,204,140,455,Pemkab,BLUD,Sintang,"Jl. Y.C. Oevang Oeray, No. 1  Desa Sungai Ana, Kec. Sintang, Kab. Sintang Kec. Sintang"
6107022,Kalimantan Barat,5835.0,40,RS Tk. IV 12.07.02 Sintang,Rumah Sakit Umum,D,98,31,30,TNI AD,Non BLU/BLUD,Sintang,Jl. MT Haryono KM.3 RT 16 RW 5 Kelurahan Kapuas Kanan Hulu Kec. Sintang Kab. Sintang
6107027,Kalimantan Barat,5835.0,40,RS Umum Sayang Ibu Sintang,Rumah Sakit Umum,D,21,14,24,Perusahaan,Non BLU/BLUD,Sintang,Jl. Lintas Melawi No. 32 Sintang
6107025,Kalimantan Barat,5835.0,40,RS Umum Anugrah Bunda Jaya Sintang,Rumah Sakit Umum,D,52,34,31,Perusahaan,Non BLU/BLUD,Sintang,Jl. MT. Haryono RT 11 RW 03 Kelurahan Kapuas Kanan Hulu Sintang
6107026,Kalimantan Barat,5835.0,40,RS Umum Daerah Serawai,Rumah Sakit Umum,D,26,16,52,Pemkab,BLUD,Sintang,Jl. H. Baijoeri Desa Mekar Sari Kec. Serawai
6311016,Kalimantan Selatan,4372.1,118,RS Umum Daerah Datu Kandang Haji,Rumah Sakit Umum,C,122,31,607,Pemkab,BLUD,Balangan,"Jl. Lingkar Timur Km.1,7, Kelurahan Paringin Kota, Kecamatan Paringin, Kabupaten Balangan, Kalimantan Selatan "
6303028,Kalimantan Selatan,4372.1,118,RS Ibu dan Anak Mutiara Bunda,Rumah Sakit Khusus Ibu dan Anak,C,25,16,,Perorangan,Non BLU/BLUD,Banjar,"Jl. Taisir No. 2 Kelurahan Jawa, Kec. Sungai Sipai, Martapura Kota"
6304016,Kalimantan Selatan,4372.1,118,RS Jiwa Sambang Lihum,Rumah Sakit Khusus Jiwa,A,129,41,513,Pemprop,BLUD,Banjar,"Jl Gubernur Syarkawi KM.3,9 Kec.Gambut Kab. Banjar"
6303015,Kalimantan Selatan,4372.1,118,RS Umum Daerah Ratu Zalecha,Rumah Sakit Umum,B,272,49,833,Pemkab,BLUD,Banjar,Jl Menteri Empat Martapura Kabupaten Banjar Kalimantan Selatan
6303033,Kalimantan Selatan,4372.1,118,RS Umum Ciputra Mitra Hospital,Rumah Sakit Umum,B,205,53,235,Perusahaan,Non BLU/BLUD,Banjar,"Jl. A. Yani Km 7,8 Komplek Perumahan Citra Land Banjarmasin"
6303027,Kalimantan Selatan,4372.1,118,RS Umum Pelita Insani,Rumah Sakit Umum,C,108,42,256,SWASTA/LAINNYA,Non BLU/BLUD,Banjar,"Jl. Sekumpul No. 66 Kelurahan Jawa, Kecamatan Martapura, Kabupaten Banjar, Provinsi Kalimantan Selatan"
6303030,Kalimantan Selatan,4372.1,118,RS Umum Aveciena Medika,Rumah Sakit Umum,D,47,29,50,Perusahaan,Non BLU/BLUD,Banjar,"Jl. A. Yani Km.38, Kawasan Komersial Sekumpul, Kelurahan Jawa, Kecamatan Martapura, Kabupaten Banjar, Provinsi Kalimantan Selatan, 70614"
6304020,Kalimantan Selatan,4372.1,118,RS Umum Daerah  H. Abdul Aziz Marabahan,Rumah Sakit Umum,C,110,28,275,Pemkab,BLUD,Barito Kuala,"Jl. Jend Sudirman No.10, RT. 13 RW. 001, Kelurahan Ulu Benteng, Kecamatan Marabahan, Kabupaten Barito Kuala, Provinsi Kalimantan Selatan, 70513"
6306025,Kalimantan Selatan,4372.1,118,RS Ibu dan Anak Permata Bunda,Rumah Sakit Khusus Ibu dan Anak,C,26,27,23,SWASTA/LAINNYA,Non BLU/BLUD,Hulu Sungai Selatan,Jl. Jend. A. Yani No. 28 A Tumpang Talu Kelurahan Kandangan Barat Kecamatan Kandangan Kabupaten Hulu Sungai Selatan Provinsi Kalimantan Selatan Kode Pos 71213
6306011,Kalimantan Selatan,4372.1,118,RS Umum Daerah Brigjed H. Hasan Basry Kandangan,Rumah Sakit Umum,B,234,52,372,Pemkab,BLUD,Hulu Sungai Selatan," Jalan Jenderal  Sudirman No.26A RT.01 RK.I Hamalau, Sungai Raya, Kab. Hulu Sungai Selatan"
6306024,Kalimantan Selatan,4372.1,118,RS Umum Daerah Daha Sejahtera,Rumah Sakit Umum,D,54,12,90,Pemkab,BLUD,Hulu Sungai Selatan," Jl Pihanin Raya, Desa Pihanin Kecamatan Daha Selatan Kabupaten Hulu Sungai Selatan"
6306023,Kalimantan Selatan,4372.1,118,RS Umum Ceria,Rumah Sakit Umum,D,54,34,199,SWASTA/LAINNYA,Non BLU/BLUD,Hulu Sungai Selatan,Jl. Jend. Sudirman No. 10 Hamalau  Hulu Sungai Selatan
6306026,Kalimantan Selatan,4372.1,118,RS Sumber Jaya Sehat,Rumah Sakit Umum,D,62,9,,SWASTA/LAINNYA,Non BLU/BLUD,Hulu Sungai Selatan,Jl. Pahlawan No. 15 Kel. Kandangan Utara Kab. Hulu Sungai Selatan Prop. Kalimantan Selatan
6307012,Kalimantan Selatan,4372.1,118,RS Umum Daerah  H Damanhuri Barabai,Rumah Sakit Umum,C,323,123,,Pemkab,BLUD,Hulu Sungai Tengah,"Jl. Murakata No. 4, Kecamatan Barabai, Kab. Hulu Sungai Tengah"
6308013,Kalimantan Selatan,4372.1,118,RS Umum Daerah Pambalah Batung,Rumah Sakit Umum,C,240,76,524,Pemkab,BLUD,Hulu Sungai Utara,"Jl. Brigjen Hasan Basri,Desa/Kelurahan Muara Tapus, RT.03 No.127, Kecamatan Amuntai Tengah Kabupaten Hulu Sungai Utara, Provinsi Kalimantan Selatan  kode pos. 71419"
6308014,Kalimantan Selatan,4372.1,118,RS Mulia Amuntai,Rumah Sakit Umum,D,43,19,63,SWASTA/LAINNYA,Non BLU/BLUD,Hulu Sungai Utara,Jl. Norman Umar RT. 07 Kelurahan Kebun Sari Kecamatan Amuntai Tengah Kabupaten Hulu Sungai Utara Provinsi Kalimantan Selatan
6372014,Kalimantan Selatan,4372.1,118,RSD Idaman Kota Banjarbaru,Rumah Sakit Umum,C,247,62,935,Pemkot,BLUD,Kota Banjar baru,"JL. TRIKORA NO. 115 RT 09 RW 01 KELURAHAN GUNTUNG MANGGIS, KECAMATAN LANDASAN ULIN, KOTA BANJARBARU, PROVINSI KALIMANTAN SELATAN"
6372022,Kalimantan Selatan,4372.1,118,RS Islam Sultan Agung Banjarbaru,Rumah Sakit Umum,C,177,36,22,SWASTA/LAINNYA,Non BLU/BLUD,Kota Banjar baru,"Jl. Achmad Yani Km. 17,5 RT. 15 RW. 03 Kel. Landasan Ulin Barat Kec. Liang Anggang"
6372017,Kalimantan Selatan,4372.1,118,RS Umum Syifa Medika,Rumah Sakit Umum,C,174,60,126,Perorangan,Non BLU/BLUD,Kota Banjar baru,"Jl. R.O Ulin No. 93 Kel. Loktabat Selatan, Kec. Banjarbaru Selatan Kota Banjarbaru Kalimantan Selatan"
6372021,Kalimantan Selatan,4372.1,118,RS Umum Permata Husada Banjarbaru,Rumah Sakit Umum,D,50,49,21,SWASTA/LAINNYA,Non BLU/BLUD,Kota Banjar baru,"Jl. Ir. Pangeran M. Noor No. 50A RT/RW. 004/005, Kel. Sungai Ulin Kec. Banjarbaru Utara, Kota Banjarbaru, Provinsi Kalimantan Selatan"
6372019,Kalimantan Selatan,4372.1,118,RS Umum Almansyur Medika Banjarbaru,Rumah Sakit Umum,D,56,47,91,Perusahaan,Non BLU/BLUD,Kota Banjar baru,"Jl. Ahmad Yani KM 36, Rt. 003, Rw.001, Kel. Sungai Ulin Kec. Banjarbaru Utara, Kota Banjarbaru, Kalimantan Selatan."
6371141,Kalimantan Selatan,4372.1,118,RS TNI AU Sjamsudin Noor,Rumah Sakit Umum,D,50,17,70,TNI AU,Non BLU/BLUD,Kota Banjar baru,Jl. Hercules No. 17 Landasan Ulin Kota Banjarbaru Provinsi Kalimantan Selatan Kode Pos 70724
6372016,Kalimantan Selatan,4372.1,118,RS Tk. IV Guntung Payung ,Rumah Sakit Umum,D,55,26,38,TNI AD,Non BLU/BLUD,Kota Banjar baru,"Jl. A. Yani, Km 31 Guntung manggis, Kec. Landasan Ulin, Kota Banjar Baru, Kalimantan Selatan 70721"
6372018,Kalimantan Selatan,4372.1,118,RS Umum Mawar ,Rumah Sakit Umum,D,72,21,66,Perusahaan,Non BLU/BLUD,Kota Banjar baru,"Jl. Panglima Batur Timur No. 52, Kel. Banjarbaru Utara, Kec. Komet"
6371130,Kalimantan Selatan,4372.1,118,RS Khusus Bedah Banjarmasin Siaga,Rumah Sakit Khusus Bedah,B,75,48,144,SWASTA/LAINNYA,Non BLU/BLUD,Kota Banjarmasin,"Jl.Jend. Ahmad Yani KM.4,5 No.73 , Kel. Kebun Bunga, Kec. Banjarmasin Timur, Kota Banjarmasin, Provinsi Kalimantan Selatan, Kode Pos: 70235"
6371153,Kalimantan Selatan,4372.1,118,RS Khusus Gigi dan Mulut Gusti Hasan Aman,Rumah Sakit Khusus Gigi dan Mulut,B,50,21,194,Pemprop,Non BLU/BLUD,Kota Banjarmasin,"Jl. Simpang Ulin No.28, Kelurahan Sungai Baru, Kecamatan Banjarmasin Tengah, Kota Banjarmasin, Provinsi Kalimantan Selatan"
6371155,Kalimantan Selatan,4372.1,118,RS Ibu dan Anak Annisa,Rumah Sakit Khusus Ibu dan Anak,C,33,17,100,SWASTA/LAINNYA,Non BLU/BLUD,Kota Banjarmasin,Jl Jafri Zamzam No 56 RT  33 Banjarmasin
6371170,Kalimantan Selatan,4372.1,118,RS Ibu dan Anak Mahkota Bunda,Rumah Sakit Khusus Ibu dan Anak,C,64,25,8,SWASTA/LAINNYA,Non BLU/BLUD,Kota Banjarmasin,"Jl. Aes Nasution, No.102, Seberang Mesjid, kec. Banjarmasin Tengah, Kota Banjarmasin"
6371013,Kalimantan Selatan,4372.1,118,RS Umum Daerah Ulin Banjarmasin,Rumah Sakit Umum,A,649,155,2170,Pemprop,BLUD,Kota Banjarmasin,"Jl. Jen A Yani No.43, Banjarmasin Kalimantan Selatan"
6371072,Kalimantan Selatan,4372.1,118,RS Umum Daerah Dr. H. Moch. Ansari Saleh,Rumah Sakit Umum,B,264,130,208,Pemprop,BLUD,Kota Banjarmasin,"Jl Brigjend H. Hasan Basry No.1, Banjarmasin"
6371046,Kalimantan Selatan,4372.1,118,RS Islam Banjarmasin,Rumah Sakit Umum,C,120,40,394,Organisasi Islam ,Non BLU/BLUD,Kota Banjarmasin,"JL. S PARMAN GG PURNAMA NO. 01, Desa/Kelurahan Pasar Lama, Kec. Banjarmasin Tengah, Kota Banjarmasin, Provinsi Kalimantan Selatan, Kode Pos: 70115"
6371094,Kalimantan Selatan,4372.1,118,RS Umum Sari Mulia,Rumah Sakit Umum,C,139,38,266,Organisasi Sosial,Non BLU/BLUD,Kota Banjarmasin,Jl. Pangeran Antasari No 139 Banjarmasin
6371024,Kalimantan Selatan,4372.1,118,RS Umum Suaka Insan,Rumah Sakit Umum,C,100,48,467,Organisasi Sosial,Non BLU/BLUD,Kota Banjarmasin,Jl. Zafri Zam-Zam No.60 Kelurahan Belitung Selatan Kecamatan Banjarmasin Barat Kota Banjarmasin
6371152,Kalimantan Selatan,4372.1,118,RS Bhayangkara Tk. III Banjarmasin,Rumah Sakit Umum,C,114,22,295,POLRI,BLU,Kota Banjarmasin,"Jl. A. Yani Km.3,5 Banjarmasin"
6371050,Kalimantan Selatan,4372.1,118,RS Tk. III Dr. R. Soeharsono,Rumah Sakit Umum,C,230,40,325,TNI AD,Non BLU/BLUD,Kota Banjarmasin,Jl. Mayjen Soetoyo S No. 408  Banjarmasin
6371156,Kalimantan Selatan,4372.1,118,RS Umum Daerah Sultan Suriansyah Banjarmasin,Rumah Sakit Umum,C,334,39,394,Pemkot,BLUD,Kota Banjarmasin,"Jl. Rantauan Darat RT. 04 RW. 01 Kel. Kelayan Selatan, Kec. Banjarmasin Selatan"
6371158,Kalimantan Selatan,4372.1,118,RS Siloam Banjarmasin,Rumah Sakit Umum,D,53,55,65,SWASTA/LAINNYA,Non BLU/BLUD,Kota Banjarmasin,"Jl. Ahmad Yani Km. 2 RT. 014 RW. 02, Sungai Baru Banjarmasin Tengah"
6302014,Kalimantan Selatan,4372.1,118,RS Umum Daerah Pangeran Jaya Sumitra,Rumah Sakit Umum,C,132,42,269,Pemkab,BLUD,Kota baru,"Jl. Brigjend. H. Hasan Basri No.57 Kelurahan  Semayap, Kecamatan Pulau Laut Utara,Kabupaten Kotabaru, Provinsi Kalimantan Selatan"
6302026,Kalimantan Selatan,4372.1,118,RS Umum Daerah Sengayam,Rumah Sakit Umum,D,52,20,,Pemkab,Non BLU/BLUD,Kota baru,"Jl. Jenderal Sudirman KM. 425  Sengayam, Pamukan Barat, Kotabaru Kalimantan Selatan  72184"
6309025,Kalimantan Selatan,4372.1,118,RS Umum Pertamina Tanjung,Rumah Sakit Umum,C,111,49,150,BUMN,Non BLU/BLUD,Tabalong,"Jl. Gas No. 1, Komperta Murung Pudak, Tanjung"
6309014,Kalimantan Selatan,4372.1,118,RS Umum Daerah H. Badaruddin Kasim,Rumah Sakit Umum,C,169,27,36,Pemkab,BLUD,Tabalong,Jl. Tanjung Baru Desa Maburai Kecamatan Murung Pudak Kabupaten Tabalong Kode Pos 71571 Kalimantan Selatan
6310016,Kalimantan Selatan,4372.1,118,RS Ibu dan Anak Paradise,Rumah Sakit Khusus Ibu dan Anak,C,50,18,50,SWASTA/LAINNYA,Non BLU/BLUD,Tanah Bumbu,"RSIA Paradise Jl. Ins-Gub No. 267 RT. 006 RW.002 Kel Kampung Baru, Kec Simpang Empat, Kabupaten Tanah Bumbu, Provinsi Kalimantan Selatan, Kode pos 72212"
6310015,Kalimantan Selatan,4372.1,118,RS Umum Daerah dr. H. Andi Abdurrahman Noor,Rumah Sakit Umum,B,170,47,671,Pemkab,BLUD,Tanah Bumbu,"Jl. HM. Amin KM. 10 RT. 03, Desa Sepunggur, Kec. Kusan Tengah, Kab.Tanah Bumbu, Kal.Sel."
6310018,Kalimantan Selatan,4372.1,118,RS Marina Permata,Rumah Sakit Umum,C,125,40,186,SWASTA/LAINNYA,Non BLU/BLUD,Tanah Bumbu,"Jl.Kodeco KM 4, Desa Sarigadung Kec. Simpang Empat Kab. Tanah Bumbu."
6301016,Kalimantan Selatan,4372.1,118,RS Ibu dan Anak Ibunda,Rumah Sakit Khusus Ibu dan Anak,C,40,14,48,Perorangan,Non BLU/BLUD,Tanah Laut,Jl. A. Syairani RT 04 RW 2 Kel. Sarang Halang Kec. Pelaihari Kabupaten Tanah Laut
6301015,Kalimantan Selatan,4372.1,118,RS Borneo Citra Medika,Rumah Sakit Umum,C,156,34,229,SWASTA/LAINNYA,Non BLU/BLUD,Tanah Laut,Jl A. Yani RT 7B RW 03 Kel. Angsau Kec. Pelaihari
6301013,Kalimantan Selatan,4372.1,118,RS Umum Daerah H. Boejasin Pelaihari,Rumah Sakit Umum,C,185,43,503,Pemkab,BLUD,Tanah Laut,Jl. A. Yani Km 68 Rt.006 Rw.003 Kel. Sarang Harang Kec. Pelaihari
6301020,Kalimantan Selatan,4372.1,118,RS Umum Daerah KH. Mansyur,Rumah Sakit Umum,D,87,23,131,Pemkab,BLUD,Tanah Laut,JL. Pusaka RT. 01 RW. 01 - Desa Kintap Kec. Kintap Kabupaten Tanah Laut https://maps.app.goo.gl/xHgNMASPwKjwBE2KA
6305010,Kalimantan Selatan,4372.1,118,RS Umum Daerah Datu Sanggul Rantau,Rumah Sakit Umum,C,100,43,421,Pemkab,BLUD,Tapin,Jl. Tarantang RT 13 RW 04 Kel. Bitahan Kec. Lokpaikat Rantau Kalimantan Selatan 71154 
6305011,Kalimantan Selatan,4372.1,118,RS Umum Handayati,Rumah Sakit Umum,D,53,32,45,SWASTA/LAINNYA,Non BLU/BLUD,Tapin,Jl. H. Isbat RT 09 Kel. Kupang Kec. Tapin Utara
6204016,Kalimantan Tengah,2879.5,19,RS Umum Daerah Jaraga Sasameh,Rumah Sakit Umum,C,147,33,313,Pemkab,BLUD,Barito Selatan,Jl. Patianom Nomor 6 Buntok Kode Pos.737112 Kalimantan Tengah Telepon (0525) 21261 Faksimile (0525) 
6212020,Kalimantan Tengah,2879.5,19,RS Umum Daerah Tamiang Layang,Rumah Sakit Umum,C,122,61,304,Pemkab,BLUD,Barito Timur,Jl. Nansarunai Tamiang Layang No. 62 Kecamatan Dusun Timur  Kabupaten Barito Timur Provinsi Kalimantan Tengah 
6205011,Kalimantan Tengah,2879.5,19,RS Umum Daerah Muara Teweh,Rumah Sakit Umum,C,147,30,455,Pemkab,BLUD,Barito Utara,"   Jl. Yetro Sinseng Muara Teweh No. 2 Muara Teweh, Kelurahan Lanjas, Kecamatan Teweh Tengah, Kabupaten Barito Utara, Provinsi Kalimantan Tengah"
6211026,Kalimantan Tengah,2879.5,19,RS Umum Daerah Kuala Kurun,Rumah Sakit Umum,C,96,28,283,Pemkab,BLUD,Gunung Mas,Jl. Jend. A. Yani No. 43 Kuala Kurun Kab. Gunung Mas
6211016,Kalimantan Tengah,2879.5,19,RS Pratama Tumbang Talaken,Rumah Sakit Umum,D PRATAMA,,7,,Pemkab,Non BLU/BLUD,Gunung Mas,"Jl. L. I. Nuhan. Tumbang Talaken, Kelurahan Tumbang Talaken, Kecamatan Manuhing, Kabupaten Gunung Mas, Provinsi Kalimantan Tengah Kode pos 74562"
6203015,Kalimantan Tengah,2879.5,19,RS Umum Daerah Dr. H. Soemarno Sosroaatmojo,Rumah Sakit Umum,C,175,32,568,Pemkab,BLUD,Kapuas,Jl. Tambun Bungai  No. 16 Kuala Kapuas
6209024,Kalimantan Tengah,2879.5,19,RS Umum Daerah  Mas Amsyar Kasongan,Rumah Sakit Umum,C,117,30,148,Pemkab,BLUD,Katingan," Jl. Tjilik Riwut No.1,Kasongan, Kelurahan Kasongan Lama, Kecamatan Katingan Hilir, Kabupaten Katingan, Provinsi Kalimantan Tengah"
6209035,Kalimantan Tengah,2879.5,19,RS Pratama Tumbang Samba,Rumah Sakit Umum,D PRATAMA,40,4,,Pemkab,Non BLU/BLUD,Katingan,Jl. Tumbang Samba Pundu KM. 2.5 Katingan Tengah
6271031,Kalimantan Tengah,2879.5,19,RS Ibu dan Anak Bunda Palangkaraya,Rumah Sakit Khusus Ibu dan Anak,C,76,17,33,SWASTA/LAINNYA,Non BLU/BLUD,Kota Palangka Raya,Jl. George Obos No. 29 RT. 004 RW.002 Kelurahan Menteng Kecamatan Jekan Raya Kota Palangka Raya Provinsi Kalimantan Tengah
6271028,Kalimantan Tengah,2879.5,19,RS Ibu dan Anak Yasmin Palangka Raya,Rumah Sakit Khusus Ibu dan Anak,C,45,26,81,SWASTA/LAINNYA,Non BLU/BLUD,Kota Palangka Raya,"Jl. Tjilik Riwut Km. 1,5 No. 04 RT. 004 RW. 004 Kelurahan Palangka, Kecamatan Jekan Raya, Kota Palangka Raya, Provinsi Kalimantan Tengah 73112"
6271012,Kalimantan Tengah,2879.5,19,RS Umum Daerah Dr. Doris Sylvanus Palangka Raya,Rumah Sakit Umum,B,365,55,1372,Pemprop,BLUD,Kota Palangka Raya,Jl. Tambun Bungai No.4 Palangkaraya
6271029,Kalimantan Tengah,2879.5,19,RS Permata Hati,Rumah Sakit Umum,C,51,37,138,SWASTA/LAINNYA,Non BLU/BLUD,Kota Palangka Raya,Jl. Beliang No.21 RT 001 RW 022 Kelurahan Palangka Kecamatan Jekan Raya Kota Palangka Raya Provinsi Kalimantan Tengah 73112
6271030,Kalimantan Tengah,2879.5,19,RS Siloam Palangka Raya,Rumah Sakit Umum,C,102,51,190,Perusahaan,Non BLU/BLUD,Kota Palangka Raya,Jl. RTA Milono KM. 4 No. 425
6271027,Kalimantan Tengah,2879.5,19,RS Primaya Betang Pambelum,Rumah Sakit Umum,C,116,58,255,Perusahaan,Non BLU/BLUD,Kota Palangka Raya,Jl. Tjilik Riwut Km 6.5 RT. 002 RW. 011
6271025,Kalimantan Tengah,2879.5,19,RS Bhayangkara Palangka Raya,Rumah Sakit Umum,C,101,68,199,POLRI,BLU,Kota Palangka Raya,Jl. Ahmad Yani No. 22
6271026,Kalimantan Tengah,2879.5,19,RS Umum Daerah Palangka Raya,Rumah Sakit Umum,C,107,27,360,Pemkot,BLUD,Kota Palangka Raya,"Jl. Mahir Mahar Km. 18.5 Kel. Kalampangan, Kec. Sebangau, Kota Palangka Raya,  Provinsi Kalimantan Tengah"
6271024,Kalimantan Tengah,2879.5,19,RS Islam PKU Muhammadiyah Palangka Raya,Rumah Sakit Umum,C,104,39,261,Organisasi Islam ,Non BLU/BLUD,Kota Palangka Raya,"Jl. RTA. Milono KM. 2,5, Desa/Kelurahan Menteng, Kec. Jekan Raya, Kota Palangka Raya, Provinsi Kalimantan Tengah, Kode Pos : 73112"
6271023,Kalimantan Tengah,2879.5,19,RS Tk. IV Palangkaraya,Rumah Sakit Umum,D,60,28,50,TNI AD,Non BLU/BLUD,Kota Palangka Raya,   Jl. Diponegoro No.55 Palangkaraya Kalteng
6271080,Kalimantan Tengah,2879.5,19,RS Advent Palangkaraya,Rumah Sakit Umum,D,51,47,,SWASTA/LAINNYA,Non BLU/BLUD,Kota Palangka Raya,Jl. Diponegoro No. 24/26 Kel. Langkai Kec. Pahandut Kota Palangkaraya
6201012,Kalimantan Tengah,2879.5,19,RS Umum Daerah Sultan Imanuddin,Rumah Sakit Umum,B,235,119,254,Pemkab,BLUD,Kotawaringin Barat,"Jl. Sutan Syahrir No 17  Kelurahan Madurejo, Kecamatan Arut Selatan"
6201013,Kalimantan Tengah,2879.5,19,RS Citra Husada Pangkalan Bun,Rumah Sakit Umum,D,52,46,48,Perusahaan,Non BLU/BLUD,Kotawaringin Barat,"Jl. Malijo No.RT.14, Madurejo, Kec. Arut Sel., Kabupaten Kotawaringin Barat, Kalimantan Tengah 74181"
6201016,Kalimantan Tengah,2879.5,19,RS Umum Harapan Insani,Rumah Sakit Umum,D,54,29,99,SWASTA/LAINNYA,Non BLU/BLUD,Kotawaringin Barat,Jl. Iskandar No. 88 RT. 07 Kelurahan Madurejo Kecamatan Arut Selatan Kabupaten Kotawaringin Barat Provinsi Kalimantan Tengah
6201027,Kalimantan Tengah,2879.5,19,RS Umum Daerah Kutaringin,Rumah Sakit Umum,D PRATAMA,30,16,,Pemkab,Non BLU/BLUD,Kotawaringin Barat,"Jl. Danau Gatal, Diung, RT 007, Kel. Kotawaringin Hulu"
6202013,Kalimantan Tengah,2879.5,19,RS Umum Daerah Dr Murjani Sampit,Rumah Sakit Umum,B,302,89,695,Pemkab,BLUD,Kotawaringin Timur,  Jl. H M Arsyad No. 65 Sampit
6202025,Kalimantan Tengah,2879.5,19,RS Kelas D Pratama Parenggean,Rumah Sakit Umum,D PRATAMA,,10,38,Pemkab,BLUD,Kotawaringin Timur,"Jl. Lesa  No. 39 RT 001 / RW 001, Desa Bajarau, Kecamatan Parenggean Kabupaten Kotawaringin Timur Kalimantan Tengah"
6207012,Kalimantan Tengah,2879.5,19,RS Umum Daerah Kabupaten Lamandau,Rumah Sakit Umum,C,150,23,193,Pemkab,BLUD,Lamandau,"Jl. Trans Kalimantan KM.04, Desa Kujan, Kec. Bulik"
6213022,Kalimantan Tengah,2879.5,19,RS Umum Daerah Puruk Cahu,Rumah Sakit Umum,C,155,35,344,Pemkab,BLUD,Murung Raya,"Jl. A. Yani No. 01, Puruk Cahu"
6271068,Kalimantan Tengah,2879.5,19,RS Jiwa Kalawa Atei,Rumah Sakit Khusus Jiwa,B,84,36,87,Pemprop,BLUD,Pulang Pisau,Jl. Trans P. Raya - Kuala Kurun KM. 16 Desa Bukit Rawi
6210015,Kalimantan Tengah,2879.5,19,RS Umum Daerah Pulang Pisau,Rumah Sakit Umum,C,145,19,193,Pemkab,BLUD,Pulang Pisau,Jl. W.A.D Duha Komplek Perkantoran Kab. Pulang Pisau  Provinsi Kalimantan Tengah
6208013,Kalimantan Tengah,2879.5,19,RS Umum Daerah Hanau,Rumah Sakit Umum,C,101,21,237,Pemprop,BLUD,Seruyan,Jl. Sampit Pangkalan Bun Km.142 Pembuang Hulu kec. Hanau Kab. Seruyan Provinsi Kalimantan Tengah
6208014,Kalimantan Tengah,2879.5,19,RS Umum Daerah Kuala Pembuang,Rumah Sakit Umum,C,105,43,337,Pemkab,BLUD,Seruyan,"Jl. A. Yani No.30 Kelurahan Kuala Pembuang Satu, Kecamatan Seruyan Hilir, Kabupaten Seruyan, Provinsi Kalimantan Tengah"
6207033,Kalimantan Tengah,2879.5,19,RS Umum Daerah Sukamara,Rumah Sakit Umum,C,104,32,334,Pemkab,BLUD,Sukamara," Jl. Tjilik Riwut Km 5,5 Nomor 35 Sukamara   "
6405011,Kalimantan Timur,4478.4,35,RS Umum Daerah Dr. Abdul Rivai,Rumah Sakit Umum,C,261,49,689,Pemkab,BLUD,Berau,Jl. Pulau Panjang No.276 Tanjung Redeb
6405012,Kalimantan Timur,4478.4,35,RS Umum Daerah Talisayan,Rumah Sakit Umum,D,67,21,131,Pemkab,Non BLU/BLUD,Berau,"Jl. Sultan Hasanuddin Poros Talisayan Kode Pos 77321, Kecamatan Talisayan, Kabupaten Berau"
6471074,Kalimantan Timur,4478.4,35,RS Medika Utama Permata,Rumah Sakit Khusus Ibu dan Anak,C,42,20,77,SWASTA/LAINNYA,Non BLU/BLUD,Kota Balikpapan,"Jl. Imam Bonjol no. 01, Balikpapan "
6471085,Kalimantan Timur,4478.4,35,RS Ibu Anak Asih  Balikpapan,Rumah Sakit Khusus Ibu dan Anak,C,42,14,79,Perusahaan,Non BLU/BLUD,Kota Balikpapan,Jl. Sepinggan Baru No. 104 Kel. Sepinggan Kec. Balikpapan Selatan.
6471062,Kalimantan Timur,4478.4,35,RS Ibu dan Anak Sayang Ibu,Rumah Sakit Khusus Ibu dan Anak,C,41,10,160,Pemkot,BLUD,Kota Balikpapan,Jl. Wain No.33 Kebun Sayur Kel.Baru Ilir Kec.Balikpapan Barat Kota Balikpapan Provinsi Kalimantan Timur Kode Pos 76131
6471082,Kalimantan Timur,4478.4,35,RS Khusus Mata SMEC Balikpapan,Rumah Sakit Khusus Mata,C,18,1,54,Perusahaan,Non BLU/BLUD,Kota Balikpapan,"Ruko Sentra Eropa Blok AA-2B No. 16, Kelurahan Damai Baru, Kecamatan Balikpapan Selatan"
6471014,Kalimantan Timur,4478.4,35,RS Umum Daerah Dr. Kanujoso Djatiwibowo,Rumah Sakit Umum,A,574,61,1273,Pemprop,BLUD,Kota Balikpapan,"Jl. MT Haryono No.656, Batu Ampar, Kec. Balikpapan Utara, Kota Balikpapan, Kalimantan Timur 76115"
6471075,Kalimantan Timur,4478.4,35,RS Siloam Hospitals Balikpapan,Rumah Sakit Umum,B,205,85,397,SWASTA/LAINNYA,Non BLU/BLUD,Kota Balikpapan,JL. MT. Haryono Dalam No. 23
6471086,Kalimantan Timur,4478.4,35,RS Hermina Balikpapan,Rumah Sakit Umum,C,131,70,228,SWASTA/LAINNYA,Non BLU/BLUD,Kota Balikpapan,"Jl. MT Haryono No 45 Kelurahan Sepinggan Baru, Kecamatan Balikpapan Selatan, Kota Balikpapan"
6471036,Kalimantan Timur,4478.4,35,RS Tk. II Dr. R. Hardjanto,Rumah Sakit Umum,C,144,66,550,TNI AD,BLU,Kota Balikpapan,Jl. Tanjungpura I Balikpapan
6471073,Kalimantan Timur,4478.4,35,RS Bhayangkara Balikpapan,Rumah Sakit Umum,C,141,47,297,POLRI,BLU,Kota Balikpapan,"Jl. Jend Sudirman No. 14 Kel Prapatan, Kec Balikpapan Kota, kota Balikpapan, Provinsi Kalimantan Timur"
6471025,Kalimantan Timur,4478.4,35,RS Pertamina Balikpapan,Rumah Sakit Umum,C,180,55,310,BUMN,Non BLU/BLUD,Kota Balikpapan,Jl. Jend Sudirman Balikpapan No.1
6471051,Kalimantan Timur,4478.4,35,RS Restu Ibu,Rumah Sakit Umum,C,166,76,216,SWASTA/LAINNYA,Non BLU/BLUD,Kota Balikpapan,Jl. Jend A.Yani No. 12 Balikpapan Kalimantan Timur
6471079,Kalimantan Timur,4478.4,35,RS Umum Daerah Beriman,Rumah Sakit Umum,C,147,46,423,Pemkot,BLUD,Kota Balikpapan,"Jalan Mayjend Sutoyo No. 30 RT. 01 Kel. Gunung Sari Ulu, Kec. Balikpapan Tengah, Kota Balikpapan, Provinsi Kalimantan Timur"
6471078,Kalimantan Timur,4478.4,35,RS Umum Tk. IV  Lanud Balikpapan,Rumah Sakit Umum,D,69,20,36,TNI AU,Non BLU/BLUD,Kota Balikpapan,"Jl. Mulawarman No.RT. 31, Sepinggan, Kecamatan Balikpapan Selatan, Kota Balikpapan, Kalimantan Timur 76115"
6471077,Kalimantan Timur,4478.4,35,RS Umum Balikpapan Baru,Rumah Sakit Umum,D,57,29,112,SWASTA/LAINNYA,Non BLU/BLUD,Kota Balikpapan,Jl. MT.Haryono Komplek Perumahan Balikpapan Baru Blok A.3A No.7-9
6471087,Kalimantan Timur,4478.4,35,RS Medika Utama Manggar,Rumah Sakit Umum,D,50,15,29,Perusahaan,Non BLU/BLUD,Kota Balikpapan,Jl. Mulawarman No. 24 RT. 51 Manggar Baru Balikpapan Timur
6474032,Kalimantan Timur,4478.4,35,RS Umum Daerah Taman Husada Bontang,Rumah Sakit Umum,B,200,112,598,Pemkot,BLUD,Kota Bontang,Jl. Let. Jend. S. Parman No.1 RT.49 Kel. Belimbing Kec. Bontang Barat Kota Bontang Prov. Kalimantan Timur Kode Pos 75313
6474021,Kalimantan Timur,4478.4,35,RS Pupuk Kaltim,Rumah Sakit Umum,C,100,47,465,SWASTA/LAINNYA,Non BLU/BLUD,Kota Bontang, Jl. Oksigen No.01 Komplek PT Kalimantan Timur Kelurahan Guntung Kecamatan Bontang Utara
6474034,Kalimantan Timur,4478.4,35,RS Islam Bontang,Rumah Sakit Umum,C,99,32,170,SWASTA/LAINNYA,Non BLU/BLUD,Kota Bontang,Jl. Brigjen Katamso No.40
6474033,Kalimantan Timur,4478.4,35,RS Amalia Bontang,Rumah Sakit Umum,D,65,27,257,SWASTA/LAINNYA,Non BLU/BLUD,Kota Bontang, Jl. R. Soeprapto No. 22 Bontang - Kalimantan Timur
6474010,Kalimantan Timur,4478.4,35,RS LNG Badak,Rumah Sakit Umum,D,51,27,71,SWASTA/LAINNYA,Non BLU/BLUD,Kota Bontang,"Jl. Raya Kutai Komplek PT BADAK NGL NO: 1 RT: 10 Kelurahan Satimpo Kecamatan Bontang Selatan. Kota Bontang, Provinsi Kalimantan Timur,  Kode pos 75324"
6472121,Kalimantan Timur,4478.4,35,RS Khusus Ibu dan Anak Qurrata A'yun,Rumah Sakit Khusus Ibu dan Anak,C,28,14,37,SWASTA/LAINNYA,Non BLU/BLUD,Kota Samarinda,"Jl. DI Panjaitan No.77, Mugirejo, Kec. Sungai Pinang, Kota Samarinda, Kalimantan Timur 75117"
6472143,Kalimantan Timur,4478.4,35,RS Ibu dan Anak Jimmy Medika Borneo,Rumah Sakit Khusus Ibu dan Anak,C,31,25,2,Perusahaan,Non BLU/BLUD,Kota Samarinda,"Jl. Pangeran Hidayatullah No. 11 kelurahan Pelabuhan, Kecamatan Samarinda Kota, Kota Samarinda"
6472052,Kalimantan Timur,4478.4,35,RS Ibu dan Anak  Aisyiyah Samarinda,Rumah Sakit Khusus Ibu dan Anak,C,38,5,60,Organisasi Sosial,Non BLU/BLUD,Kota Samarinda,"Jl. P. Hidayatullah No. 64 Kel. Pelabuhan Kec. Samarinda Kota, Kota Samarinda, Provinsi Kalimantan Timur"
6472063,Kalimantan Timur,4478.4,35,RS Jiwa Atma Husada Mahakam,Rumah Sakit Khusus Jiwa,A,200,24,398,Pemprop,BLUD,Kota Samarinda,Jl. Kakap No.23 Samarinda
6472131,Kalimantan Timur,4478.4,35,RS Mata Provinsi Kalimantan Timur,Rumah Sakit Khusus Mata,C,19,22,,Pemprop,BLUD,Kota Samarinda,"Jalan Muhammad Yamin No. 04 RT. 019, Kelurahan Gunung Kelua Kecamatan Samarinda Ulu, Kota Samarinda Kalimantan Timur"
6472015,Kalimantan Timur,4478.4,35,RS Umum Daerah Abdul Wahab Sjahranie,Rumah Sakit Umum,A,572,61,2285,Pemprop,BLUD,Kota Samarinda,"Jalan Palang Merah Indonesia Nomor 1, Sidodadi, Samarinda Ulu"
6472107,Kalimantan Timur,4478.4,35,RS Umum Haji Darjad,Rumah Sakit Umum,C,134,27,151,SWASTA/LAINNYA,Non BLU/BLUD,Kota Samarinda,"J.l Dahlia No.4,Samarinda"
6472118,Kalimantan Timur,4478.4,35,RS Umum Daerah Inche Abdoel Moeis,Rumah Sakit Umum,C,134,41,231,Pemkot,BLUD,Kota Samarinda,"Jl. H.A.M.M Rifaddin No. 1 , Kelurahan Harapan Baru, Kecamatan Loa Janan Ilir, Kota Samarinda, Provinsi Kalimantan Timur"
6472124,Kalimantan Timur,4478.4,35,RS Siaga Al-Munawwarah Samarinda,Rumah Sakit Umum,C,70,41,105,Perusahaan,Non BLU/BLUD,Kota Samarinda,Jl.  Ramania No. 3 - Kelurahan Sidodadi - Samarinda Ulu - Kota Samarinda - Kalimantan Timur
6472030,Kalimantan Timur,4478.4,35,RS Umum Dirgahayu,Rumah Sakit Umum,C,230,57,662,Organisasi Sosial,Non BLU/BLUD,Kota Samarinda,Jl. Gn. Merbabu No.62 Samarinda
6472130,Kalimantan Timur,4478.4,35,RS Hermina Samarinda,Rumah Sakit Umum,C,167,127,249,Perusahaan,Non BLU/BLUD,Kota Samarinda,Jl.Teuku Umar Kelurahan Karang Asam Kecamatan Sungai Kunjang
6472123,Kalimantan Timur,4478.4,35,RS Samarinda Medika Citra,Rumah Sakit Umum,C,182,46,524,Perusahaan,Non BLU/BLUD,Kota Samarinda,Jl. Kadrie Oening No 85  RT 35 Samarinda 751234
6472096,Kalimantan Timur,4478.4,35,RS Umum Bhakti Nugraha,Rumah Sakit Umum,D,62,13,74,Organisasi Sosial,Non BLU/BLUD,Kota Samarinda,"Jl. Basuki Rachmat No. 50,  kel. Bugis, kec. Samarinda kota, Kota Samarinda, Kalimantan Timur, Indonesia 75111"
6472128,Kalimantan Timur,4478.4,35,RS Umum Daerah KORPRI Provinsi Kalimantan Timur,Rumah Sakit Umum,D,21,25,111,Pemprop,BLUD,Kota Samarinda,"Jl. Kesuma Bangsa No. 1B RT 18, Sungai Pinang Luar,Kec .Samarinda Kota,Kota Samarinda, Kalimantan Timur 75242"
6472041,Kalimantan Timur,4478.4,35,RS Umum Tk. IV Samarinda,Rumah Sakit Umum,D,54,87,169,TNI AD,Non BLU/BLUD,Kota Samarinda,  Jl. Jend. Sudirman no.52 Samarinda
6402041,Kalimantan Timur,4478.4,35,RS Umum Daerah Harapan Insan Sendawar,Rumah Sakit Umum,C,177,37,604,Pemkab,BLUD,Kutai Barat,"Jl. Hasanudin N0.100, Sekolaq Joleq, Kecamatan Sekolaq Darat, Kabupaten Kutai Barat, Kalimantan Timur 75777"
6402053,Kalimantan Timur,4478.4,35,RS Santa Familia,Rumah Sakit Umum,D,48,27,38,SWASTA/LAINNYA,Non BLU/BLUD,Kutai Barat,"Jl. Senopati RT. XIV Busur, Kel. Barong Tongkok, KEc. Barong"
6402064,Kalimantan Timur,4478.4,35,RS Umum Daerah Pratama Sendawar,Rumah Sakit Umum,D PRATAMA,50,15,,Pemkab,BLUD,Kutai Barat,"Jl. Sengkereaq Ingkih RT. 002, Kampung Linggang Bigung, Kec. Linggang Bigung"
6403015,Kalimantan Timur,4478.4,35,RS Umum Daerah Aji Muhammad Parikesit,Rumah Sakit Umum,B,281,101,966,Pemkab,BLUD,Kutai Kartanegara,Jl. Ratu Agung No. 1 Kecamatan Tenggarong Seberang  Kabupaten Kutai Kartanegara Propinsi Kalimantan Timur
6403052,Kalimantan Timur,4478.4,35,RS Umum Daerah Aji Batara Agung Dewa Sakti,Rumah Sakit Umum,C,116,58,298,Pemkab,BLUD,Kutai Kartanegara,"Jl Balikpapan - Handil II, RT 01 Kelurahan Sungai Seluang , Kecamatan Samboja, Kabupaten Kutai Kartanegara, Provinsi Kalimantan Timur 75271"
6403017,Kalimantan Timur,4478.4,35,RS Umum Daerah Dayaku Raja,Rumah Sakit Umum,D,80,9,369,Pemkab,BLUD,Kutai Kartanegara,"Jl. Poros Kota Bangun - Tenggarong KM.5 RT. 001 No. 69 Desa Liang, Kec. Kota Bangun, Kab. Kutai Kartanegara, Provinsi Kalimantan Timur Kode Pos 75561"
6404045,Kalimantan Timur,4478.4,35,RS Ibu Anak Cahaya Sangatta,Rumah Sakit Khusus Ibu dan Anak,C,41,26,69,SWASTA/LAINNYA,Non BLU/BLUD,Kutai Timur,Jl. Yos Sudarso III No. 77 Teluk Lingga Sangatta
6404047,Kalimantan Timur,4478.4,35,RS Ibu Anak Asy Syifa,Rumah Sakit Khusus Ibu dan Anak,C,23,18,30,SWASTA/LAINNYA,Non BLU/BLUD,Kutai Timur,Jl. Yos Sudarso II No. 82 - 83 Sangatta Kec.Sangatta UtaraKab.Kutai timur Kalimantan Timur 
6404032,Kalimantan Timur,4478.4,35,RS Umum Daerah Kudungga,Rumah Sakit Umum,B,189,39,523,Pemkab,BLUD,Kutai Timur,"Jl. Soekarno Hatta No.1, Kecamatan : Sangatta Utara Kabupaten Kutai Timur, Provinsi Kalimatan Timur"
6404044,Kalimantan Timur,4478.4,35,RS Pupuk Kaltim Prima Sangata,Rumah Sakit Umum,D,60,30,175,SWASTA/LAINNYA,Non BLU/BLUD,Kutai Timur,Jl. Yos Sudarso I No.01
6404051,Kalimantan Timur,4478.4,35,RS Umum Daerah Sangkulirang,Rumah Sakit Umum,D,55,22,139,Pemkab,BLUD,Kutai Timur,"Jl. Wana Bhakti, Desa Benua Baru Ulu, Kec. Sangkulirang, Kab. Kutai Timur"
6404046,Kalimantan Timur,4478.4,35,RS Umum Medika Sangatta,Rumah Sakit Umum,D,155,39,381,SWASTA/LAINNYA,Non BLU/BLUD,Kutai Timur,"Jl. Yos Sudarso IV No. 1, Sangatta"
6404054,Kalimantan Timur,4478.4,35,RS Pelita Kasih,Rumah Sakit Umum,D,29,16,61,Perusahaan,Non BLU/BLUD,Kutai Timur,Jl. Yos Sudarso IV No. 9 Sangatta
6404066,Kalimantan Timur,4478.4,35,RS Santa Elisabeth Bengalon,Rumah Sakit Umum,D,59,28,,Organisasi Katholik,Non BLU/BLUD,Kutai Timur,Jl. Mulawarman RT. 23 Desa Sepaso Kec. Bengalon Kab. Kutai Timur
6404065,Kalimantan Timur,4478.4,35,RS Umum Daerah Muara Bengkal,Rumah Sakit Umum,D,50,10,,Pemkab,Non BLU/BLUD,Kutai Timur,Jl. Poros Muara Bengkal RT. 16 Desa Benua Baru Kec. Muara Bengkal  Kab. Kutai Timur
6404043,Kalimantan Timur,4478.4,35,RS Umum Meloy,Rumah Sakit Umum,D,97,32,90,SWASTA/LAINNYA,Non BLU/BLUD,Kutai Timur,"Jl. Yos Sudarso II, No.101, Sangatta Kabupaten Kutai Timur Kalimantan Timur"
6411001,Kalimantan Timur,4478.4,35,RS Gerbang Sehat Mahulu,Rumah Sakit Umum,D PRATAMA,62,16,198,Pemkab,Non BLU/BLUD,Mahakam Hulu,Ujoh Bilang Kec. Long Bagun Kab. Mahakam Ulu
6401014,Kalimantan Timur,4478.4,35,RS Umum Daerah Panglima Sebaya,Rumah Sakit Umum,B,281,50,699,Pemkab,BLUD,Paser,Jl. Kusuma Bangsa KM.5 Tanah Grogot
6409049,Kalimantan Timur,4478.4,35,RS Hermina Nusantara,Rumah Sakit Umum,Belum Ditetapkan,,31,,SWASTA/LAINNYA,Non BLU/BLUD,Penajam Paser Utara,"Kawasan Inti Pusat Pemerintahan, Kelurahan Sepaku, Sepaku, Nusantara"
6409036,Kalimantan Timur,4478.4,35,RS Umum Daerah Ratu Aji Putri Botung,Rumah Sakit Umum,C,107,33,312,Pemkab,BLUD,Penajam Paser Utara,Jl Propinsi KM 9 Kab. Penajam Paser Utara
6409047,Kalimantan Timur,4478.4,35,RS Umum Daerah Sepaku Tipe D,Rumah Sakit Umum,D,52,17,,Pemkab,Non BLU/BLUD,Penajam Paser Utara,Jl. Negara KM.38 Desa Sukaraja Kec. Sepaku 76148
6404021,Kalimantan Utara,758.8,11,RS Umum Daerah Tanjung Selor,Rumah Sakit Umum,C,303,45,344,Pemkab,BLUD,Bulungan,"Jl. Cenderawasih No. 3 Tanjung Harapan, Kel. Tanjung Selor Hilir Kec. Tanjung Selor"
6502011,Kalimantan Utara,758.8,11,RST Tk. IV Abdul Rais Fatah Tanjung Selor,Rumah Sakit Umum,D,66,20,,TNI AD,Non BLU/BLUD,Bulungan,"Jl. Semangka RT 022/RW 008, Kel. Tanjung Selor Hilir, Kec. Tanjung Selor"
6473016,Kalimantan Utara,758.8,11,RS Umum Daerah dr.H. Jusuf SK,Rumah Sakit Umum,B,343,44,1199,Pemprop,BLUD,Kota Tarakan,Jl P. Irian No. 01 Skip Tarakan
6571044,Kalimantan Utara,758.8,11,RS Umum Kota Tarakan,Rumah Sakit Umum,C,144,32,366,Pemkot,BLUD,Kota Tarakan,Jl. Aki Babu RT 01 Kelurahan Karang Harapan Kecamatan Tarakan Barat Kota Tarakan Provinsi Kalimantan
6473043,Kalimantan Utara,758.8,11,RS Pertamina Tarakan,Rumah Sakit Umum,C,102,28,186,BUMN,Non BLU/BLUD,Kota Tarakan,Jl. Mulawarman No. 99 RT. 18 Kel. Karang Anyar Pantai Kec. Tarakan Barat
6473042,Kalimantan Utara,758.8,11,RS AL Ilyas Tarakan,Rumah Sakit Umum,D,88,32,74,TNI AL,Non BLU/BLUD,Kota Tarakan,Jl RE. Martadinata No. 29 Kel. Pamusian kec. Tarakan Tengah.Tarakan
6571056,Kalimantan Utara,758.8,11,RS Umum Carsa Tarakan,Rumah Sakit Umum,D,47,25,,SWASTA/LAINNYA,Non BLU/BLUD,Kota Tarakan,Jl. Tiram No. 3 Kel. Sebengkok Tarakan
6571045,Kalimantan Utara,758.8,11,RS Bhayangkara Tarakan,Rumah Sakit Umum,D,71,3,,POLRI,Non BLU/BLUD,Kota Tarakan,Jl. Karya Bersama RT 18 Kel. Juata Laut Kec. Tarakan Utara
6406012,Kalimantan Utara,758.8,11,RS Umum Daerah Kabupaten Malinau ,Rumah Sakit Umum,C,168,46,165,Pemkab,BLUD,Malinau,"Jl. Respen Tubu Sembuak Warod Kec. Malinau Utara  Kab. Malinau Kode Pos (77554), Provinsi Kalimantan Utara Telp/Fax (0553) 2022220 - 2022215"
6408014,Kalimantan Utara,758.8,11,RS Pratama Langap,Rumah Sakit Umum,D PRATAMA,10,9,23,Pemkab,Non BLU/BLUD,Malinau,Desa Langap Rt. 006 Kec. Malinau Selatan Kab. Malinau Provinsi Kalimantan Utara
6501013,Kalimantan Utara,758.8,11,RS Pratama Long Ampung,Rumah Sakit Umum,D PRATAMA,20,4,17,Pemkab,Non BLU/BLUD,Malinau,"Jl. Batu Aloq Desa Long Ampung  RT 3, Kecamatan Kayan Selatan"
6408025,Kalimantan Utara,758.8,11,RS Umum Daerah Kabupaten Nunukan,Rumah Sakit Umum,C,245,71,284,Pemkab,BLUD,Nunukan,Jl. Ujang Fatimah RT.04 Nunukan Barat
6504038,Kalimantan Utara,758.8,11,RS Pratama Sebuku,Rumah Sakit Umum,D PRATAMA,14,15,,Pemkab,Non BLU/BLUD,Nunukan,Jl. Trans Lumbis Desa Pembeliangan RT. 3 Kec. Sebuku Kab. Nunukan
6504027,Kalimantan Utara,758.8,11,RS Pratama Sebatik,Rumah Sakit Umum,D PRATAMA,50,11,50,Pemkab,Non BLU/BLUD,Nunukan,Jl. Padaelo RT. 08 Desa Tanjung Karang Kecamatan Sebatik kabupaten Nunukan Propinsi Kalimantan Utara Kode Pos 77483
6504039,Kalimantan Utara,758.8,11,RS Pratama Krayan,Rumah Sakit Umum,D PRATAMA,17,5,,Pemkab,Non BLU/BLUD,Nunukan,Desa Pa' Mering
6503002,Kalimantan Utara,758.8,11,RS Umum Daerah Akhmad Berahim,Rumah Sakit Umum,D,56,16,55,Pemkab,BLUD,Tana Tidung,"Jl. Padat Karya RT.01 RW.01, Desa Tideng Pale Timur Kecamatan Sesayap Kabupaten Tana Tidung Provinsi Kalimantan Utara 77152"
6503013,Kalimantan Utara,758.8,11,RS Kelas D Pratama Tanjung Keramat,Rumah Sakit Umum,D PRATAMA,42,10,,Pemkab,Non BLU/BLUD,Tana Tidung,"Jl. Poros  Rt.001 Desa Sambungan Selatan Kecamatan Tana Lia, Kabupaten .Tana Tidung, Provinsi Kalimantan Utara"
1901020,Kepulauan Bangka Belitung,1569.7,94,RS Jiwa Daerah dr. Samsi Jacobalis,Rumah Sakit Khusus Jiwa,B,149,21,,Pemprop,BLUD,Bangka,Jl. Jend Sudirman No. 345 Kel. Parit Padang Kec. Sungai Liat 
1901043,Kepulauan Bangka Belitung,1569.7,94,RS Umum Daerah Dr. (HC) Ir. Soekarno,Rumah Sakit Umum,B,212,74,767,Pemprop,BLUD,Bangka,Jl. Zipur Desa Air Anyir Kec. Merawang
1901016,Kepulauan Bangka Belitung,1569.7,94,RS Umum Daerah Depati Bahrin,Rumah Sakit Umum,C,163,56,645,Pemkab,BLUD,Bangka,"Jl. Jendral Sudirman No.195, Kelurahan Parit Padang Kecamatan Sungailiat Kabupaten Bangka Provinsi Kepulauan Bangka Belitung"
1902042,Kepulauan Bangka Belitung,1569.7,94,RS Umum Arsani,Rumah Sakit Umum,C,105,35,79,SWASTA/LAINNYA,Non BLU/BLUD,Bangka,Jl. Raya Air Kenanga Kec. Sungailiat Kab. Bangka Prov. Kepulauan Bangka Belitung 
1901031,Kepulauan Bangka Belitung,1569.7,94,RS Bakti Timah Sungailiat,Rumah Sakit Umum,C,110,54,331,Perusahaan,Non BLU/BLUD,Bangka,"Jl. Jend. Sudirman No. 03, Kel. Sungailiat Kec. Sungailiat, Kabupaten Bangka 33211 Provinsi Kepulauan Bangka Belitung"
1901044,Kepulauan Bangka Belitung,1569.7,94,RS Umum Daerah DR. Eko Maulana Ali,Rumah Sakit Umum,D,50,26,154,Pemkab,Non BLU/BLUD,Bangka,JL. RAYA BELINYU DUSUN SIMPANG CANGKUM DESA RIDING PANJANG KECAMATAN BELINYU KABUPATEN BANGKA PROVINSI KEPULAUAN BANGKA BELITUNG
1901046,Kepulauan Bangka Belitung,1569.7,94,RS Umum Daerah Sjafrie Rachman Puding Besar,Rumah Sakit Umum,D PRATAMA,32,27,73,Pemkab,BLUD,Bangka,"Jl. Raya Sungailiat - Muntok Desa Puding Besar, Kecamatan Puding Besar Kabupaten Bangka, Provinsi Bangka Belitung"
1903013,Kepulauan Bangka Belitung,1569.7,94,RS Umum Daerah Sejiran Setason,Rumah Sakit Umum,C,130,30,532,Pemkab,BLUD,Bangka Barat,"Jl. Kadur Dalam, Kelurahan Belo Laut, Kecamatan Mentok, Kabupaten Bangka Barat, Propinsi Kepulauan Bangka Belitung"
1903005,Kepulauan Bangka Belitung,1569.7,94,RS Gunung Manik,Rumah Sakit Umum,D,67,6,13,Perusahaan,Non BLU/BLUD,Bangka Barat,"Jl. Raya Air Kuang Desa Puput Kecamatan Parittiga, Kabupaten Bangka Barat, Provinsi Bangka Belitung"
1903002,Kepulauan Bangka Belitung,1569.7,94,RS Umum Bakti Timah Muntok,Rumah Sakit Umum,D,50,22,71,Perusahaan,Non BLU/BLUD,Bangka Barat,Jl. Raya Komplek Unmet Muntok
1905024,Kepulauan Bangka Belitung,1569.7,94,RS Umum Daerah Junjung Besaoh,Rumah Sakit Umum,C,103,27,384,Pemkab,BLUD,Bangka Selatan,"Jl. Raya Gadung Desa Gadung, Kecamatan Toboali, Kabupaten Bangka Selatan, Propinsi Kepulauan Bangka Belitung"
1905026,Kepulauan Bangka Belitung,1569.7,94,RS Umum Daerah Kriopanting Payung,Rumah Sakit Umum,D,53,21,135,Pemkab,BLUD,Bangka Selatan,Jl. Angkap Seruk Desa Payung Kec. Payung
1904013,Kepulauan Bangka Belitung,1569.7,94,RS Umum Daerah Drs. H. Abu Hanifah,Rumah Sakit Umum,C,101,83,412,Pemkab,BLUD,Bangka Tengah,Komplek Perkantoran Terpadu Pemerintah Kabupaten Bangka Tengah Jl. Merdeka By Pass Koba
1904014,Kepulauan Bangka Belitung,1569.7,94,RS Siloam Bangka,Rumah Sakit Umum,C,107,73,187,Perusahaan,Non BLU/BLUD,Bangka Tengah,Jl. Soekarno Hatta KM. 5 Kelurahan Dul Kecamatan Pangkalanbaru
1904016,Kepulauan Bangka Belitung,1569.7,94,RS Bhayangkara Polda Kep. Bangka Belitung,Rumah Sakit Umum,D,72,20,6,POLRI,Non BLU/BLUD,Bangka Tengah,"Jl. Telaga Biru No. 1 Desa Padang Baru, kecamatan Pangkalan Baru, Kabupaten. Bangka Tengah, Provinsi. Kepulauan Bangka Belitung "
1904015,Kepulauan Bangka Belitung,1569.7,94,"RS Umum Daerah Dr. Ir. H. Ibnu Saleh, MM",Rumah Sakit Umum,D PRATAMA,28,23,,Pemkab,BLUD,Bangka Tengah,Jl. Raya Sungkap  Desa Namang Kecamatan Namang  Kabupaten Bangka Tengah Provinsi Kep. Bangka Belitung 33685
1902010,Kepulauan Bangka Belitung,1569.7,94,RS Umum Daerah dr. H. Marsidi Judono,Rumah Sakit Umum,C,177,70,617,Pemkab,BLUD,Belitung,"Jl. Jend. Sudirman Km 5,5 Desa Aik Rayak Tanjungpandan Kabupaten Belitung Provinsi Kepulauan Bangka Belitung"
1902012,Kepulauan Bangka Belitung,1569.7,94,RS Utama,Rumah Sakit Umum,D,66,23,145,Perorangan,Non BLU/BLUD,Belitung,Jl. Jenderal Sudirman KM. 3 RT. 019 RW. 008 Kel. Lesung Batang Tanjungpandan
1902011,Kepulauan Bangka Belitung,1569.7,94,RS Umum Almah,Rumah Sakit Umum,D,50,21,34,SWASTA/LAINNYA,Non BLU/BLUD,Belitung,"Jl. Jend. Sudirman KM. 11 No. 1, Buluh Tumbang, Kec. Tanjung Pandan, Kabupaten Belitung, Kepulauan Bangka Belitung, 33144 "
1906014,Kepulauan Bangka Belitung,1569.7,94,RS Umum Daerah  Muhammad Zein,Rumah Sakit Umum,C,104,35,472,Pemkab,BLUD,Belitung Timur,Jl. Raya Manggar Gantung Desa Padang Kecamatan Manggar
1971003,Kepulauan Bangka Belitung,1569.7,94,RS Ibu dan Anak Muhaya,Rumah Sakit Khusus Ibu dan Anak,C,55,14,72,Perusahaan,Non BLU/BLUD,Kota Pangkal Pinang,Jl.Jend.Sudirman Pangkalpinang Kepulauan Bangka Belitung
1971006,Kepulauan Bangka Belitung,1569.7,94,RS Ibu dan Anak Rona,Rumah Sakit Khusus Ibu dan Anak,C,24,15,48,SWASTA/LAINNYA,Non BLU/BLUD,Kota Pangkal Pinang,Jl. KH. Hasan Basri Sulaiman No. 20 RT. 01 RW. 01 Kel. Gedung Nasional Kec. Taman Sari Pangkalpinang
1971005,Kepulauan Bangka Belitung,1569.7,94,RS Ibu dan Anak Dzakirah,Rumah Sakit Khusus Ibu dan Anak,C,32,12,28,Perusahaan,Non BLU/BLUD,Kota Pangkal Pinang,Jl. Depati Hamzah Kelurahan Bacang Kecamatan Bukit Intan 
1971043,Kepulauan Bangka Belitung,1569.7,94,RS Bakti Timah Pangkalpinang,Rumah Sakit Umum,C,190,83,500,Perusahaan,Non BLU/BLUD,Kota Pangkal Pinang,"Jl. Bukit Baru No.1, Kel.Taman Bunga Kec.Gerunggang Kota Pangkal Pinang Prov.Kep.Bangka Belitung"
1971021,Kepulauan Bangka Belitung,1569.7,94,RS Umum Daerah Depati Hamzah,Rumah Sakit Umum,C,111,98,663,Pemkot,BLUD,Kota Pangkal Pinang,"Jl. Soekarno Hatta,Kota PangkalPinang"
1971002,Kepulauan Bangka Belitung,1569.7,94,RS Primaya Bhakti Wara,Rumah Sakit Umum,C,106,39,93,Perusahaan,Non BLU/BLUD,Kota Pangkal Pinang,JL. Solihin GP No.180 Kel. Gajah Mada Kec.Rangkui
1971004,Kepulauan Bangka Belitung,1569.7,94,RS Kalbu Intan Medika,Rumah Sakit Umum,C,101,44,58,Perusahaan,Non BLU/BLUD,Kota Pangkal Pinang,Jl. Basuki Rachmad Kel. Batu Intan Kec. Girimaya Pangkal Pinang
1971054,Kepulauan Bangka Belitung,1569.7,94,RS Tk. IV Batin Tikal,Rumah Sakit Umum,D,57,2,,TNI AD,Non BLU/BLUD,Kota Pangkal Pinang,Jl. A. Yani No. 155A  Kel. Kejaksaan Kec. Taman Sari
2002010,Kepulauan Riau,2243.1,275,RS Jiwa dan Ketergantungan Obat Engku Haji Daud,Rumah Sakit Khusus Jiwa,B,119,46,168,Pemprop,BLUD,Bintan,"Jl. Indun Suri-Simpang Busung No.1, Tanjung Uban Kepulauan Riau"
2002002,Kepulauan Riau,2243.1,275,RS Umum Daerah  Kabupaten Bintan,Rumah Sakit Umum,C,139,31,159,Pemkab,BLUD,Bintan,Jl. Kesehatan No.1 Kelurahan Kijang Kota - Kecamatan Bintan Timur
2001045,Kepulauan Riau,2243.1,275,RS Umum Bhakti Timah,Rumah Sakit Umum,C,100,47,316,Perusahaan,Non BLU/BLUD,Karimun,"Jl. Canggai Putri, Kel. Teluk Uma, Kec. Tebing"
2001013,Kepulauan Riau,2243.1,275,RS Umum Daerah Muhammad Sani Kabupaten Karimun,Rumah Sakit Umum,C,210,70,543,Pemkab,BLUD,Karimun,"Jl. Soekarno - Hatta No. 1, Kelurahan Harjosari, Kecamatan Tebing, Kabupaten Karimun, Provinsi Kepulauan Riau"
2101003,Kepulauan Riau,2243.1,275,RS Umum Daerah Tanjung Batu Kundur,Rumah Sakit Umum,D PRATAMA,25,21,31,Pemkab,BLUD,Karimun,Jl. Diponegoro No. 1 Tanjung Batu Kota Kecamatan Kundur  Kabupaten Karimun Provinsi Kepulauan Riau
2005002,Kepulauan Riau,2243.1,275,RS Umum Daerah Bergerak Jemaja,Rumah Sakit Umum,D,18,14,85,Pemkab,BLUD,Kepulauan Anambas, Jl. Padang Melang Desa Batu Berapit - Kecamatan Jemaja Kabupaten Kepulauan Anambas Provinsi Kepulauan Riau
2105005,Kepulauan Riau,2243.1,275,RS Umum Daerah Tarempa,Rumah Sakit Umum,D,65,18,68,Pemkab,Non BLU/BLUD,Kepulauan Anambas,"Jl. Imam Bonjol No. 61, Kelurahan Tarempa, Kec. Siantan,  Kabupaten Kepualauan Anambas, Provinsi Kepulauan Riau"
2003125,Kepulauan Riau,2243.1,275,RS Umum Daerah Palmatak,Rumah Sakit Umum,D,50,21,122,Pemkab,BLUD,Kepulauan Anambas,Jalan Datuk Lamin No. 03 rt 9 rw 1 Desa Payalaman Kecamatan Kute Siantan Kabupaten Kepulauan Anambas Provinsi Kepulauan Riau
2071054,Kepulauan Riau,2243.1,275,RS Ibu dan  Anak Griya Medika Batam,Rumah Sakit Khusus Ibu dan Anak,C,29,18,40,Perusahaan,Non BLU/BLUD,Kota Batam,Komp. Mega Indah A-B No.3-4
2071057,Kepulauan Riau,2243.1,275,RS Ibu dan Anak Frisdhy Angel,Rumah Sakit Khusus Ibu dan Anak,C,36,19,61,Perusahaan,Non BLU/BLUD,Kota Batam,Jl. Raden Patah Blok B No. 1-3 Lubuk Baja Kota
2071012,Kepulauan Riau,2243.1,275,RS Umum Budi Kemuliaan Batam,Rumah Sakit Umum,B,200,100,556,Organisasi Sosial,Non BLU/BLUD,Kota Batam,"Jl. Budi Kemuliaan No.1,Batam"
2071114,Kepulauan Riau,2243.1,275,RS Umum Daerah Embung Fatimah Kota Batam,Rumah Sakit Umum,B,227,60,485,Pemkot,BLUD,Kota Batam,Jl. R. Soeprapto. Blok D 1 - 9 Batu Aji Kota Batam 
2071103,Kepulauan Riau,2243.1,275,RS Umum Awal Bros Batam,Rumah Sakit Umum,B,257,112,617,Perusahaan,Non BLU/BLUD,Kota Batam,Jl. Gajah Mada Kav.I Baloi
2071034,Kepulauan Riau,2243.1,275,RS Badan Pengusahaan Batam,Rumah Sakit Umum,B,219,101,417,Kementerian Lain,Non BLU/BLUD,Kota Batam,"Jl. Dr. Cipto Mangunkusumo No.1,  Sekupang,Batam"
2171065,Kepulauan Riau,2243.1,275,RS Hj. Bunda Halimah Batam,Rumah Sakit Umum,B,229,22,53,SWASTA/LAINNYA,Non BLU/BLUD,Kota Batam,Jl. Uniba Bl. A09 Kawasan Uniba Batam Center Kelurahan Belian Kecamatan Batam Kota Provinsi Kepulauan Riau
2071037,Kepulauan Riau,2243.1,275,RS Umum Charis Medika,Rumah Sakit Umum,C,127,20,83,SWASTA/LAINNYA,Non BLU/BLUD,Kota Batam,Jl. R.Suprapto Blok D 1-9
2171078,Kepulauan Riau,2243.1,275,RS Awal Bros Botania,Rumah Sakit Umum,C,118,39,,SWASTA/LAINNYA,Non BLU/BLUD,Kota Batam,"Jl. Raja Ali Kelana, Desa/Kelurahan Belian, Kec. Batam Kota, Kota Batam"
2071053,Kepulauan Riau,2243.1,275,RS Umum Santa Elisabeth Batam Kota,Rumah Sakit Umum,C,125,35,200,Perusahaan,Non BLU/BLUD,Kota Batam,"Jl. Raja Ali Kelana, Belian Batam Kota"
2171062,Kepulauan Riau,2243.1,275,RS Keluarga Husada Batam,Rumah Sakit Umum,C,127,33,42,Perusahaan,Non BLU/BLUD,Kota Batam,Jl. Tengku Sulung Odessa Blok C1 No. 12-16 Kelurahan Belian Kecamatan Batam Kota
2071015,Kepulauan Riau,2243.1,275,RS Umum Santa Elisabeth Batam,Rumah Sakit Umum,C,107,62,283,Organisasi Katholik,Non BLU/BLUD,Kota Batam,Jl. Anggrek Blok II Lubuk Baja
2071050,Kepulauan Riau,2243.1,275,RS Umum Graha Hermine,Rumah Sakit Umum,C,168,40,396,Perusahaan,Non BLU/BLUD,Kota Batam,Komp. Ruko Asih Raya No. 6-15 Batu Aji
2071056,Kepulauan Riau,2243.1,275,RS Umum Camatha Sahidya,Rumah Sakit Umum,C,121,40,194,Perusahaan,Non BLU/BLUD,Kota Batam,"Jl. Jend. A. Yani No.8, PanbiL - Kec. Sei Beduk, Kota Batam, Kepulauan Riau"
2071059,Kepulauan Riau,2243.1,275,RS Umum Soedarsono Darmosoewito,Rumah Sakit Umum,C,111,24,182,Organisasi Sosial,Non BLU/BLUD,Kota Batam,"Jl. Hang Kesturi KM 4,5 Kabil Batam"
2171083,Kepulauan Riau,2243.1,275,RS Mutiara Aini,Rumah Sakit Umum,C,125,35,,SWASTA/LAINNYA,Non BLU/BLUD,Kota Batam,Jl. Batu Aji II Kompleks Griya Pratama Blok JJ
2071023,Kepulauan Riau,2243.1,275,RS Umum Harapan Bunda Batam,Rumah Sakit Umum,C,122,63,370,Organisasi Sosial,Non BLU/BLUD,Kota Batam,Jl. Seraya No. 1 Batam
2171077,Kepulauan Riau,2243.1,275,RS Jasmine,Rumah Sakit Umum,D,50,16,18,SWASTA/LAINNYA,Non BLU/BLUD,Kota Batam,Komplek Pertokoan Duta Raya No. 05-11 Kel.Belian Kec. Batam Kota
2171064,Kepulauan Riau,2243.1,275,RS Santa Elisabeth Sei Lekop,Rumah Sakit Umum,D,52,24,86,Perusahaan,Non BLU/BLUD,Kota Batam,"Jl. Sei Binti, Kav. Sungai Lekop, Kel. Sungai Lekop RT01/RW13, Kec. Sagulung"
2171061,Kepulauan Riau,2243.1,275,RS Bhayangkara Batam Polda Kepri,Rumah Sakit Umum,D,82,22,53,POLRI,BLU,Kota Batam,Jl. Dang Merdu KM 2 Batu Besar Nongsa Kota Batam
2072023,Kepulauan Riau,2243.1,275,Rumkital dr. Midiyato Suratani,Rumah Sakit Umum,B,209,77,414,TNI AL,Non BLU/BLUD,Kota Tanjung Pinang,Jl. Ciptadi No. 1 Tanjung Pinang
2072002,Kepulauan Riau,2243.1,275,RS Umum Daerah Raja Ahmad Tabib,Rumah Sakit Umum,B,232,95,828,Pemprop,BLUD,Kota Tanjung Pinang,JL. W.R Supratman No. 100 Km. 8 Tanjungpinang Kepulauan Riau
2072012,Kepulauan Riau,2243.1,275,RS Umum Daerah Kota Tanjung Pinang,Rumah Sakit Umum,C,134,42,457,Pemkot,BLUD,Kota Tanjung Pinang,Jl. Jend. Sudirman No.  795  Kota Tanjungpinang
2004012,Kepulauan Riau,2243.1,275,RS Umum Daerah Dabo Kabupaten Lingga,Rumah Sakit Umum,C,100,23,108,Pemkab,BLUD,Lingga,"Jl. Kesehatan No.1, Dabo Singkep Kabupaten Lingga"
2004136,Kepulauan Riau,2243.1,275,RS Umum Daerah Encik Mariyam,Rumah Sakit Umum,D,58,11,155,Pemkab,BLUD,Lingga,Jl. Masjid Sultan Lingga No. 46 Kp. Darat Daik Kabupaten Lingga
2003011,Kepulauan Riau,2243.1,275,RS Umum Daerah Natuna,Rumah Sakit Umum,C,140,41,360,Pemkab,BLUD,Natuna," Jl. H.Ali Murtopo,Natuna"
2003056,Kepulauan Riau,2243.1,275,RSAU dr. Yuniati Wisma Karyani,Rumah Sakit Umum,D,53,15,26,TNI AU,Non BLU/BLUD,Natuna,"Jl. Satrad 212, Kelurahan Batu Hitam, Kec Bunguran Timur, Kabupaten Natuna, Provinsi Kepulauan Riau"
1871443,Lampung,9623.8,287,RS Ibu dan Anak Santa Anna,Rumah Sakit Khusus Ibu dan Anak,C,39,25,106,SWASTA/LAINNYA,Non BLU/BLUD,Kota Bandar Lampung,Jl.Hasanuddin no.27 Telukbetung
1871439,Lampung,9623.8,287,RS Ibu dan Anak Restu Bunda,Rumah Sakit Khusus Ibu dan Anak,C,41,17,104,Perusahaan,Non BLU/BLUD,Kota Bandar Lampung,"Jl. Kh. Hasyim Ashari No.73, Gedong Pakuon, Kec. Telukbetung Selatan, Kota Bandar Lampung, Lampung 35221"
1871440,Lampung,9623.8,287,RS Ibu dan Anak Mutiara Putri,Rumah Sakit Khusus Ibu dan Anak,C,52,14,82,Perusahaan,Non BLU/BLUD,Kota Bandar Lampung,JL. HOS COKROAMINOTO NO. 96 ENGGAL BANDAR LAMPUNG
1871442,Lampung,9623.8,287,RS Ibu dan Anak Puri Betik Hati,Rumah Sakit Khusus Ibu dan Anak,C,73,8,145,Perusahaan,Non BLU/BLUD,Kota Bandar Lampung,Jln. Pajajaran No 109 Jagabaya II Wayhalim
1871446,Lampung,9623.8,287,RS Ibu dan Anak Bunda Asy Syifa,Rumah Sakit Khusus Ibu dan Anak,C,35,16,79,Perusahaan,Non BLU/BLUD,Kota Bandar Lampung,"JL. Dr. Susilo, Nomor 54  Enggal, Pahoman, Bandar Lampung, Lampung "
1871223,Lampung,9623.8,287,RS Khusus Mata Permana Sari,Rumah Sakit Khusus Mata,C,20,16,15,Organisasi Sosial,Non BLU/BLUD,Kota Bandar Lampung,Jl.Bougenvile 1 Rawa Laut Kec.Enggal-Bandar Lampung
1871448,Lampung,9623.8,287,RS Mata Lampung Eye Center (LEC),Rumah Sakit Khusus Mata,C,15,21,49,SWASTA/LAINNYA,Non BLU/BLUD,Kota Bandar Lampung,"Jl. Sultan Agung, Komplek Ruko Sentra Niaga No. 12-15 Way Halim Permai, Bandar Lampung"
1871405,Lampung,9623.8,287,RS Umum Urip Sumoharjo,Rumah Sakit Umum,A,574,54,1050,Perusahaan,Non BLU/BLUD,Kota Bandar Lampung,"Jl. Urip Sumoharjo No.200,Bandar Lampung"
1801017,Lampung,9623.8,287,RS Umum Daerah Dr H Abdul Moeloek,Rumah Sakit Umum,A,625,52,1352,Pemprop,BLUD,Kota Bandar Lampung,"Jl. Dr. Rivai 6, Kelurahan Penengahan Kecamatan Tanjungkarang Pusat, Kota Bandar Lampung, Provinsi Lampung  35112"
1871180,Lampung,9623.8,287,RS Umum Imanuel Way Halim,Rumah Sakit Umum,B,200,94,759,Organisasi Protestan,Non BLU/BLUD,Kota Bandar Lampung,"Jl. Sukarno Hatta Way Halim,Bandar Lampung"
1871449,Lampung,9623.8,287,RS Hermina Lampung,Rumah Sakit Umum,C,144,78,10,SWASTA/LAINNYA,Non BLU/BLUD,Kota Bandar Lampung,Jl. Tulang Bawang No. 21 Kel. Enggal Kec. Enggal
1871416,Lampung,9623.8,287,RS Umum Graha Husada,Rumah Sakit Umum,C,172,34,401,Perusahaan,Non BLU/BLUD,Kota Bandar Lampung,"Jl. Gajah Mada No.88,Bandar Lampung"
1871234,Lampung,9623.8,287,RS Umum Bumi Waras,Rumah Sakit Umum,C,155,23,265,Organisasi Sosial,Non BLU/BLUD,Kota Bandar Lampung,"Jl. W. Monginsidi No.235,Bandar Lampung"
1871048,Lampung,9623.8,287,RS Umum Daerah Dr. A. Dadi Tjokrodipo,Rumah Sakit Umum,C,100,52,281,Pemkot,BLUD,Kota Bandar Lampung,"Jl. Basuki Rachmat No. 73 Teluk Betung Utara, Kota Bandar Lampung"
1871438,Lampung,9623.8,287,RS Bhayangkara Polda Lampung,Rumah Sakit Umum,C,122,35,161,POLRI,BLU,Kota Bandar Lampung,Jl. Pramuka No.88 Rajabasa Bandar Lampung
1871026,Lampung,9623.8,287,RS Tk. IV 02.07.04,Rumah Sakit Umum,C,113,22,256,TNI AD,Non BLU/BLUD,Kota Bandar Lampung,"Jl. Dr. A.Rivai No.7, Bandar Lampung"
1871427,Lampung,9623.8,287,RS Umum Bintang Amin,Rumah Sakit Umum,C,191,39,320,Perusahaan,Non BLU/BLUD,Kota Bandar Lampung,"Jl. Pramuka No.27 Kecamatan Kemiling, Kota Bandar Lampung Provinsi Lampung"
1871447,Lampung,9623.8,287,RS Belleza Kedaton Bandar Lampung,Rumah Sakit Umum,C,105,24,230,Perusahaan,Non BLU/BLUD,Kota Bandar Lampung,Jl. Sultan Haji Labuan Ratu Bandar Lampung
1871282,Lampung,9623.8,287,RS Umum Advent Bandar Lampung,Rumah Sakit Umum,C,175,48,600,Organisasi Sosial,Non BLU/BLUD,Kota Bandar Lampung,"Jl. Teuku Umar No. 48, Kelurahan Surabaya, Kecamatan Kedaton"
1872065,Lampung,9623.8,287,RS Ibu dan Anak Asih Kota Metro,Rumah Sakit Khusus Ibu dan Anak,C,27,13,70,Organisasi Sosial,Non BLU/BLUD,Kota Metro,"JL.JEND.A.YANI NO.52 IRINGMULYO METRO TIMUR, KOTA METRO,LAMPUNG."
1872053,Lampung,9623.8,287,RS Ibu dan Anak Anugerah Medical Center Metro,Rumah Sakit Khusus Ibu dan Anak,C,60,24,81,Organisasi Sosial,Non BLU/BLUD,Kota Metro,"Jl. Kunang 15 Kauman, Metro"
1872016,Lampung,9623.8,287,RS Umum Daerah Ahmad Yani Metro,Rumah Sakit Umum,B,280,95,973,Pemkot,BLUD,Kota Metro,Jl.Jend. A.Yani No.13 Kota Metro
1872042,Lampung,9623.8,287,RS Umum Muhammadiyah Metro,Rumah Sakit Umum,C,201,42,481,Organisasi Sosial,Non BLU/BLUD,Kota Metro,"Jl. Soekarno Hatta No.42 Mulyojati 16B, Metro Barat"
1872064,Lampung,9623.8,287,RS Umum Permata Hati Metro,Rumah Sakit Umum,C,103,26,62,Organisasi Sosial,Non BLU/BLUD,Kota Metro,Jl. AH. Nasution No. 34-36 Kel. Yosorejo Kec. Metro Timur Kota Metro -Lampung
1871020,Lampung,9623.8,287,RS Umum  Mardi Waluyo,Rumah Sakit Umum,C,199,31,293,Organisasi Sosial,Non BLU/BLUD,Kota Metro,"Jl. Jenderal Sudirman 156,Kota Metro, Lampung"
1872031,Lampung,9623.8,287,RS Umum Islam Metro,Rumah Sakit Umum,D,78,26,183,Organisasi Sosial,Non BLU/BLUD,Kota Metro," Jl. Jend.AH Nasution No.250 kelurahan Yosodadi, kecamatan Metro Timur , Kota Metro Lampung Provinsi Lampung"
1872067,Lampung,9623.8,287,RS Umum Daerah Sumbersari Bantul,Rumah Sakit Umum,D,52,7,60,Pemkot,BLUD,Kota Metro,Jl. Jenderal Soeprapto No. 4 Kel. Sumbersari Kec. Metro Selatan 
1872066,Lampung,9623.8,287,RS Azizah,Rumah Sakit Umum,D,71,20,,Perusahaan,Non BLU/BLUD,Kota Metro,Jl. Hanafiah No. 64/75 Kel. Imopuro Metro Pusat
1801016,Lampung,9623.8,287,RS Ibu dan Anak Bunda,Rumah Sakit Khusus Ibu dan Anak,C,49,18,86,Perusahaan,Non BLU/BLUD,Lampung Barat,"Jl. Raden Intan II, No.36, Kelurahan Way Mengaku, Kecamatan Balik Bukit"
1801015,Lampung,9623.8,287,RS Umum Daerah Alimuddin Umar,Rumah Sakit Umum,C,136,26,335,Pemkab,BLUD,Lampung Barat,"Jl. Teuku Umar No. 3, Lampung Barat"
1803034,Lampung,9623.8,287,RS Ibu Anak Hidayah Ibu,Rumah Sakit Khusus Ibu dan Anak,C,41,19,48,SWASTA/LAINNYA,Non BLU/BLUD,Lampung Selatan,"JL. KESUMA BANGSA NO.128 WAY URANG, KALIANDA, Desa/Kelurahan Way Urang, Kec. Kalianda, Kab. Lampung Selatan, Provinsi Lampung, Kode Pos: 35551"
1803036,Lampung,9623.8,287,RS Airan Raya,Rumah Sakit Umum,C,160,59,227,SWASTA/LAINNYA,Non BLU/BLUD,Lampung Selatan,JL. Airan Raya NO.99 Way Huwi Jati Agung Lampung Selatan
1803033,Lampung,9623.8,287,RS Natar Medika,Rumah Sakit Umum,C,100,58,179,Perusahaan,Non BLU/BLUD,Lampung Selatan,"Jl. Raya Natar No.4 Muara Putih, Lampung Selatan"
1803035,Lampung,9623.8,287,RS Umum Daerah Bandar Negara Husada,Rumah Sakit Umum,C,100,22,225,Pemprop,Non BLU/BLUD,Lampung Selatan,Kompleks Pemprov Lampung Kota Baru Jati Agung Kabupaten Lampung Selatan 35365
1803021,Lampung,9623.8,287,"RS Umum Daerah Dr. H. Bob Bazar, SKM",Rumah Sakit Umum,C,166,38,446,Pemkab,BLUD,Lampung Selatan,"Jl. Lettu Rohani No. 14 B, Desa Kedaton, Kecamatan Kalianda, Kabupaten Lampung Selatan, Provinsi Lampung"
1803048,Lampung,9623.8,287,RS Siti Khodijah,Rumah Sakit Umum,D,40,17,,Perusahaan,Non BLU/BLUD,Lampung Selatan,"Jl. Kolonel Makmun Rasyid No. 59, Kel Way Urang"
1805047,Lampung,9623.8,287,RS Ibu Anak Puri Adhya Paramita,Rumah Sakit Khusus Ibu dan Anak,C,59,15,98,Perusahaan,Non BLU/BLUD,Lampung Tengah,Jl. SULTAN AGUNG NO. 5 BANDAR JAYA - TERBANGGI BESAR 
1805049,Lampung,9623.8,287,RS Ibu Anak Puti Bungsu,Rumah Sakit Khusus Ibu dan Anak,C,57,13,124,SWASTA/LAINNYA,Non BLU/BLUD,Lampung Tengah,"Jalan. Raden Intan RT/RW 003/002 LK II, Bandar Jaya Timur , Terbanggi Besar, Lampung tengah"
1805023,Lampung,9623.8,287,RS Umum Yukum Medical Centre,Rumah Sakit Umum,B,207,38,370,SWASTA/LAINNYA,Non BLU/BLUD,Lampung Tengah,Jl. Negara No.99 Km.67 Yukum Jaya Lampung Tengah
1805045,Lampung,9623.8,287,RS Umum Harapan Bunda,Rumah Sakit Umum,C,167,78,313,Perusahaan,Non BLU/BLUD,Lampung Tengah,"Jl. Raya Lintas Sumatera, Seputih Jaya No.31, Kec. Gunung Sugih, Kab. Lampung Tengah"
1805046,Lampung,9623.8,287,RS Umum Kartini,Rumah Sakit Umum,C,113,24,117,SWASTA/LAINNYA,Non BLU/BLUD,Lampung Tengah,Jl. KARTINI NO. 104 KALIREJO
1805012,Lampung,9623.8,287,RS Umum Mitra Mulia Husada,Rumah Sakit Umum,C,136,37,149,SWASTA/LAINNYA,Non BLU/BLUD,Lampung Tengah,"Jl. Proklamator Raya No.162-164,Lampung Tengah"
1805048,Lampung,9623.8,287,RS Umum Az - Zahra,Rumah Sakit Umum,C,117,33,156,Perusahaan,Non BLU/BLUD,Lampung Tengah,"Jl. Kartini No. 109 Kalirejo , Kec. Kalirejo,"
1805024,Lampung,9623.8,287,RS Umum Islam Asy-Syifaa Bandar Jaya,Rumah Sakit Umum,C,135,29,275,Perusahaan,Non BLU/BLUD,Lampung Tengah,Jl. Lintas Sumatera KM 65 Yukum Jaya Terbanggi Besar Bandar Jaya
1805034,Lampung,9623.8,287,RS Umum Daerah Demang Sepulau Raya,Rumah Sakit Umum,C,92,27,525,Pemkab,BLUD,Lampung Tengah,"Jl. Lintas Sumatera Nomor 4.A, Terbanggi Agung, Gunung Sugih, Lampung Tengah. KodePos 34161"
1805060,Lampung,9623.8,287,RS Artha Bunda,Rumah Sakit Umum,D,50,16,,Perusahaan,Non BLU/BLUD,Lampung Tengah,"Jl. Lintas Timur RT/RW 017/08 Desa Sido Binangun,Kec.Way Seputih,Kab. Lampung Tengah Propinsi Lampung"
1804013,Lampung,9623.8,287,RS Ibu dan Anak Mawar,Rumah Sakit Khusus Ibu dan Anak,C,29,16,44,SWASTA/LAINNYA,Non BLU/BLUD,Lampung Timur,"Jalan Lintas Timur Plangkawati 1, Desa Labuhan Ratu VII Kec. Labuhan Ratu Kab. Lampung Timur, Provinsi Lampung"
1804014,Lampung,9623.8,287,RS Ibu dan Anak Ibunda,Rumah Sakit Khusus Ibu dan Anak,C,75,14,21,Organisasi Sosial,Non BLU/BLUD,Lampung Timur,"Jl. Raya Lintas Pantai Timur Sumatera, Desa Mataram Baru, Kel. Mataram Baru Kec. Mataram Baru"
1804015,Lampung,9623.8,287,RS Umum Permata Hati,Rumah Sakit Umum,C,103,25,120,SWASTA/LAINNYA,Non BLU/BLUD,Lampung Timur,Jl. Raya Way Jepara Plangkawati II Labuhan Ratu Baru Kec. Way Jepara Kab. Lampung Timur
1804012,Lampung,9623.8,287,RS AKA Medika Sribhawono,Rumah Sakit Umum,C,130,26,111,Perorangan,Non BLU/BLUD,Lampung Timur,"Jl. Ir. Sutami Km.1 Sribhawono, Lampung Timur"
1804011,Lampung,9623.8,287,RS Umum Daerah Sukadana,Rumah Sakit Umum,C,112,95,518,Pemkab,BLUD,Lampung Timur,"Jl. Letnan Adnan Sanjaya,Lintas Timur,Sukadana,Lampung Timur"
1806013,Lampung,9623.8,287,RS Umum Daerah May Jen HM Ryacudu,Rumah Sakit Umum,C,127,29,199,Pemkab,BLUD,Lampung Utara,Jl. Jend.Sudirman No.2 Kelurahan Tanjung Harapan Kecamatan Kotabumi Selatan  - Kabupaten Lampung Utara Provinsi Lampung
1806035,Lampung,9623.8,287,RS Umum Handayani,Rumah Sakit Umum,C,184,80,336,Perusahaan,Non BLU/BLUD,Lampung Utara,"Jl. Soekarno - Hatta No.94,Kotabumi lampung Utara"
1806039,Lampung,9623.8,287,RS Medika Insani,Rumah Sakit Umum,C,107,25,115,SWASTA/LAINNYA,BLU,Lampung Utara,Jl. Sumber Jaya No. 667 Desa Tanjung Baru Kecamatan Bukit Kemuning Kabupaten Lampung Utara
1806037,Lampung,9623.8,287,RS Maria Regina,Rumah Sakit Umum,D,63,44,50,Organisasi Katholik,Non BLU/BLUD,Lampung Utara,"Jl. Abdoel Moeloek No. 119 Tanjung Aman, Kotabumi, Lampung Utara"
1806038,Lampung,9623.8,287,RS Candimas Medical Center,Rumah Sakit Umum,D,58,33,95,SWASTA/LAINNYA,Non BLU/BLUD,Lampung Utara,Jl. Alamsyah Ratu Perwira Negara No. 47 Kotabumi Selatan
1806036,Lampung,9623.8,287,RS Umum HI. Muhammad Yusuf,Rumah Sakit Umum,D,59,24,54,Perusahaan,Non BLU/BLUD,Lampung Utara,"Jl. Lintas Sumatera No. 12 KelurahanKalibalangan, Kecamatan Abung Selatan , Kabupaten Lampung Utara, Provinsi Lampung"
1811002,Lampung,9623.8,287,RS Umum Daerah Ragab Begawe Caram,Rumah Sakit Umum,C,100,22,236,Pemkab,BLUD,Mesuji,Jl. ZA. Pagar Alam Brabasan Kec. Tanjung Raya Kabupaten Mesuji Lampung
1811013,Lampung,9623.8,287,RS Mesuji Healthcare Center,Rumah Sakit Umum,D,60,21,,SWASTA/LAINNYA,Non BLU/BLUD,Mesuji,"Jl. Jendral Sudirman, Kel. Simpang Mesuji, Kec. Simpang Pematang"
1871176,Lampung,9623.8,287,RS Jiwa Daerah Provinsi Lampung,Rumah Sakit Khusus Jiwa,B,162,46,293,Pemprop,BLUD,Pesawaran,Jl. Raya Gd.Tataan KM 13 Pesawaran 35366
1809002,Lampung,9623.8,287,RS Umum Daerah Pesawaran,Rumah Sakit Umum,C,107,26,115,Pemkab,BLUD,Pesawaran,"Jln. Raya Kedondong, Sukamarga, Desa Gedong Tataan Kec. Gedong Tataan, kab. Pesawaran"
1809003,Lampung,9623.8,287,RS Umum Gladish Medical Center,Rumah Sakit Umum,C,100,33,120,SWASTA/LAINNYA,Non BLU/BLUD,Pesawaran,Jln.Ahmad Yani No.36 Desa Taman Sari Kec.Gedong Tataan Kabupaten Pesawaran Lampung
1813001,Lampung,9623.8,287,RS Umum Daerah KH. Muhammad Thohir KRUI,Rumah Sakit Umum,D,27,16,120,Pemkab,Non BLU/BLUD,Pesisir Barat,Jl. Atar Sedangkek Pekon Way Suluh Kecamatan Krui Selatan Kabupaten Pesisir Barat
1810004,Lampung,9623.8,287,RS Ibu dan Anak Mutiara Hati,Rumah Sakit Khusus Ibu dan Anak,C,30,26,31,Perusahaan,Non BLU/BLUD,Pringsewu,Jl. Raya Tambahsari No.15 Gading Rejo
1810005,Lampung,9623.8,287,RS Ibu dan Anak Harapan Bunda,Rumah Sakit Khusus Ibu dan Anak,C,28,15,81,SWASTA/LAINNYA,Non BLU/BLUD,Pringsewu,Jl. KH. Dewantara No. 1269 Pringsewu - Lampung
1803010,Lampung,9623.8,287,RS Umum Daerah Pringsewu,Rumah Sakit Umum,C,154,38,545,Pemkab,BLUD,Pringsewu,Jl. Lintas Barat Pekon Fajar Agung Barat Kec. Pringsewu
1802038,Lampung,9623.8,287,RS Umum Mitra Husada,Rumah Sakit Umum,C,202,60,496,SWASTA/LAINNYA,Non BLU/BLUD,Pringsewu,"Jl. Jend.A.Yani No.14 Pringsewu,Kab.Pringsewu"
1871002,Lampung,9623.8,287,RS Wisma Rini,Rumah Sakit Umum,D,68,34,145,Perorangan,Non BLU/BLUD,Pringsewu,Jl. Wisma Rini Nomor 1 Kel. Pringsewu Selatan Kec. Pringsewu Kab. Pringsewu Prov. Lampung
1810003,Lampung,9623.8,287,RS Umum Surya Asih,Rumah Sakit Umum,D,135,40,200,Perorangan,Non BLU/BLUD,Pringsewu,"Jl. A. Yani No.51, Pringsewu"
1802027,Lampung,9623.8,287,RS Umum Daerah Batin Mangunang,Rumah Sakit Umum,C,114,36,350,Pemkab,BLUD,Tanggamus,Jl. Soekarno Hatta Komplek Islamic Center kecamatan Kota Agung Kabupaten Tanggamus Provinsi Lampung Kode Pos 35384
1802016,Lampung,9623.8,287,RS Panti Secanti,Rumah Sakit Umum,D,77,33,192,Organisasi Sosial,Non BLU/BLUD,Tanggamus,"Jl. Raya Gisting,Tanggamus"
1808015,Lampung,9623.8,287,RS Umum Daerah Menggala Tulang Bawang,Rumah Sakit Umum,B,158,72,411,Pemkab,BLUD,Tulang Bawang,"Jalan Negara Lintas Timur KM. 112 Tiuh Tohou Ke. Menggala, Kab.T ulang Bawang, Prov. Lampung"
1808017,Lampung,9623.8,287,RS Umum Penawar Medika,Rumah Sakit Umum,D,60,24,107,Perusahaan,Non BLU/BLUD,Tulang Bawang,Jl. Lintas Timur Sumatera Desa Agung Dalam Rt.003 Rw.002 Kec. Banjar margo Kab. Tulang Bawang Provinsi Lampung
1808018,Lampung,9623.8,287,RS Griya Medika Dompet Dhuafa,Rumah Sakit Umum,D,56,21,35,Perusahaan,Non BLU/BLUD,Tulang Bawang,Jl. Ethanol Unit 2 Tunggal Warga Kec. Banjar Agung
1808016,Lampung,9623.8,287,RS Umum Mutiara Bunda,Rumah Sakit Umum,D,99,28,134,SWASTA/LAINNYA,Non BLU/BLUD,Tulang Bawang,Jl. Lintas Timur No. 1147 Unit II  Kec. Bandar Agung
1812014,Lampung,9623.8,287,RS Ibu dan Anak Ummi Athayya,Rumah Sakit Khusus Ibu dan Anak,C,62,14,,SWASTA/LAINNYA,Non BLU/BLUD,Tulang Bawang Barat,"Jl. KH. Ahmad Dahlan, Candra Mukti, Tulang BAwang Barat"
1812003,Lampung,9623.8,287,RS Umum Daerah Tulang Bawang Barat,Rumah Sakit Umum,D,50,20,105,Pemkab,BLUD,Tulang Bawang Barat,Jl. Diponegoro Tiyuh Panaragan Kec. Tulang Bawang Tengah Kab. Tulang Bawang Barat Provinsi Lampung
1812002,Lampung,9623.8,287,RS Umum Asy-Syifa Medika,Rumah Sakit Umum,D,60,20,112,Perusahaan,Non BLU/BLUD,Tulang Bawang Barat,Daya Asri RT/RW 002/002 Kecamatan Tumijajar  Kabupaten Tulang Bawang Barat Provinsi Lampung
1807014,Lampung,9623.8,287,RS Umum Daerah Zainal Abidin Pagar Alam,Rumah Sakit Umum,C,106,38,325,Pemkab,BLUD,Way Kanan,"Jl. Raya Lintas Sumatera, Umpu Semenguk"
1807016,Lampung,9623.8,287,RS Umum Haji Kamino,Rumah Sakit Umum,C,107,28,217,Organisasi Sosial,Non BLU/BLUD,Way Kanan,Jl. Sriwijaya No. 56  Setia Negara Kec. Baradatu Kab. Way Kanan Provinsi Lampung
8103020,Maluku,1995.2,43,RS Umum Daerah Kab. Buru,Rumah Sakit Umum,D,108,54,160,Pemkab,Non BLU/BLUD,Buru,Jl. Butung Leong No. 1 Desa Lala Kab.Buru
8109018,Maluku,1995.2,43,RS Umum Daerah dr. Salim Alkatiri,Rumah Sakit Umum,D,110,17,260,Pemkab,Non BLU/BLUD,Buru Selatan,"Jl. dr. J. Leimena No.01, Desa Labuang, Kec. Namrole"
8109002,Maluku,1995.2,43,RS Pratama Raja Latubau Soel Negeri Fogi,Rumah Sakit Umum,D PRATAMA,11,8,36,Pemkab,Non BLU/BLUD,Buru Selatan,"Jl. Ibrahim Soel Desa Fogi, RT 000/ RW 000, Kelurahan/ Desa : Fogi, Kecamatan : Kepala Madan, Kabupaten : Buru Selatan, Provinsi : Maluku"
8105019,Maluku,1995.2,43,RS Umum Daerah Cendrawasih Dobo,Rumah Sakit Umum,D,98,28,335,Pemkab,BLUD,Kepulauan Aru,"Jl. Cendrawasih Km.6 RT 001 RW 006 Kelurahan Siwalima, Kecamatan Pulau Pulau, Kabupaten Kepulauan Aru, Provinsi Maluku"
8101041,Maluku,1995.2,43,RS Fatima Saumlaki,Rumah Sakit Umum,D,33,4,,Organisasi Katholik,Non BLU/BLUD,Kepulauan Tanimbar,Jl.  Suster Makaria Olilit Kecamatan Tanimbar Selatan
8101063,Maluku,1995.2,43,RS Umum Daerah Dr. P. P. Magretti Saumlaki,Rumah Sakit Umum,D,84,15,195,Pemkab,Non BLU/BLUD,Kepulauan Tanimbar,"Jl. Mr. Latuharhari - Saumlaki, Kec. Tanimbar Selatan, Kab. Kepulauan Tanimbar, Prov. Maluku"
8171063,Maluku,1995.2,43,RSKD Provinsi Maluku,Rumah Sakit Khusus Jiwa,B,84,31,180,Pemprop,Non BLU/BLUD,Kota Ambon,Jl. Laksdya Leo Wattimena Ambon
8171015,Maluku,1995.2,43,RS Umum Dr. M. Haulussy Ambon,Rumah Sakit Umum,B,304,46,586,Pemprop,BLUD,Kota Ambon,"Jl. dr. Kayadoe, Kelurahan Benteng, Kecamatan Nusaniwe. Ambon 97117."
8171123,Maluku,1995.2,43,RS Umum Pusat Dr. Johannes Leimena Ambon,Rumah Sakit Umum,B,249,45,95,Kemkes ,Non BLU/BLUD,Kota Ambon,"Jl. Mr. CHR Soplanit, Negeri Rumahtiga, Kec. Teluk Ambon, Kota Ambon, Provinsi Maluku"
8171085,Maluku,1995.2,43,RS Sumber Hidup GPM,Rumah Sakit Umum,C,57,23,64,Organisasi Protestan,Non BLU/BLUD,Kota Ambon,"Jl. Anthonie Rhebok No. 11, Kelurahan : Honipopu, Kecamatan : Sirimau, Kota Ambon, Propinsi Maluku, Kode Pos : 97126"
8171026,Maluku,1995.2,43,RS Tk. II Prof. dr. J. A. Latumeten,Rumah Sakit Umum,C,128,38,320,TNI AD,BLU,Kota Ambon,Jl. Dr. Tamaela No. 2 Ambon
8171124,Maluku,1995.2,43,RS Siloam Ambon,Rumah Sakit Umum,C,157,41,67,SWASTA/LAINNYA,Non BLU/BLUD,Kota Ambon,Jl. Sultan Hasanuddin RT. 005 RW. 005 Kel. Hative kecil Kec. Sirimau
8171110,Maluku,1995.2,43,RS Al Fatah,Rumah Sakit Umum,C,113,30,92,Organisasi Islam ,Non BLU/BLUD,Kota Ambon,Jl. Sultan Babullah 2 Ambon
8171121,Maluku,1995.2,43,RS Bhayangkara Ambon,Rumah Sakit Umum,C,112,42,164,POLRI,BLU,Kota Ambon,"Jl. Sultan Hasanuddin - Tantui, Ambon"
8171030,Maluku,1995.2,43,RS TNI AL dr. FX. Soehardjo,Rumah Sakit Umum,D,53,23,28,TNI AL,Non BLU/BLUD,Kota Ambon,Komplek Lantamal IX Halong Ambon
8171074,Maluku,1995.2,43,RS Hative Passo,Rumah Sakit Umum,D,57,9,11,Organisasi Sosial,Non BLU/BLUD,Kota Ambon,"Jl. Laskdya Leo Wattimena, Kelurahan Passo, Kecamatan Baguala, Kota Ambon, Provinsi Maluku,  97232"
8171096,Maluku,1995.2,43,RS Umum Bakti Rahayu,Rumah Sakit Umum,D,50,24,108,Organisasi Sosial,Non BLU/BLUD,Kota Ambon,Jl. Ahmad Yani (Belakang RRI) Ambon
8172002,Maluku,1995.2,43,RS Umum Daerah Maren H. Noho Renuat Kota Tual,Rumah Sakit Umum,D,76,16,57,Pemkot,Non BLU/BLUD,Kota Tual," Jl.  Raya BTN Ngadi Tamedan, Desa Fiditan, Kec. Pulau Dullah Utara - Kota Tual"
8108002,Maluku,1995.2,43,RS Umum Daerah Tiakur,Rumah Sakit Umum,D,56,10,34,Pemkab,Non BLU/BLUD,Maluku Barat Daya,"Depan kantor BKPSDM Kab.MBD , Kelurahan Tiakur  , Kec.Moa , Kab.Maluku  Barat Daya"
8103053,Maluku,1995.2,43,RS Umum Daerah dr. Ishak Umarella,Rumah Sakit Umum,C,107,102,335,Pemprop,Non BLU/BLUD,Maluku Tengah,"Jl. Pahlawan No. 36 Tulehu, Desa/Kelurahan Tulehu, Kecamatan Salahutu, Kabupaten Maluku Tengah, Provinsi Maluku."
8103042,Maluku,1995.2,43,RS Umum Masohi,Rumah Sakit Umum,C,202,91,280,Pemkab,Non BLU/BLUD,Maluku Tengah,Jl. dr. G. A. Siwabessy Masohi  Kelurahan Namaelo Kecamatan Kota Masohi Kabupaten Maluku Tengah Provinsi Maluku 
8103002,Maluku,1995.2,43,RS Umum Daerah Banda,Rumah Sakit Umum,D,50,14,77,Pemkab,Non BLU/BLUD,Maluku Tengah,"JL.KUJALI no.163A Desa Nusantara, Kecamatan Banda, Kabupaten Maluku Tengah, Provinsi Maluku Kode Pos 97593"
8103016,Maluku,1995.2,43,RS Umum Saparua,Rumah Sakit Umum,D,67,23,3,Pemkab,Non BLU/BLUD,Maluku Tengah," Jl. Rumah Sakit Porto-Haria,Kec. Saparua, Kab. Maluku Tengah, Prov. Maluku"
8101015,Maluku,1995.2,43,RS Umum Karel Sadsuitubun,Rumah Sakit Umum,C,176,84,253,Pemkab,BLUD,Maluku Tenggara,    Jl. Merdeka Raya No. 3 Ohoijang Langgur
8101026,Maluku,1995.2,43,RS Hati Kudus Langgur,Rumah Sakit Umum,D,90,26,26,Organisasi Katholik,Non BLU/BLUD,Maluku Tenggara,Jl. Jenderal Sudirman Langgur
8106010,Maluku,1995.2,43,RS Umum Piru,Rumah Sakit Umum,C,156,21,15,Pemkab,Non BLU/BLUD,Seram Bagian Barat,"Jl. Arteri Piru, Desa Piru, Kecamatan Seram Barat, Kabupaten Seram Bagian Barat, Provinsi Maluku"
8106011,Maluku,1995.2,43,RS Pratama Wasala,Rumah Sakit Umum,D PRATAMA,41,55,,Pemkab,Non BLU/BLUD,Seram Bagian Barat,"Jl. Trans Seram, Desa Waesala, Kec. Huamual Belakang"
8107021,Maluku,1995.2,43,RS Umum Daerah Bula,Rumah Sakit Umum,C,103,31,410,Pemkab,Non BLU/BLUD,Seram Bagian Timur,"Jl. Wailola No. 11-12 Bula, Kabupaten Seram Bagian Timur, Propinsi Maluku"
8201021,Maluku Utara,1391.7,44,RS Umum Daerah Jailolo,Rumah Sakit Umum,C,126,34,337,Pemkab,BLUD,Halmahera Barat,"Jl.Ir. Soekarno Ds. Acango-Jailolo,Halmahera Barat"
8204010,Maluku Utara,1391.7,44,RS Umum Daerah  Labuha,Rumah Sakit Umum,C,143,52,420,Pemkab,BLUD,Halmahera Selatan,Jl.  Raya Labuha-Babang
8204012,Maluku Utara,1391.7,44,RS Umum Obi,Rumah Sakit Umum,D,66,7,43,Pemkab,Non BLU/BLUD,Halmahera Selatan,"Jalan Cabang Kuning,Desa Buton,Kec.Obi,Kab.Halmahera Selatan,Prov.Maluku Utara,Kode Pos 97792"
8204011,Maluku Utara,1391.7,44,RS Pratama Bisui Kab. Halmahera Selatan,Rumah Sakit Umum,D,20,8,11,Pemkab,Non BLU/BLUD,Halmahera Selatan,Jl. Desa Bisui Kec. Gane Timur Tengah Kab. Halmahera Selatan
8205021,Maluku Utara,1391.7,44,RS Umum Daerah Weda,Rumah Sakit Umum,D,99,28,237,Pemkab,Non BLU/BLUD,Halmahera Tengah,"JL. Raya Weda, Desa Wedana kec Weda Kabupaten Halmahera Tengah Provinsi Maluku Utara"
8206012,Maluku Utara,1391.7,44,RS Umum Daerah Maba,Rumah Sakit Umum,D,76,43,162,Pemkab,Non BLU/BLUD,Halmahera Timur,"JL. TRANS HALMAHERA, DESA SOAGIMALAHA, KECAMATAN KOTA MABA, KABUPATEN HALMAHERA TIMUR, PROVINSI MALUKU UTARA"
8201010,Maluku Utara,1391.7,44,RS Umum Daerah Tobelo,Rumah Sakit Umum,B,200,37,479,Pemkab,BLUD,Halmahera Utara,Jl. Landbouw. Desa Gamsungi. Kota Tobelo. Kabupaten Halmahera Utara. Propinsi Maluku Utara
8205033,Maluku Utara,1391.7,44,RS Bethesda GMIH Tobelo,Rumah Sakit Umum,D,66,22,67,Organisasi Protestan,Non BLU/BLUD,Halmahera Utara,"JL. Kemakmuran  Tobelo, Keluran Desa Gamsungi, Kecamatan Tobelo, Kabupaten Halmahera Utara, Provinsi Maluku Utara"
8203020,Maluku Utara,1391.7,44,RS Umum Daerah Sanana,Rumah Sakit Umum,D,73,27,135,Pemkab,Non BLU/BLUD,Kepulauan Sula,Jl. Dr. Sibarani - Desa Falahu RW/RT : 001/008- Kecamatan Sanana Kabupaten Kep. Sula. Provinsi Maluku Utara
8271070,Maluku Utara,1391.7,44,RS Ibu dan Anak Andina,Rumah Sakit Khusus Ibu dan Anak,C,33,15,,SWASTA/LAINNYA,Non BLU/BLUD,Kota Ternate,Jl. Sultan Khairun Kel. Soa Sio Kecamatan Ternate Utara Kota Ternate Provinsi Maluku Utara kode pos 97723
8271016,Maluku Utara,1391.7,44,RS Umum Daerah Dr. H. Chasan Boesoirie Ternate,Rumah Sakit Umum,B,292,95,752,Pemprop,BLUD,Kota Ternate,Jl. Cempaka Kel. Tanah Tinggi Kota Ternate
8271069,Maluku Utara,1391.7,44,RS Umum Daerah Kota Ternate,Rumah Sakit Umum,D,31,18,,Pemkot,Non BLU/BLUD,Kota Ternate,"Jl. Saleh Efendi No. 2 Kel. Stadion, Kec. Ternate Tengah"
8271020,Maluku Utara,1391.7,44,RS Tk. IV 16.07.01 TNI AD Ternate,Rumah Sakit Umum,D,52,14,79,TNI AD,Non BLU/BLUD,Kota Ternate,"Jl. Ais Nasution No.2, Ternate"
8271058,Maluku Utara,1391.7,44,RS Bhayangkara Tk. IV Ternate,Rumah Sakit Umum,D,38,28,,POLRI,Non BLU/BLUD,Kota Ternate,"Jl. Hasan Esa No. 1, Kel. Takoma Kec. Ternate Tengah, Kota Ternate, Prov. Maluku Utara"
8271057,Maluku Utara,1391.7,44,RS Prima Ternate,Rumah Sakit Umum,D,58,21,54,Organisasi Sosial,Non BLU/BLUD,Kota Ternate,Jl. Raya Mangga Dua Ling Mangga Dua Tengah RT. 013 RW. 06 Mangga Dua Utara Ternate Selatan
8271031,Maluku Utara,1391.7,44,RS Umum Dharma Ibu Ternate,Rumah Sakit Umum,D,79,35,129,Organisasi Sosial,Non BLU/BLUD,Kota Ternate,Jl. Arnold Mononutu No. 125
8271042,Maluku Utara,1391.7,44,RS Islam PKU Muhammadiyah Maluku Utara,Rumah Sakit Umum,D,44,24,56,Organisasi Sosial,Non BLU/BLUD,Kota Ternate,"Jl. Pemuda No.131, Kel. Toboleu, Kec. Ternate Utara Kota Ternate Prov. Maluku Utara"
8272004,Maluku Utara,1391.7,44,RS Jiwa Sofifi,Rumah Sakit Khusus Jiwa,C,32,12,22,Pemprop,Non BLU/BLUD,Kota Tidore Kepulauan,"Jl. Lintas Halmahera Desa Garojou, Kec. Oba Utara. Kota Tidore Kepulauan Provinsi Maluku Utara"
8202043,Maluku Utara,1391.7,44,RS Umum Daerah Kota Tidore Kepulauan,Rumah Sakit Umum,C,151,56,515,Pemkot,BLUD,Kota Tidore Kepulauan,Jl. Sultan mansyur No 11 Indonesiana Tidore Maluku Utara
8272003,Maluku Utara,1391.7,44,RS Umum Sofifi,Rumah Sakit Umum,D,63,23,63,Pemprop,Non BLU/BLUD,Kota Tidore Kepulauan,"Jl. Raya 40, Kel. Guraping, Kec. Oba Utara, Kota Tidore Kepulauan, Provinsi Maluku Utara"
8205032,Maluku Utara,1391.7,44,RS Umum Daerah Ir. Soekarno Kab. Pulau Morotai,Rumah Sakit Umum,C,163,31,147,Pemkab,Non BLU/BLUD,Pulau Morotai,"Jln. Nakamura Desa Dehegila, Kecamatan Morotai Selatan, Kab. Pulau Morotai, Provinsi Maluku Utara"
8208001,Maluku Utara,1391.7,44,RS Umum Daerah Bobong,Rumah Sakit Umum,D PRATAMA,31,12,72,Pemkab,Non BLU/BLUD,Pulau Taliabu,"Jl. Lintas Selatan, Desa Ratahaya, Kecamatan Taliabu Barat , kabupaten Pulau Taliabu, provinsi Maluku utara"
5206015,Nusa Tenggara Barat,5815.3,296,RS Umum Bima,Rumah Sakit Umum,C,234,29,675,Pemkab,BLUD,Bima,"Jl. Langsat No. 1 Kel. Rabangodu Selatan, Kec. Raba"
5206029,Nusa Tenggara Barat,5815.3,296,RS Umum Daerah Sondosia Kab. Bima,Rumah Sakit Umum,D,101,25,67,Pemkab,BLUD,Bima,"Jl. Lintas Sumbawa Desa Sondosia Kec. Bolo Kab. Bima, NTB"
5205014,Nusa Tenggara Barat,5815.3,296,RS Umum Dompu,Rumah Sakit Umum,C,261,29,742,Pemkab,Non BLU/BLUD,Dompu, Jl. Kesehatan No. 1 Kel.Bada Kec.Dompu Kab.Dompu Provinsi Nusa Tenggara Barat
5205016,Nusa Tenggara Barat,5815.3,296,RS Umum Daerah Manggelewa,Rumah Sakit Umum,D,51,23,74,Pemkab,Non BLU/BLUD,Dompu,Jl. Lintas Calabai Desa Doromelo Kecamatan Manggelewa Kabupaten Dompu Provinsi Nusa Tenggara Barat
5206028,Nusa Tenggara Barat,5815.3,296,RS PKU Muhammadiyah Bima,Rumah Sakit Umum,D,94,22,114,Organisasi Islam ,Non BLU/BLUD,Kota Bima,"JL.Gajah Mada, No.6, Desa/Kelurahan Monggonao,kec. Mpunda, Kota Bima, Provinsi Nusa Tenggara Barat"
5272016,Nusa Tenggara Barat,5815.3,296,RS Tk. IV Sultan Abdul Kahir II Bima,Rumah Sakit Umum,D,30,13,,TNI AD,Non BLU/BLUD,Kota Bima,Jl. Jendral Sudirman No. 27 Kel. Rabangodu Utara Kec. Raba Kota Bima NTB
5272005,Nusa Tenggara Barat,5815.3,296,RS Umum Daerah Kota Bima,Rumah Sakit Umum,D,101,19,324,Pemkot,BLUD,Kota Bima,"Jl. Datuk Dibanta Kelurahan Jatiwangi Kecamatan Asakota, Kota Bima Provinsi Nusa Tenggara Barat "
5206030,Nusa Tenggara Barat,5815.3,296,RS dr. Agung,Rumah Sakit Umum,D,74,29,99,Perusahaan,Non BLU/BLUD,Kota Bima,"Jln. Ir. Sutami No. 1 Kelurahan Rabadompu Barat, Kecamatan Raba, Kota Bima, Provinsi NTB."
5271102,Nusa Tenggara Barat,5815.3,296,RS Ibu dan Anak Tresna,Rumah Sakit Khusus Ibu dan Anak,C,22,17,27,Perorangan,Non BLU/BLUD,Kota Mataram,"Jl. Bung Karno No. 28 Mataram , Kelurahan Mataram Timur,  Kecamatan Mataram, Kota Mataram,  Nusa Tenggara Barat"
5271099,Nusa Tenggara Barat,5815.3,296,RS Ibu dan Anak Permata Hati,Rumah Sakit Khusus Ibu dan Anak,C,56,18,211,Perusahaan,Non BLU/BLUD,Kota Mataram,JL. MAJAPAHIT NO. 10C MATARAM
5271054,Nusa Tenggara Barat,5815.3,296,RS Jiwa Mutiara Sukma,Rumah Sakit Khusus Jiwa,B,111,34,329,Pemprop,BLUD,Kota Mataram,Jalan Ahmad Yani No. 1 Kelurahan Selagalas Kecamatan Sandubaya Kota Mataram 83125
5271103,Nusa Tenggara Barat,5815.3,296,RS Mata Nusa Tenggara Barat,Rumah Sakit Khusus Mata,C,27,10,30,Pemprop,Non BLU/BLUD,Kota Mataram,"Jl. Harimau No 1 kelurahan Pejanggik, Kecamatan Mataram, Kota mataram, Provinsi Nusa Tenggara Barat"
5271010,Nusa Tenggara Barat,5815.3,296,RS Umum Daerah Provinsi NTB,Rumah Sakit Umum,A,763,105,1274,Pemprop,BLUD,Kota Mataram,Jl. Prabu Rangkasari Dasan Cermen
5271087,Nusa Tenggara Barat,5815.3,296,RS Umum Daerah Kota Mataram,Rumah Sakit Umum,B,355,138,1070,Pemkot,BLUD,Kota Mataram,"Jl. Bung Karno No.3 Pagesangan Timur, Mataram "
5271104,Nusa Tenggara Barat,5815.3,296,RS Metro Medika,Rumah Sakit Umum,C,107,42,74,SWASTA/LAINNYA,Non BLU/BLUD,Kota Mataram,"JL. Jenderal Sudirman No. 18A Rembiga, Selaparang, Mataram, NTB"
5271101,Nusa Tenggara Barat,5815.3,296,RS Universitas Mataram,Rumah Sakit Umum,C,52,61,135,SWASTA/LAINNYA,Non BLU/BLUD,Kota Mataram,Jl. Majapahit No. 62 Mataram
5271100,Nusa Tenggara Barat,5815.3,296,Siloam Hospitals Mataram,Rumah Sakit Umum,C,40,56,208,Perusahaan,Non BLU/BLUD,Kota Mataram,JL.MAJAPAHIT NO.10 MATARAM
5271076,Nusa Tenggara Barat,5815.3,296,RS Risa Sentra Medika,Rumah Sakit Umum,C,71,70,298,SWASTA/LAINNYA,Non BLU/BLUD,Kota Mataram,Jl. Pejanggik No.115 Cakranegara Mataram
5271032,Nusa Tenggara Barat,5815.3,296,RS Islam Siti Hajar,Rumah Sakit Umum,C,106,32,329,Organisasi Islam ,Non BLU/BLUD,Kota Mataram,"Jl. Catur Warga Mataram, Kelurahan Mataram Timur, Kecamatan Mataram, Kota Mataram 83126"
5271065,Nusa Tenggara Barat,5815.3,296,RS Bhayangkara Mataram,Rumah Sakit Umum,C,105,23,235,POLRI,Non BLU/BLUD,Kota Mataram,"Jl. Langko No.64,Mataram"
5272003,Nusa Tenggara Barat,5815.3,296,RS Harapan Keluarga,Rumah Sakit Umum,C,120,59,256,Perusahaan,Non BLU/BLUD,Kota Mataram,"Jl. Ahmad Yani No. 9 Selagalas, Kec. Sandubaya, Mataram"
5271021,Nusa Tenggara Barat,5815.3,296,RS Angkatan Darat REM Wira Bhakti Mataram,Rumah Sakit Umum,D,64,28,162,TNI AD,Non BLU/BLUD,Kota Mataram,Jl. HOS Cokroaminoto 7 Mataram
5271098,Nusa Tenggara Barat,5815.3,296,RS Bio Medika,Rumah Sakit Umum,D,61,33,131,SWASTA/LAINNYA,Non BLU/BLUD,Kota Mataram,"Jl. Bung Karno No. 143 Pagutan Barat, Kecamatan Mataram, Mataram, NTB"
5271043,Nusa Tenggara Barat,5815.3,296,RS Umum Khatolik Saint Antonius  Ampenan,Rumah Sakit Umum,D,50,18,64,Organisasi Katholik,Non BLU/BLUD,Kota Mataram,"Jl. Koperasi no 61 Ampenan Utara, Kecamatan Ampenan, Kota Mataram, Propinsi Nusa Tenggara Barat Kode Pos 83111"
5201010,Nusa Tenggara Barat,5815.3,296,RS Umum Daerah Patut Patuh Patju,Rumah Sakit Umum,B,234,56,490,Pemkab,BLUD,Lombok Barat,Jl. H. Lalu Anggrat BA No. 2 Gerung
5201012,Nusa Tenggara Barat,5815.3,296,RS Umum Daerah Awet Muda Narmada,Rumah Sakit Umum,C,103,51,302,Pemkab,BLUD,Lombok Barat,Jl. Ahmad Yani No. 69 Telaga Ngembeng Narmada Lombok Barat
5202023,Nusa Tenggara Barat,5815.3,296,RS Ibu dan Anak Bhumi Bunda,Rumah Sakit Khusus Ibu dan Anak,C,25,18,15,Organisasi Sosial,Non BLU/BLUD,Lombok Tengah,"Jl.Basuki Rahmat No.90 Ketejer, Gerunung, Praya Kab. Lombok Tengah Provinsi NTB"
5202035,Nusa Tenggara Barat,5815.3,296,RS Mandalika Provinsi Nusa Tenggara Barat,Rumah Sakit Umum,C,74,47,35,Pemprop,BLUD,Lombok Tengah,"Jl. Kuta Lombok, Sengkol, Kec. Pujut"
5202011,Nusa Tenggara Barat,5815.3,296,RS Umum Praya,Rumah Sakit Umum,C,240,138,760,Pemkab,BLUD,Lombok Tengah,"Jalan Haji Lalu Hasyim, Kelurahan Tiwu Galih, Kecamatan  Praya. Kabupaten Lombok Tengah, Provinsi Nusa Tenggara Barat. Kode Pos: 83518"
5202022,Nusa Tenggara Barat,5815.3,296,RS Islam Yatofa,Rumah Sakit Umum,D,83,35,331,SWASTA/LAINNYA,Non BLU/BLUD,Lombok Tengah,"Jalan Raya Praya - Mantang. Km.7. Desa Montong Terep, Kecamatan Praya, Kabupaten Lombok Tengah, Provinsi Nusa Tenggara Barat"
5202024,Nusa Tenggara Barat,5815.3,296,RS Cahaya Medika,Rumah Sakit Umum,D,58,25,65,Perusahaan,Non BLU/BLUD,Lombok Tengah,"Jl. Gajah Mada, Keluarahan Leneng, Kecamatan Praya"
5202036,Nusa Tenggara Barat,5815.3,296,RS Umum Adikarsa,Rumah Sakit Umum,D,48,14,,Perusahaan,Non BLU/BLUD,Lombok Tengah,"Jl. Basuki Rahmat 110, Praya, Lombok Tengah, Nusa Tenggara Barat"
5203042,Nusa Tenggara Barat,5815.3,296,RS Ibu dan Anak Permata Hati Lombok Timur,Rumah Sakit Khusus Ibu dan Anak,C,62,15,,SWASTA/LAINNYA,Non BLU/BLUD,Lombok Timur,Jl. Raya Masbagik Selong Dusun Tanak Malit Selatan Kel. Masbagik Selatan Kab. Lombok Timur
5203029,Nusa Tenggara Barat,5815.3,296,RS Ibu dan Anak Kuncup Bunga,Rumah Sakit Khusus Ibu dan Anak,C,38,12,,SWASTA/LAINNYA,Non BLU/BLUD,Lombok Timur,"Jl. DR. Cipto MangunKusumo No. 16 Kel. Majdi Kec. Selong, Prov. Nusa Tenggara Barat"
5203012,Nusa Tenggara Barat,5815.3,296,RS Umum Daerah Dr. R. Soedjono Selong,Rumah Sakit Umum,B,283,105,1280,Pemkab,BLUD,Lombok Timur,"Jl. Prof M. Yamin, SH. No. 55 Selong, 83612"
5203025,Nusa Tenggara Barat,5815.3,296,RS Lotim Medical Center,Rumah Sakit Umum,C,103,60,181,Perusahaan,BLU,Lombok Timur,"Jl. Pejanggik No. 78A Kelurahan Rakam, Kecamatan Selong, Kab. Lombok Timur. Provinsi NTB"
5203024,Nusa Tenggara Barat,5815.3,296,RS Islam Namira,Rumah Sakit Umum,C,115,56,113,SWASTA/LAINNYA,Non BLU/BLUD,Lombok Timur,Jl. K.H. Akhmad Dahlan No 17 Pancor
5203030,Nusa Tenggara Barat,5815.3,296,RS Umum Daerah Patuh Karya,Rumah Sakit Umum,D,50,21,,Pemkab,Non BLU/BLUD,Lombok Timur,"Jl. Arjanjang, Selebung Ketangga, Kecamatan Keruak Kabupaten Lombok Timur NTB"
5203027,Nusa Tenggara Barat,5815.3,296,RS Umum Daerah Lombok Timur,Rumah Sakit Umum,D,70,36,83,Pemkab,Non BLU/BLUD,Lombok Timur,Jl. HOS Cokroaminoto No. 31 Desa Labuhan Haji Kecamatan Labuhan Haji Lombok Timur
5203028,Nusa Tenggara Barat,5815.3,296,RS Islam S. Anggoro,Rumah Sakit Umum,D,72,51,35,Perusahaan,Non BLU/BLUD,Lombok Timur,Jl. Raya Terara Desa Terara Kecamatan Terara Kabupaten Lombok Timur Provinsi Nusa Tenggara Barat
5203041,Nusa Tenggara Barat,5815.3,296,RS Umum Daerah Selaparang,Rumah Sakit Umum,D PRATAMA,43,12,,Pemkab,Non BLU/BLUD,Lombok Timur,Jl. Wisata Gunung Rinjani Desa Suela Kec. Suela Kab. Lombok Timur
5208002,Nusa Tenggara Barat,5815.3,296,RS Umum Kab. Lombok Utara,Rumah Sakit Umum,C,151,25,80,Pemkab,BLUD,Lombok Utara,"     Jl. Raya Tioq Tata Tunaq, Tanjung Lombok Utara"
5206027,Nusa Tenggara Barat,5815.3,296,RS H. L. Manambai Abdulkadir,Rumah Sakit Umum,C,189,53,281,Pemprop,BLUD,Sumbawa,Jl. Lintas Sumbawa-Bima KM. 5 Sumbawa Besar
5204013,Nusa Tenggara Barat,5815.3,296,RS Umum Sumbawa,Rumah Sakit Umum,C,233,37,335,Pemkab,BLUD,Sumbawa,Jl. Sultan Kaharuddin Desa/Kel. Kerato Kec. Unteriwis Kab. Sumbawa
5207004,Nusa Tenggara Barat,5815.3,296,RS Abdul Malik Fadjar,Rumah Sakit Umum,D,52,87,59,Organisasi Islam ,Non BLU/BLUD,Sumbawa,"Jl. Hasanuddin No. 33, RT 003 RW 003, Kelurahan Bugis, Kecamatan Sumbawa, Kabupaten Sumbawa, Provinsi Nusa Tenggara Barat"
5207002,Nusa Tenggara Barat,5815.3,296,RS Umum Daerah Asy-Syifa Sumbawa Barat,Rumah Sakit Umum,C,100,49,304,Pemkab,BLUD,Sumbawa Barat, Jln Lang Sesat Taliwang
5307010,Nusa Tenggara Timur,5828.6,126,RS Daerah Kalabahi,Rumah Sakit Umum,C,121,31,596,Pemkab,Non BLU/BLUD,Alor,Jl. Dr Soetomo No 08 Kelurahan Kalabahi Kota Kec. Teluk Mutiara  Kab. Alor
5307021,Nusa Tenggara Timur,5828.6,126,RS Umum Kelas D Pratama Mola,Rumah Sakit Umum,D PRATAMA,18,9,25,Pemkab,Non BLU/BLUD,Alor,"Jl. Masang, RT. 08 RW. 04 Kel. Welai Timur, Kec. Teluk Mutiara"
5306016,Nusa Tenggara Timur,5828.6,126,RS Umum Daerah MGR Gabriel Manek,Rumah Sakit Umum,C,183,26,367,Pemkab,BLUD,Belu, Jl. Dr Sutomo No. 2 Atambua
5306031,Nusa Tenggara Timur,5828.6,126,RS Sito Husada,Rumah Sakit Umum,D,88,31,,Organisasi Sosial,Non BLU/BLUD,Belu,"Jl. KH.Dewantara, No.15 Bardao - Atambua Belu"
5306020,Nusa Tenggara Timur,5828.6,126,RS Katholik Marianum Halilulik,Rumah Sakit Umum,D,50,23,108,Organisasi Sosial,Non BLU/BLUD,Belu," Jl. Raya Halilulik - Betun, Dusun Halibaurenes"
5306053,Nusa Tenggara Timur,5828.6,126,RS Tk. IV 09.07.04 Atambua,Rumah Sakit Umum,D,72,18,,TNI AD,Non BLU/BLUD,Belu,"Jl. Piere Tendean, Gerbades, Kota Atambua"
5311013,Nusa Tenggara Timur,5828.6,126,RS Umum Daerah Ende,Rumah Sakit Umum,C,184,18,605,Pemkab,BLUD,Ende,Jl. Prof Dr. WZ.Johanes Ende
5311024,Nusa Tenggara Timur,5828.6,126,RS St Antonius Jopu,Rumah Sakit Umum,D,50,38,72,Organisasi Katholik,Non BLU/BLUD,Ende,"JLN. WOLOWARU-NGGELA RT 018/RW 009, DESA JOPU, KEC. WOLOWARU"
5309012,Nusa Tenggara Timur,5828.6,126,RS Umum Daerah dr. Hendrikus Fernandez Larantuka,Rumah Sakit Umum,C,147,34,380,Pemkab,BLUD,Flores Timur," Jl. Jend. Sudirman No. 33 Kelurahan Sarotari Tengah, Kecamatan Larantuka, Kabupaten Flores Timur, Provinsi Nusa Tenggara Timur"
5309046,Nusa Tenggara Timur,5828.6,126,RS Pratama Adonara,Rumah Sakit Umum,D PRATAMA,30,10,,Pemkab,Non BLU/BLUD,Flores Timur,"Desa Saosina, Kec. Adonara Timur"
5371047,Nusa Tenggara Timur,5828.6,126,RS Ibu dan Anak Dedari,Rumah Sakit Khusus Ibu dan Anak,C,62,24,199,Organisasi Sosial,Non BLU/BLUD,Kota Kupang,"Jl. Rantai Damai No. 69 D, Kel. Tuak Daun Merah."
5371059,Nusa Tenggara Timur,5828.6,126,RS Jiwa Naimata,Rumah Sakit Khusus Jiwa,C,39,23,204,Pemprop,BLUD,Kota Kupang,Jl. Taebenu RT. 007 RW. 003 Kel. Naimata Kec. Maulafa
5371011,Nusa Tenggara Timur,5828.6,126,RS Umum Prof. Dr. WZ Johanes,Rumah Sakit Umum,B,344,74,660,Pemprop,BLUD,Kota Kupang,"  Jl. Dr Moch Hatta No. 19 Kupang, Kel. Oetete. Kec. Oebobo"
5303028,Nusa Tenggara Timur,5828.6,126,RS Siloam Kupang,Rumah Sakit Umum,B,231,79,358,SWASTA/LAINNYA,Non BLU/BLUD,Kota Kupang,Jl. R. W. Monginsidi Kelurahan Fatululi Kecamatan Oebobo
5303056,Nusa Tenggara Timur,5828.6,126,RS Umum Pusat dr. Ben Mboi,Rumah Sakit Umum,B,220,22,,Kemkes ,Non BLU/BLUD,Kota Kupang,"Jl. Viquam RT.15/RW.5 Kel. Manulai II Kec. Alak, Kota Kupang Provinsi Nusa Tenggara Timur 85238 Indonesia"
5303033,Nusa Tenggara Timur,5828.6,126,RS Bhayangkara,Rumah Sakit Umum,C,154,97,193,POLRI,BLU,Kota Kupang,Jl. Nangka No. 84 Kupang
5303022,Nusa Tenggara Timur,5828.6,126,RS Tk. III Wirasakti Kupang,Rumah Sakit Umum,C,130,33,208,TNI AD,Non BLU/BLUD,Kota Kupang,"Jln. Moch Hatta No.9-11 ,Kupang"
5371046,Nusa Tenggara Timur,5828.6,126,RS TNI AL Lantamal VII Kupang,Rumah Sakit Umum,C,87,23,88,TNI AL,Non BLU/BLUD,Kota Kupang,"Jl. Yos Sudarso No. 5 Osmok, Kel Namosain Kec.Alak, Kupang"
5371054,Nusa Tenggara Timur,5828.6,126,RS Umum Mamami,Rumah Sakit Umum,C,122,33,112,Perorangan,Non BLU/BLUD,Kota Kupang,"Jl. R. W. Monginsidi I No 3, Kota Kupang Kel. Pasir Panjang, Kec. Kota Lama"
5371058,Nusa Tenggara Timur,5828.6,126,RS Umum Leona Kupang,Rumah Sakit Umum,C,137,43,231,Organisasi Sosial,Non BLU/BLUD,Kota Kupang,Jl. Soeverdi No. 20 Oebufu
5371052,Nusa Tenggara Timur,5828.6,126,RS St. Carolus Borromeus,Rumah Sakit Umum,C,100,69,195,Organisasi Katholik,Non BLU/BLUD,Kota Kupang,"Jl. H.R. Koroh, km. 08, Kel. Bello, Kec. Maulafa, Kota Kupang, NTT"
5303013,Nusa Tenggara Timur,5828.6,126,RS Umum Daerah S. K. Lerik,Rumah Sakit Umum,C,156,51,196,Pemkot,BLUD,Kota Kupang,    Jl. Timor Raya  No. 134 Kelurahan Pasir Panjang Kecamatan Kota Lama Kota Kupang Nusa Tenggara Timur (85227)
5371057,Nusa Tenggara Timur,5828.6,126,RS Umum Kartini Kupang,Rumah Sakit Umum,D,61,89,124,Perusahaan,Non BLU/BLUD,Kota Kupang,"Jl. Frans Seda No. 17 RT.34 RW.09 Kelurhan Tuak Daun Merah, Kecamatan Oebobo, Kota kUpang-NTT"
5303057,Nusa Tenggara Timur,5828.6,126,RS Umum Leona Noelbakti,Rumah Sakit Umum,C,205,31,,SWASTA/LAINNYA,Non BLU/BLUD,Kupang,Jl. Timor Raya Km. 17 Noelbaki Kab. Kupang
5303045,Nusa Tenggara Timur,5828.6,126,RS Umum Daerah Naibonat,Rumah Sakit Umum,C,102,30,373,Pemkab,BLUD,Kupang," Jl. Timor Raya KM.37 Oelamasi, Kupang"
5308045,Nusa Tenggara Timur,5828.6,126,RS Umum Daerah Lewoleba,Rumah Sakit Umum,C,103,23,311,Pemkab,Non BLU/BLUD,Lembata,Jl.Trans Lembata No.1 Lewoleba Lembata
5309034,Nusa Tenggara Timur,5828.6,126,RS Damian Lembata,Rumah Sakit Umum,D,60,17,31,Organisasi Katholik,Non BLU/BLUD,Lembata,jalan Trans Nagawutung
5308023,Nusa Tenggara Timur,5828.6,126,RS  Bukit Lewoleba,Rumah Sakit Umum,D,55,11,26,Organisasi Katholik,Non BLU/BLUD,Lembata,Jl. Trans Atadei Kel. Lewoleba Barat 
5306042,Nusa Tenggara Timur,5828.6,126,RS Umum Penyangga Perbatasan Betun,Rumah Sakit Umum,C,107,23,391,Pemkab,BLUD,Malaka,"Jl. Sukabihanawa No. 02 Desa Kamanasa Kec.Malaka Tengah,Kabupaten Malaka,Propinsi NTT"
5313015,Nusa Tenggara Timur,5828.6,126,RS Umum Daerah Ruteng,Rumah Sakit Umum,C,265,30,425,Pemkab,BLUD,Manggarai,"Jl. Dr. Soetomo No. 1 Ruteng, Kab. Manggarai"
5313026,Nusa Tenggara Timur,5828.6,126,RS  ST Rafael Cancar,Rumah Sakit Umum,D PRATAMA,69,16,113,Organisasi Katholik,Non BLU/BLUD,Manggarai,"Jl.Ruteng-Labuan Bajo, Kel. Wae Belang"
5313037,Nusa Tenggara Timur,5828.6,126,RS Pratama Reo,Rumah Sakit Umum,D PRATAMA,71,28,,Pemkab,Non BLU/BLUD,Manggarai,Jl. Pelabuhan Reo Wangkung. Kec. Reok
5315002,Nusa Tenggara Timur,5828.6,126,RS Siloam Labuan Bajo,Rumah Sakit Umum,C,77,40,198,SWASTA/LAINNYA,Non BLU/BLUD,Manggarai Barat,Jl. Gabriel GampurKecamatan Komodo - Labuan BajoKab. Manggarai Barat
5315004,Nusa Tenggara Timur,5828.6,126,RS Umum Santo Yoseph Labuan bajo,Rumah Sakit Umum,D,50,26,,Organisasi Katholik,Non BLU/BLUD,Manggarai Barat,Jl. Eduardus Sangsung Kel. Wae Kelambu Kec. Komodo
5319002,Nusa Tenggara Timur,5828.6,126,RS Umum Daerah Borong,Rumah Sakit Umum,D,58,17,79,Pemkab,Non BLU/BLUD,Manggarai Timur,"Lehong, Desa Gurung Liwut, Kecamatan Borong"
5319013,Nusa Tenggara Timur,5828.6,126,RS Pratama Watunggong,Rumah Sakit Umum,D PRATAMA,32,40,,Pemkab,Non BLU/BLUD,Manggarai Timur,Desa Satar Nawang Kec. Congkar Kab. Manggarai Timur
5318002,Nusa Tenggara Timur,5828.6,126,RS Umum Daerah Aeramo Kabupaten Nagekeo,Rumah Sakit Umum,C,103,16,138,Pemkab,BLUD,Nagekeo,"Desa Aeramo, Kecamatan Aesesa Kabupaten Nagekeo"
5318014,Nusa Tenggara Timur,5828.6,126,RSUD Pratama Raja,Rumah Sakit Umum,D PRATAMA,,1,,Pemkab,Non BLU/BLUD,Nagekeo,DESA RAJA TIMUR KECAMATAN BOAWAE KABUPATEN NAGEKEO
5312014,Nusa Tenggara Timur,5828.6,126,RS Umum Bajawa,Rumah Sakit Umum,C,113,21,399,Pemkab,BLUD,Ngada,"Jl. Diponegoro No. 5, Bajawa"
5303024,Nusa Tenggara Timur,5828.6,126,RS Umum Daerah Rote Ndao Ba'a ,Rumah Sakit Umum,C,110,22,217,Pemkab,Non BLU/BLUD,Rote Ndao," Jl. Prof. Adrianus Mooy, Kel. Mokdale, Kec. Lobalain, Kab. Rote Ndao"
5320013,Nusa Tenggara Timur,5828.6,126,RS Pratama Raijua,Rumah Sakit Umum,Belum Ditetapkan,30,4,,Pemkab,Non BLU/BLUD,Sabu Raijua,"Kelurahan Ledeunu Kecamatan Raijua, Kabupaten Sabu Raijua"
5320002,Nusa Tenggara Timur,5828.6,126,RS Umum Daerah Sabu Raijua,Rumah Sakit Umum,D,58,15,61,Pemkab,Non BLU/BLUD,Sabu Raijua,"Jl. El-Tari Seba, Menia"
5310012,Nusa Tenggara Timur,5828.6,126,RS Umum Dr TC Hillers Maumere,Rumah Sakit Umum,C,202,31,803,Pemkab,BLUD,Sikka,"   Jl. Wairklau, Kel. Kota Uneng, Kec. Alok, Kabupaten Sikka, Nusa Tenggara Timur"
5310023,Nusa Tenggara Timur,5828.6,126,RS St Elizabeth Lela,Rumah Sakit Umum,D,54,21,105,Organisasi Katholik,Non BLU/BLUD,Sikka,"Lela Maumere,Kab.Sikka"
5310034,Nusa Tenggara Timur,5828.6,126,RS Umum St. Gabriel Kewapante Sikka,Rumah Sakit Umum,D,77,49,148,Organisasi Sosial,Non BLU/BLUD,Sikka,Kewapante Kabupaten Sikka
5301033,Nusa Tenggara Timur,5828.6,126,RS Umum Waikabubak,Rumah Sakit Umum,C,117,34,473,Pemkab,BLUD,Sumba Barat," Jl. Adhyaksa, Km.3, Kel. Diratana, Kec. Loli, Waikabubak"
5301035,Nusa Tenggara Timur,5828.6,126,RS Umum Hobakalla,Rumah Sakit Umum,D,50,17,1,Pemkab,Non BLU/BLUD,Sumba Barat,Desa Patiala Bawa Kec. Lamboya
5301011,Nusa Tenggara Timur,5828.6,126,RS Kristen Lende Moripa,Rumah Sakit Umum,D,86,23,217,Organisasi Sosial,Non BLU/BLUD,Sumba Barat,Jl. El Tari No.2 Waikabubak
5301022,Nusa Tenggara Timur,5828.6,126,RS Karitas Weetabula,Rumah Sakit Umum,C,121,21,100,Organisasi Sosial,Non BLU/BLUD,Sumba Barat Daya,Jl. Bulgur No 1 - Weetebula
5317002,Nusa Tenggara Timur,5828.6,126,RS Umum Daerah Reda Bolo,Rumah Sakit Umum,D,121,24,72,Pemkab,Non BLU/BLUD,Sumba Barat Daya,"Jl. Welonda, Desa Watu Kawula, Kec. Kota Tambolaka, Kab. Sumba Barat Daya"
5316003,Nusa Tenggara Timur,5828.6,126,RS Umum Daerah Waibakul,Rumah Sakit Umum,D,83,22,160,Pemkab,Non BLU/BLUD,Sumba Tengah,Jl. Lintas Waihibur Desa Umbu Mamijuk Kecamatan Umbu Ratu Nggay Barat Kabupaten Sumba Tengah
5302045,Nusa Tenggara Timur,5828.6,126,RS Ibu dan Anak Mitra Ananda,Rumah Sakit Khusus Ibu dan Anak,C,34,9,,SWASTA/LAINNYA,BLU,Sumba Timur,"Jl. Ahmad Yani No. 29, Waingapu, Sumba Timur, NTT"
5302023,Nusa Tenggara Timur,5828.6,126,RS Umum Daerah Waingapu,Rumah Sakit Umum,C,136,35,520,Pemkab,BLUD,Sumba Timur,  Jl. Adam Malik No.54 Kel. Kambajawa - Kecamatan Kota Waingapu
5302012,Nusa Tenggara Timur,5828.6,126,RS Kristen Lindimara,Rumah Sakit Umum,D,82,30,176,Organisasi Sosial,Non BLU/BLUD,Sumba Timur,"Jl. Prof.DR WZ. Johannes No.6,Waingapu"
5302034,Nusa Tenggara Timur,5828.6,126,RS Umum Imanuel Sumba,Rumah Sakit Umum,D,53,30,72,Organisasi Sosial,Non BLU/BLUD,Sumba Timur,"Jl. Nangka No.4,Waingapu-Sumba Timur"
5302046,Nusa Tenggara Timur,5828.6,126,RS Pratama Umbu Hunga Meha Nggongi,Rumah Sakit Umum,D PRATAMA,37,11,,Kementerian Lain,Non BLU/BLUD,Sumba Timur,"Jl. Lintas Waingapu-Nggongi, Desa Nggongi Kec. Karera"
5304014,Nusa Tenggara Timur,5828.6,126,RS Umum Soe,Rumah Sakit Umum,C,109,34,331,Pemkab,BLUD,Timor Tengah Selatan,   Jl. Boegenville No.7 Soe - Timor Tengah Selatan
5304015,Nusa Tenggara Timur,5828.6,126,RS Umum Muder Ignacia,Rumah Sakit Umum,D PRATAMA,30,14,56,Organisasi Sosial,Non BLU/BLUD,Timor Tengah Selatan,Jalan Kakatua No. 38 Kelurahan Nunumeu Kecamatan Kota Soe
5304026,Nusa Tenggara Timur,5828.6,126,RS Pratama Kualin,Rumah Sakit Umum,D PRATAMA,33,4,,Pemkab,Non BLU/BLUD,Timor Tengah Selatan,"Jl. Lintas Selatan, Desa Tuafanu No. 1, Kec. Kualin"
5305015,Nusa Tenggara Timur,5828.6,126,RS Umum Daerah Kefamenanu,Rumah Sakit Umum,C,114,28,363,Pemkab,BLUD,Timor Tengah Utara, Jl. Letjen Suprapto Kefamenanu
5305025,Nusa Tenggara Timur,5828.6,126,RS Umum Leona,Rumah Sakit Umum,C,133,43,127,Perusahaan,Non BLU/BLUD,Timor Tengah Utara,"Jl. Eltari Kelurahan Maubeli, Kec. Kota Kefamenanu"
5305024,Nusa Tenggara Timur,5828.6,126,RS Umum Bunda Pembantu Abadi Naob,Rumah Sakit Umum,D,55,21,10,Organisasi Sosial,Non BLU/BLUD,Timor Tengah Utara,Desa Naob Kecamatan Noemuti Timur
9205030,Papua,1086.5,13,RS Angkatan Laut dr. R Gandhi AT,Rumah Sakit Umum,C,103,41,26,TNI AL,Non BLU/BLUD,Biak Numfor,Komplek TNI AL Lanal Biak Jalan Jenderal Sudirman Kelurahan Waupnor Kecamatan Biak Kota Kabupaten Biak Numfor Provinsi Papua (98515)
9205015,Papua,1086.5,13,RS Umum Biak,Rumah Sakit Umum,C,380,55,577,Pemkab,BLUD,Biak Numfor," Jl. Sriwijaya Ridge I Biak, Kecamatan Samofa, Kabupaten Biak Numfor, Propinsi Papua"
9271078,Papua,1086.5,13,RS Umum Daerah Yowari Sentani,Rumah Sakit Umum,C,130,47,253,Pemkab,BLUD,Jayapura,"    Jl. Raya Sentani - Depapre,Doyo Baru"
9220043,Papua,1086.5,13,RS Umum Daerah Kwaingga Kabupaten Keerom,Rumah Sakit Umum,D,86,19,164,Pemkab,Non BLU/BLUD,Keerom,JLN. BHAYANGKARA ARSO SWAKARSA
9204014,Papua,1086.5,13,RS Umum Daerah Serui,Rumah Sakit Umum,C,125,42,78,Pemkab,Non BLU/BLUD,Kepulauan Yapen,"Jl. Pertanian Wainakawini - Distrik Anotaurei,Kelurahan Anotaurei, Serui - Papua"
9271045,Papua,1086.5,13,RS Jiwa Abepura,Rumah Sakit Khusus Jiwa,B,76,20,80,Pemprop,Non BLU/BLUD,Kota Jayapura,"Jl. Kesehatan II Abepura. Kelurahan Awiyo. Kecamatan Abepura. Kota Jayapura, Papua. 99351."
9271012,Papua,1086.5,13,RS Umum Jayapura,Rumah Sakit Umum,B,300,37,522,Pemprop,BLUD,Kota Jayapura," Jl. Kesehatan I No. 01 Dok II Jayapura, Kel. Bhayangkara Kec. Jayapura Utara Kota Jayapura Provinsi Papua"
9203015,Papua,1086.5,13,RS TNI Angkatan Laut dr. Soedibjo Sardadi,Rumah Sakit Umum,C,108,32,164,TNI AL,Non BLU/BLUD,Kota Jayapura,Jl. Amphibi No.1 Hamadi Jayapura
9271023,Papua,1086.5,13,RS Umum Abepura,Rumah Sakit Umum,C,236,79,190,Pemprop,BLUD,Kota Jayapura,"Jl. Kesehatan No. I Abepura, jayapura"
9271056,Papua,1086.5,13,RS Dian Harapan,Rumah Sakit Umum,C,147,82,336,Organisasi Sosial,Non BLU/BLUD,Kota Jayapura,Jl. Teruna Bakti Waena Jayapura
9271079,Papua,1086.5,13,RS Provita Jayapura,Rumah Sakit Umum,C,124,44,204,Perorangan,BLU,Kota Jayapura,Jl. Sam Ratulangi No. 39 APO Jayapura Utara
9271067,Papua,1086.5,13,RS Bhayangkara Jayapura,Rumah Sakit Umum,C,132,39,340,POLRI,BLU,Kota Jayapura,"Jl. Jeruk Nipis Furia Kotaraja,Jayapura"
9203016,Papua,1086.5,13,RS TNI Angkatan Darat Marthen Indey Jayapura,Rumah Sakit Umum,C,133,49,376,TNI AD,BLU,Kota Jayapura,Jln. Diponegoro No. 57 Kelurahan Gurabesi 
9271080,Papua,1086.5,13,RS Umum Daerah Ramela Muara Tami,Rumah Sakit Umum,D,55,25,47,Pemkot,Non BLU/BLUD,Kota Jayapura,"Jl. Protokol Koya Barat, Kel. Koya Barat, Distrik Muara Tami, Kota Jayapura, Provinsi Papua"
9228002,Papua,1086.5,13,RS Umum Daerah Kawera,-,Rumah Sakit Umum,1220,50,20,Non BLU/BLUD,D PRATAMA,Mamberamo Raya,"  Jln. Demianus Kyeuw-kyeuw, SH"
9219044,Papua,1086.5,13,RS Hendrik Fintay Kabupaten Sarmi,Rumah Sakit Umum,D,63,13,,Pemkab,Non BLU/BLUD,Sarmi,Jl Trans Jayapura-Sarmi Kampung Dabe Distrik Pantai Timur Bagian Barat Kabupaten Sarmi Provinsi Papua
9227011,Papua,1086.5,13,RS Umum Daerah Supiori,Rumah Sakit Umum,D,46,24,136,Pemkab,Non BLU/BLUD,Supiori,"Jl. Raya Korido Marsram, Desa/kelurahan Masram, Distrik/Kecamatan Supiori Timur, Kabupaten  Supiori, Kota Sorendiweri, 98573 Provinsi Papua."
9226002,Papua,1086.5,13,RS Umum Daerah Rumah Rodo Fabo ,Rumah Sakit Umum,D PRATAMA,14,6,,Pemkab,Non BLU/BLUD,Waropen,"Jl. HKBP Roberth Suweni No.1, Batu Zaman, Ware"
9101010,Papua Barat,596.5,10,RS Umum Daerah Fakfak,Rumah Sakit Umum,C,132,25,284,Pemkab,Non BLU/BLUD,Fakfak,Jalan Jend. Sudirman – Kel. Wagom Distrik Pariwari Fakfak Papua Barat Kode Pos 98613
9102034,Papua Barat,596.5,10,RS Umum Daerah Kaimana,Rumah Sakit Umum,C,100,32,270,Pemkab,Non BLU/BLUD,Kaimana,"Jl. Perempatan Kaimana-Tanggaromi, Km 01, Distrik Kaimana, Kabupaten Kaimana, Provinsi Papua Barat 98654"
9105006,Papua Barat,596.5,10,RS Umum Daerah Provinsi Papua Barat,Rumah Sakit Umum,C,192,33,313,Pemprop,BLUD,Manokwari,Jl. Angkasa Mulyono Kompleks Irman Jaya Manokwari Papua Barat 98312
9102011,Papua Barat,596.5,10,RS Umum Daerah Manokwari,Rumah Sakit Umum,C,160,26,442,Pemkab,BLUD,Manokwari,"Jl. Bhayangkara No. 1 Kelurahan Manokwari Timur, Kecamatan Manokwari Barat, Kabupaten Manokwari, Propinsi Papua Barat. Kode Pos 98312"
9105005,Papua Barat,596.5,10,RS Bhayangkara Lodewijk Mandatjan,Rumah Sakit Umum,D,53,15,60,POLRI,Non BLU/BLUD,Manokwari,Jl. Trikora Maripi KM 21
9102033,Papua Barat,596.5,10,RS AL dr. Azhar Zahir Manokwari,Rumah Sakit Umum,D,118,23,170,TNI AL,Non BLU/BLUD,Manokwari,Jl. Serma Suwandi No. 01 Manokwari
9105004,Papua Barat,596.5,10,RS Pratama Warmare,Rumah Sakit Umum,D,50,23,78,Pemkab,Non BLU/BLUD,Manokwari,"Jln. Poros Prafi, Kampung Indisey, Distrik Prafi, Manokwari, Papua Barat (98316)"
9105017,Papua Barat,596.5,10,RS Divari Medical Center,Rumah Sakit Umum,D,55,17,,SWASTA/LAINNYA,Non BLU/BLUD,Manokwari,Jl. Drs. Esau Sesa RT. 001 RW. 008 Kel. Wosi Kec. Manokwari Barat
9102022,Papua Barat,596.5,10,RS Tk.IV 18.07.02 J. A. Dimara,Rumah Sakit Umum,D,60,27,4,TNI AD,Non BLU/BLUD,Manokwari,"Jl. Brawijaya No.30, Kel. Manokwari Timur, Distrik Manokwari Barat, Kab. Manokwari, Papua Barat. 98312"
9111001,Papua Barat,596.5,10,RS Umum Elia Waran,Rumah Sakit Umum,C,62,20,,Pemkab,Non BLU/BLUD,Manokwari Selatan,"Jl. Otawar, Distrik Oransbari, Kabupaten Manokwari Selatan, Provinsi Papua Barat "
9104002,Papua Barat,596.5,10,RS Umum Daerah Teluk Bintuni,Rumah Sakit Umum,C,97,32,233,Pemkab,BLUD,Teluk Bintuni,"Jl. Raya Sibena Km.7, Kampung Wesiri, Kelurahan Bintuni Barat, Kecamatan Bintuni, Kabupaten Teluk Bintuni, Provinsi Papua Barat"
9103035,Papua Barat,596.5,10,RS Umum Daerah Dr. Alberth H. Torey,Rumah Sakit Umum,C,103,22,218,Pemkab,BLUD,Teluk Wondama,Jl. Raya Manggurai - Rasiei
9171032,Papua Barat Daya,645.5,17,RS Umum Daerah Sele Be Solu,Rumah Sakit Umum,C,149,30,380,Pemkot,BLUD,Kota Sorong,Jl Selebesolu II No. 1 Km 12 Klawalu Kota Sorong
9171046,Papua Barat Daya,645.5,17,RS Mutiara,Rumah Sakit Umum,D,55,18,67,Perorangan,Non BLU/BLUD,Kota Sorong,"JL. MALEO NO 2A HBM, Desa/Kelurahan Remu Utara, Kec. Sorong, Kota Sorong, Provinsi Papua Barat,"
9107002,Papua Barat Daya,645.5,17,RS Kasih Herlina,Rumah Sakit Umum,D,63,40,141,Perorangan,Non BLU/BLUD,Kota Sorong,Jl. Selat Makassar No. 7 Kel. Remu Selatan
9171047,Papua Barat Daya,645.5,17,RS Angkatan Laut dr. R. Oetojo,Rumah Sakit Umum,D,92,18,93,TNI AL,Non BLU/BLUD,Kota Sorong,Jl. Jend. Ahmad Yani Klademak IIIC
9171021,Papua Barat Daya,645.5,17,RS Pertamina Sorong,Rumah Sakit Umum,D,50,34,61,BUMN,Non BLU/BLUD,Kota Sorong,Jl. Ahmad Yani No.13 Sorong
9271034,Papua Barat Daya,645.5,17,RS Tk. IV dr. Aryoko,Rumah Sakit Umum,D,47,15,26,TNI AD,BLU,Kota Sorong,"Jl. Basuki Rahmat KM. 10, Klawalu Distrik Sorong Timur, Papua Barat Daya"
9110011,Papua Barat Daya,645.5,17,RS Umum Pratama Type D Kab. Maybrat,Rumah Sakit Umum,D PRATAMA,4,8,,Pemkab,Non BLU/BLUD,Maybrat,Jl. Susumuk-Kumurkek Sonere Aifat Maybrat Papua Barat Daya
9108002,Papua Barat Daya,645.5,17,RS Umum Daerah Raja Ampat,Rumah Sakit Umum,D,182,17,100,Pemkab,Non BLU/BLUD,Raja Ampat,"Jl. Jendral Basuki Rahmat, Kelurahan Warmasen, Distrik Waisai Kota, Kabupaten Raja Ampat, Provinsi Papua Barat Daya"
9171010,Papua Barat Daya,645.5,17,RS Umum Daerah Kabupaten Sorong,Rumah Sakit Umum,C,220,43,323,Pemkab,BLUD,Sorong,Jl. Sorong Klamono KM. 22 Kel. Klafma Distrik Aimas
9106013,Papua Barat Daya,645.5,17,RS Umum Daerah Scholoo Keyen,Rumah Sakit Umum,C,82,58,263,Pemkab,BLUD,Sorong Selatan, Jl. Teminabuan - Ayamaru Kampung Keyen - Teminabuan
9109002,Papua Barat Daya,645.5,17,RS Umum Kelas D Pratama Kab. Tambrauw,Rumah Sakit Umum,D PRATAMA,39,15,,Pemkab,Non BLU/BLUD,Tambrauw,Jl. Irawiam Distrik Fef Kab. Tambrauw
9230002,Papua Pegunungan,1501.9,29,RS Umum Daerah Tiom,Rumah Sakit Umum,D,85,27,13,Pemkab,Non BLU/BLUD,Lanny Jaya,"Jl. Abua - Tiom, Distrik Tiom, Kab. Lanny Jaya"
9231002,Papua Pegunungan,1501.9,29,RS Umum Daerah Lukas Enembe Kab. Memberamo Tengah,Rumah Sakit Umum,D PRATAMA,85,23,47,Pemkab,Non BLU/BLUD,Mamberamo Tengah,"Jln. Poros Gimbis Nomor 1, Distrik Kobakma, Kab. Mamberamo Tengah"
9229002,Papua Pegunungan,1501.9,29,RS Pratama Elvrida Sara,Rumah Sakit Umum,D,,29,9,Pemkab,Non BLU/BLUD,Nduga,Jl. Kompleks Rumah Sakit Distrik Kenyam
9217013,Papua Pegunungan,1501.9,29,RS Umum Daerah Oksibil,Rumah Sakit Umum,D,61,17,86,Pemkab,Non BLU/BLUD,Pegunungan Bintang, jl. Poros Kabiding No. 2 Oksibil
9218002,Papua Pegunungan,1501.9,29,RS Umum Daerah Karubaga,Rumah Sakit Umum,D PRATAMA,37,29,147,Pemkab,Non BLU/BLUD,Tolikara,"Jl.Igari, Kompleks Perkantoran Pemerintah Daerah Tolikara, Desa Igari Distrik Wenam  Kab.Tolikara Prov. Papua Pegunungan Kode Pos 99562"
9202014,Papua Pegunungan,1501.9,29,RS Umum Daerah Dekai,Rumah Sakit Umum,D,89,23,20,Pemkab,Non BLU/BLUD,Yahukimo,"Jl.  Jendral Sudirman, Distrik Dekai , Papua Pegunungan"
9232011,Papua Pegunungan,1501.9,29,RS Umum Daerah Er Dabi,Rumah Sakit Umum,D,35,18,,Pemkab,Non BLU/BLUD,Yalimo,Jl. Trans Wamena Jayapura KM. 123 Heahobak Distrik Abenaho Kab. Yalimo
9215011,Papua Selatan,557.2,5,RS Umum Daerah Perpetua J. Safanpo,Rumah Sakit Umum,D,104,24,261,Pemkab,Non BLU/BLUD,Asmat,"Jl. Zegward, Bis Agats, Kab. Asmat"
9213039,Papua Selatan,557.2,5,RS Umum Daerah Boven Digoel,Rumah Sakit Umum,D,102,23,112,Pemkab,Non BLU/BLUD,Boven Digoel,"Jl. Trans Papua KM 4, Kel. Persatuan, Kec. Mandobo"
9213038,Papua Selatan,557.2,5,RS Bergerak Kab. Boven Digoel,Rumah Sakit Umum,D PRATAMA,32,6,29,Pemkab,Non BLU/BLUD,Boven Digoel,Jl. Trans Papua Kampung Osso - Distrik Mindiptana
9214012,Papua Selatan,557.2,5,RS Umum Daerah Kabupaten Mappi,Rumah Sakit Umum,D,142,27,142,Pemkab,Non BLU/BLUD,Mappi,"Jl. Poros Agham Km.6, Kelurahan Kepi, Distrik Obaa, Kabupaten Mappi Provinsi Papua Selatan"
9201012,Papua Selatan,557.2,5,RS Umum Merauke,Rumah Sakit Umum,B,222,37,466,Pemkab,BLUD,Merauke,Jl. Soekarjo Wiryopranoto No. 1 Merauke
9201034,Papua Selatan,557.2,5,RS Bunda pengharapan Merauke,Rumah Sakit Umum,C,101,32,117,Organisasi Sosial,Non BLU/BLUD,Merauke,"Jl. Tujuh Wali-Wali, RT 020, RW 004, Kelurahan Kamundu, Kecamatan Merauke, Kabupaten Merauke, Papua"
9201046,Papua Selatan,557.2,5,RS Tk. IV 17.07.01 Jenderal LB Moerdani,Rumah Sakit Umum,D,81,24,,TNI AD,Non BLU/BLUD,Merauke,"Jl. Poros L.B. Moerdani, Kel. Kamangi, Kec. Tanah Miring, Kab. Merauke, Prov. Papua Selatan"
9201035,Papua Selatan,557.2,5,RS TNI Angkatan Laut Merauke,Rumah Sakit Umum,D,92,36,38,TNI AL,Non BLU/BLUD,Merauke,JL. Trikora No.7 Merauke
9236003,Papua Tengah,1510.8,25,RS Umum Daerah Pratama Waghete,Rumah Sakit Umum,D,16,8,,Pemkab,Non BLU/BLUD,Deiyai,Jl. Poros Waghete 
9234003,Papua Tengah,1510.8,25,RS Umum Daerah Pratama Dogiyai,Rumah Sakit Umum,D PRATAMA,25,11,,Pemkab,Non BLU/BLUD,Dogiyai,Kampung Ekimani Distrik Kamu Utara Kabupaten Dogiyai
9235002,Papua Tengah,1510.8,25,RS Umum Daerah Kabupaten Intan Jaya,Rumah Sakit Umum,D,14,6,17,Pemkab,Non BLU/BLUD,Intan Jaya,"Jln. Kali Wabu Wandoga, Yokatapa, Distrik Sugapa"
9212011,Papua Tengah,1510.8,25,RS Umum Daerah Kabupaten Mimika,Rumah Sakit Umum,C,186,32,241,Pemkab,BLUD,Mimika," Jl. Yos Sudarso KM 4. Nomor 00, Kelurahan Mawokauw Jaya, Kecamatan Wania, Kabupaten  Mimika, Propinsi Papua Tengah"
9201011,Papua Tengah,1510.8,25,RS Mitra Masyarakat Timika,Rumah Sakit Umum,C,140,27,331,Organisasi Sosial,Non BLU/BLUD,Mimika,Jl. Charitas No. 1- Papua Tengah
9212027,Papua Tengah,1510.8,25,RS TNI AD Tk. IV Timika,Rumah Sakit Umum,D,60,43,,TNI AD,Non BLU/BLUD,Mimika,Jl. Agimuga Mile 32 Desa Karang Senang Distrik Kuala Kencana
9212013,Papua Tengah,1510.8,25,RS Kasih Herlina,Rumah Sakit Umum,D,60,30,59,SWASTA/LAINNYA,Non BLU/BLUD,Mimika,Jl. A. Yani No. 37
9212028,Papua Tengah,1510.8,25,RS Bhayangkara Dhira Brata Cartenz,Rumah Sakit Umum,D,,1,,POLRI,Non BLU/BLUD,Mimika,Jl. Agimuga Mile 32 Asrama Polres Mimika
9202012,Papua Tengah,1510.8,25,RS Umum Nabire,Rumah Sakit Umum,C,267,47,49,Pemkab,BLUD,Nabire,"  Jl. R.E Martadinata Nabire, Siriwini, Papua Tengah"
9202023,Papua Tengah,1510.8,25,RS Umum Daerah Paniai,Rumah Sakit Umum,C,135,26,309,Pemkab,BLUD,Paniai," Jl. Raya Madi KM.7, Paniai Timur, Paniai, Papua Tengah"
9233011,Papua Tengah,1510.8,25,RS Umum Daerah Ilaga,Rumah Sakit Umum,D PRATAMA,58,6,,Pemkab,BLUD,Puncak,Kampung Kibogolome Distrik Ilaga
9211010,Papua Tengah,1510.8,25,RS Umum Daerah Mulia,Rumah Sakit Umum,D,81,26,148,Pemkab,BLUD,Puncak Jaya," Jl. Papua, Pruleme, Distrik Mulia Kabupaten Puncak Jaya"
1408011,Riau,6892.4,77,RS Umum Daerah  Bengkalis,Rumah Sakit Umum,B,208,73,787,Pemkab,BLUD,Bengkalis,"Jl Kelapapati Tengah No.90, Bengkalis"
1408080,Riau,6892.4,77,RS Umum  Permata Hati,Rumah Sakit Umum,C,127,17,146,Perusahaan,Non BLU/BLUD,Bengkalis,"Jl Jend. Sudirman No. 37,Kelurahan Gajah Sakti,Kecamatan Mandau,Kabupaten Bengkalis,Duri-RIAU,28784"
1408032,Riau,6892.4,77,RS Umum Daerah  Kec.Mandau,Rumah Sakit Umum,C,218,63,306,Pemkab,BLUD,Bengkalis,Jl Stadion No.10 Duri Bengkalis
1408079,Riau,6892.4,77,RS Umum  Thursina,Rumah Sakit Umum,D,54,25,35,SWASTA/LAINNYA,Non BLU/BLUD,Bengkalis,Jl Hangtuah No. 93
1408055,Riau,6892.4,77,RS Umum  Mutia Sari,Rumah Sakit Umum,D,85,34,132,SWASTA/LAINNYA,Non BLU/BLUD,Bengkalis,"Jl. Bathin Betuah No. 1A, Air Jamban, Mandau, Bengkalis"
1408067,Riau,6892.4,77,RS Pertamina Hulu Rokan,Rumah Sakit Umum,D,79,21,95,Perusahaan,Non BLU/BLUD,Bengkalis,"Komplek Merapi Camp PT Pertamina Hulu Rokan Duri, Kelurahan Pematang Pudu, Kecamatan Mandau, Kabupaten Bengkalis, Provinsi Riau"
1403048,Riau,6892.4,77,RS Ibu dan Anak Bunda Puja,Rumah Sakit Khusus Ibu dan Anak,C,12,16,,SWASTA/LAINNYA,Non BLU/BLUD,Indragiri Hilir,"Jl. Batang Tuaka No. 1, RT/RW 001/002, Kel. Pekan Arba Kec. Tembilahan"
1403013,Riau,6892.4,77,RS Umum Daerah  Puri Husada Tembilahan,Rumah Sakit Umum,C,265,37,210,Pemkab,BLUD,Indragiri Hilir,Jl Veteran No. 52 Tembilahan 
1403035,Riau,6892.4,77,RS Umum Daerah  Tengku Sulung,Rumah Sakit Umum,D,60,20,158,Pemkab,BLUD,Indragiri Hilir,"Jl Penunjang Pulau Kijang, Kec.Reteh, Kab. Inhil, Prov Riau"
1403024,Riau,6892.4,77,RS Umum Daerah  Raja Musa,Rumah Sakit Umum,D,50,22,176,Pemkab,BLUD,Indragiri Hilir,"Jl Tunas Harapan Sungai Guntung Kecamatan Kateman, Kabupaten Indragiri hilir, Provinsi Riau"
1402014,Riau,6892.4,77,RS Ibu dan Anak  Safira,Rumah Sakit Khusus Ibu dan Anak,C,39,13,62,Perusahaan,Non BLU/BLUD,Indragiri Hulu,"Jl. Jendral Sudirman No.79 Air Molek, Kel. Sekar Mawar, Kec. Pasir Penyu, Kab. Indragiri Hulu, Prov. Riau"
1402012,Riau,6892.4,77,RS Umum Daerah  Indrasari Rengat,Rumah Sakit Umum,C,144,52,458,Pemkab,BLUD,Indragiri Hulu,Jl Lintas Timur Sumatera Rengat Kec. Rengat Barat Kab. Indragiri Hulu Prov. Riau
1402015,Riau,6892.4,77,RS Muizzah,Rumah Sakit Umum,D,56,22,45,Perusahaan,Non BLU/BLUD,Indragiri Hulu,Jl. Lintas Timur Belilas Kel. Pangkalan Kasai
1402013,Riau,6892.4,77,RS Umum  Kasih Ibu Rengat,Rumah Sakit Umum,D,64,23,85,Perusahaan,Non BLU/BLUD,Indragiri Hulu,Jl Azki Aris Kampung Dagang Rengat
1406045,Riau,6892.4,77,RS Ibu Anak  Bunda Anisyah,Rumah Sakit Khusus Ibu dan Anak,C,37,11,21,Perorangan,Non BLU/BLUD,Kampar,"JL. Raya Pekanbaru-Bangkinang KM 52, Kampar"
1406046,Riau,6892.4,77,RS Ibu Anak  Norfa Husada,Rumah Sakit Khusus Ibu dan Anak,C,42,16,93,SWASTA/LAINNYA,Non BLU/BLUD,Kampar,"JL. MAYOR ALI RASYID NO 17 ABCD BANGKINANG KOTA, KABUPATEN KAMPAR, PROVINSI RIAU"
1406044,Riau,6892.4,77,RS Ibu Anak  Husada Bunda,Rumah Sakit Khusus Ibu dan Anak,C,38,17,51,Perorangan,Non BLU/BLUD,Kampar,"Jl Prof. M. Yamin, SH Salo, Kec.Salo Kab. Kampar, Riau 28451"
1406057,Riau,6892.4,77,RS Umum Pelita,Rumah Sakit Umum,C,100,24,,SWASTA/LAINNYA,Non BLU/BLUD,Kampar,"Jl. Raya Pekanbaru – Sungai Pagar, RT.001/RW.001 Dusun I Harapan Makmur, Desa Lubuk Sakat, Kec. Perhentian Raja."
1406016,Riau,6892.4,77,RS Umum Daerah  Bangkinang,Rumah Sakit Umum,C,119,47,292,Pemkab,BLUD,Kampar,"Jl Lingkar Bangkinang-Batu Belah, Kampar, Riau"
1406058,Riau,6892.4,77,RS Nurlima,Rumah Sakit Umum,D,50,14,,SWASTA/LAINNYA,Non BLU/BLUD,Kampar,"Jl. Raya Lintas Pekanbaru-Taluk Kuantan Km 62 Desa Lipat Kain Selatan, Kec. Kampar Kiri"
1406031,Riau,6892.4,77,RS Umum  Tandun,Rumah Sakit Umum,D,50,13,100,BUMN,Non BLU/BLUD,Kampar,"Desa Talang danto, Kec. Tapung Hulu, Kab. Kampar, Prov. Riau"
1406043,Riau,6892.4,77,RS Umum  Mesra,Rumah Sakit Umum,D,79,21,78,Perusahaan,Non BLU/BLUD,Kampar,"Jl Raya Pasir Putih No. 3A-C Kec. Siak Hulu, Kabupaten Kampar, Riau"
1410043,Riau,6892.4,77,RS Umum Daerah  Kabupaten Kepulauan Meranti,Rumah Sakit Umum,C,187,28,257,Pemkab,BLUD,Kepulauan Meranti,Jl Dorak
1473013,Riau,6892.4,77,RS Umum Daerah  Kota Dumai,Rumah Sakit Umum,B,301,61,1154,Pemkot,BLUD,Kota Dumai,"Jl Tanjung Jati No.4, Buluh Kasap Kecamatan Dumai Timur Kota Dumai . Provinsi Riau"
1473081,Riau,6892.4,77,Naray Hospital,Rumah Sakit Umum,C,108,22,,Perusahaan,Non BLU/BLUD,Kota Dumai,"Jl. Dr. Wahidin No. 98 – 99, Kel. Purnama, Kec. Dumai Barat, Kota Dumai Riau"
1472080,Riau,6892.4,77,RS Awal Bros Dumai,Rumah Sakit Umum,C,145,41,,Perusahaan,Non BLU/BLUD,Kota Dumai,"Jl. Jenderal Sudirman No. 88, RT 013 RW 000, Kel. Bintan, Kec. Dumai Kota"
1473078,Riau,6892.4,77,RS Bhayangkara Dumai,Rumah Sakit Umum,D,53,7,20,POLRI,Non BLU/BLUD,Kota Dumai,Jl. Hangtuah No.01 Kel. Buluh Kasap Kec. Dumai Timur
1473079,Riau,6892.4,77,RS Graha Yasmine,Rumah Sakit Umum,D,52,24,,SWASTA/LAINNYA,Non BLU/BLUD,Kota Dumai,"Jl. Marlan Jaya, Bukit Datuk, Kec. Dumai Selatan, Kota Dumai"
1473024,Riau,6892.4,77,RS Pertamina Dumai,Rumah Sakit Umum,D,77,15,79,BUMN,Non BLU/BLUD,Kota Dumai,"Jl Raya Bukit Datuk,Dumai"
1471395,Riau,6892.4,77,RS Ibu Anak  Budhi Mulia,Rumah Sakit Khusus Ibu dan Anak,C,50,23,130,Perusahaan,Non BLU/BLUD,Kota Pekanbaru,Jl Soekarno Hatta no 228 Pekanbaru
1471387,Riau,6892.4,77,RS Ibu dan Anak  Zainab,Rumah Sakit Khusus Ibu dan Anak,C,74,23,205,Perusahaan,Non BLU/BLUD,Kota Pekanbaru,Jl Ronggowarsito I No I Kelurahan Sukamaju Kecamatan Sail Kota Pekanbaru
1471386,Riau,6892.4,77,RS Ibu dan Anak Annisa,Rumah Sakit Khusus Ibu dan Anak,C,27,14,43,Perusahaan,Non BLU/BLUD,Kota Pekanbaru,Jl Garuda No.66 Kel.Tangkerang Tengah Kec.Marpoyan Damai
1471389,Riau,6892.4,77,RS Ibu dan Anak Hermina Rumbai,Rumah Sakit Khusus Ibu dan Anak,C,25,14,19,Perusahaan,Non BLU/BLUD,Kota Pekanbaru,"Jl. Khayangan No.53, Limbungan Baru, Rumbai Pesisir, Pekanbaru City, Riau 28261"
1471259,Riau,6892.4,77,RS Ibu dan Anak Andini,Rumah Sakit Khusus Ibu dan Anak,C,28,21,89,SWASTA/LAINNYA,Non BLU/BLUD,Kota Pekanbaru,Jl. Tuanku Tambusai No. 55 Pekanbaru Kelurahan Tangkerang Barat / Kecamatan Marpoyan Damai Provinsi Riau
1471146,Riau,6892.4,77,RS Jiwa Tampan,Rumah Sakit Khusus Jiwa,A,284,29,441,Pemprop,BLUD,Kota Pekanbaru,"Jl H.R. Subrantas Km.12,5 Pekanbaru"
1471394,Riau,6892.4,77,RS Khusus  Mata SMEC Pekanbaru,Rumah Sakit Khusus Mata,C,16,24,70,Perusahaan,Non BLU/BLUD,Kota Pekanbaru,Jl Arifin Ahmad No. 92 Kecamatan Marpoyan Damai Kota Pekanbaru
1471391,Riau,6892.4,77,RS Khusus Mata Pekanbaru Eye Center ,Rumah Sakit Khusus Mata,C,16,17,63,Perusahaan,Non BLU/BLUD,Kota Pekanbaru,Jl Soekarno Hatta No 236 Pekanbaru
1471226,Riau,6892.4,77,RS Umum  Awal Bros Pekanbaru,Rumah Sakit Umum,A,371,134,1255,SWASTA/LAINNYA,Non BLU/BLUD,Kota Pekanbaru,"Jl Jend. Sudirman No.117, Kelurahan Tangkerang Selatan, Kecamatan Bukit Raya - Riau, Kode Pos 28282"
1471055,Riau,6892.4,77,RS Santa Maria Pekanbaru,Rumah Sakit Umum,B,200,108,546,Organisasi Sosial,Non BLU/BLUD,Kota Pekanbaru,Jl Ahmad Yani No. 68 Rt/Rw 001/001 Kel.Pulau Karam Kec. Sukajadi
1471390,Riau,6892.4,77,RS Umum  Awal Bros Panam,Rumah Sakit Umum,B,261,96,474,Perusahaan,Non BLU/BLUD,Kota Pekanbaru,"Jl HR. Soebrantas No 88 Panam, Kelurahan Sialang Munggu, Kecamatan Tuah Madani, Kota Pekanbaru, Provinsi Riau. Kodepos:  28293"
1471067,Riau,6892.4,77,RS Umum  Eka Hospital Pekanbaru,Rumah Sakit Umum,B,200,111,585,SWASTA/LAINNYA,Non BLU/BLUD,Kota Pekanbaru,"Jl Soekarno- Hatta Km.6,5"
1471011,Riau,6892.4,77,RS Umum Daerah  Arifin Achmad,Rumah Sakit Umum,B,539,146,1487,Pemprop,BLUD,Kota Pekanbaru,"Jl Diponegoro No. 2, Pekanbaru"
1471033,Riau,6892.4,77,RS Bhayangkara Tk. III Kota Pekanbaru,Rumah Sakit Umum,C,100,28,163,POLRI,BLU,Kota Pekanbaru,JL KARTINI NO. 14 PEKANBARU
1471371,Riau,6892.4,77,RS Umum  Lancang Kuning,Rumah Sakit Umum,C,102,23,69,SWASTA/LAINNYA,Non BLU/BLUD,Kota Pekanbaru,Jl Ronggowarsito Ujung No.5A Pekanbaru
1471398,Riau,6892.4,77,RS Daerah Madani Kota Pekanbaru,Rumah Sakit Umum,C,102,37,416,Pemkot,BLUD,Kota Pekanbaru,Jl. Garuda Sakti Pekanbaru KM 2
1471150,Riau,6892.4,77,RS Prof. Dr. Tabrani,Rumah Sakit Umum,C,123,54,197,Organisasi Sosial,Non BLU/BLUD,Kota Pekanbaru,"Jl Jend. Sudirman 410, Pekanbaru"
1471383,Riau,6892.4,77,RS Umum  Sansani,Rumah Sakit Umum,C,152,40,77,SWASTA/LAINNYA,Non BLU/BLUD,Kota Pekanbaru,Jl Soekarno Hatta (Arengka Atas) Pekanbaru
1471091,Riau,6892.4,77,RS Umum Daerah  Petala Bumi ,Rumah Sakit Umum,C,100,33,378,Pemprop,BLUD,Kota Pekanbaru,Jl Dr. Soetomo No.65 Kota Pekanbaru Provinsi Riau
1471215,Riau,6892.4,77,RS Angkatan Udara dr. Sukirman Lanud Roesmin Nurjadin,Rumah Sakit Umum,C,50,21,76,TNI AU,Non BLU/BLUD,Kota Pekanbaru,Jl. Adi Sucipto No. 123 Kelurahan Maharatu Kecamatan Marpoyan Damai Kota Pekanbaru Provinsi Riau
1471382,Riau,6892.4,77,RS Umum  Pekanbaru Medical Center,Rumah Sakit Umum,C,100,87,260,SWASTA/LAINNYA,Non BLU/BLUD,Kota Pekanbaru,"Jl Lembaga Pemasyarakatan No.25, Gobah Pekanbaru"
1471384,Riau,6892.4,77,RS Awal Bros A. Yani,Rumah Sakit Umum,C,201,100,417,Perusahaan,Non BLU/BLUD,Kota Pekanbaru,Jln. Jend. A. Yani No. 73
1471399,Riau,6892.4,77,RS Hermina Pekanbaru,Rumah Sakit Umum,C,100,28,75,SWASTA/LAINNYA,Non BLU/BLUD,Kota Pekanbaru,Jl. Tuanku Tambusai RT. 03 RW. 02 Kel. Delima Kec. Tampan Kota Pekanbaru
1471397,Riau,6892.4,77,RS Umum  Prima Pekanbaru,Rumah Sakit Umum,C,189,110,432,Perusahaan,Non BLU/BLUD,Kota Pekanbaru,"Jl Bima NO.1 T. Tambusai Ujung Kel. Delima Kec. Binawidya, Pekanbaru"
1471237,Riau,6892.4,77,RS  Eria,Rumah Sakit Umum,C,100,24,100,SWASTA/LAINNYA,Non BLU/BLUD,Kota Pekanbaru,"Jl. KH. Ahmad Dahlan No. 163 kelurahan kampung tengah, kecamatan sukajadi, pekanbaru, provinsi riau"
1471135,Riau,6892.4,77,RS Umum  Islam Ibnu Sina,Rumah Sakit Umum,C,124,92,575,Organisasi Islam ,Non BLU/BLUD,Kota Pekanbaru,Jl Melati No.60 Pekanbaru
1471396,Riau,6892.4,77,Aulia Hospital,Rumah Sakit Umum,C,123,57,387,Perusahaan,Non BLU/BLUD,Kota Pekanbaru,Jl. HR Soebrantas No. 63 Kel. Tuah Karya Kec. Tampan Pekanbaru Riau
1471079,Riau,6892.4,77,RS Umum  Syafira,Rumah Sakit Umum,C,180,95,483,SWASTA/LAINNYA,Non BLU/BLUD,Kota Pekanbaru,"Jl Jenderal Sudirman No.134, Pekanbaru"
1471161,Riau,6892.4,77,RS Umum  Bina Kasih,Rumah Sakit Umum,D,56,20,99,Perusahaan,Non BLU/BLUD,Kota Pekanbaru,"Jl. Samanhudi No. 3-5 Kel. Sago - Kec. Senapelan, Kota Pekanbaru - Riau - 28151"
1471022,Riau,6892.4,77,RS Tk. IV Pekanbaru,Rumah Sakit Umum,D,57,30,54,TNI AD,Non BLU/BLUD,Kota Pekanbaru,Jl Kesehatan No 2 Pekanbaru
1471392,Riau,6892.4,77,RS Umum  Universitas Riau,Rumah Sakit Umum,D,54,23,110,Kementerian Lain,Non BLU/BLUD,Kota Pekanbaru,"Kompleks Bina Widya KM 12,5 Simpang Baru, Panam"
1401012,Riau,6892.4,77,RS Ibu dan Anak Milano,Rumah Sakit Khusus Ibu dan Anak,C,64,26,55,SWASTA/LAINNYA,Non BLU/BLUD,Kuantan Singingi,Jl Perintis Kemerdekaan KM 2 Jao Teluk Kuantan
1401011,Riau,6892.4,77,RS Umum Daerah Teluk Kuantan,Rumah Sakit Umum,C,113,63,199,Pemkab,BLUD,Kuantan Singingi,Jl Kesehatan No. 1 Sinambek
1404025,Riau,6892.4,77,RS Umum  Efarina,Rumah Sakit Umum,C,201,35,196,SWASTA/LAINNYA,Non BLU/BLUD,Pelalawan,Jl Lintas Timur No.1 Pangkalan Kerinci Riau
1404014,Riau,6892.4,77,RS Umum Daerah  Selasih Riau,Rumah Sakit Umum,C,130,33,436,Pemkab,BLUD,Pelalawan,Jl Rumah Sakit No.01 Pkl Kerinci
1404027,Riau,6892.4,77,RS Umum  Amalia Medika,Rumah Sakit Umum,D,70,21,85,Perusahaan,Non BLU/BLUD,Pelalawan,Jl Lintas Timur Pangkalan Kerinci - Pelalawan - Riau
1404026,Riau,6892.4,77,RS Umum  Medicare Sorek,Rumah Sakit Umum,D,65,20,100,SWASTA/LAINNYA,Non BLU/BLUD,Pelalawan,Jl Dt. Laksamana Sorek I kec Pkl.Kuras 
1409019,Riau,6892.4,77,RS Ibu dan Anak Athaya Medika,Rumah Sakit Khusus Ibu dan Anak,C,54,17,37,Perusahaan,Non BLU/BLUD,Rokan Hilir,Jl. Lintas-Medan Kepenghuluan Ujung Tanjung Putih
1409022,Riau,6892.4,77,RS Umum Daerah  Dr. RM. Pratomo Bagansiapiapi,Rumah Sakit Umum,C,121,24,236,Pemkab,BLUD,Rokan Hilir,"Jl Pahlawan No.13, Bagansiapiapi"
1409033,Riau,6892.4,77,RS Umum Awal Bros Bagan Batu,Rumah Sakit Umum,C,119,27,,SWASTA/LAINNYA,Non BLU/BLUD,Rokan Hilir,Jl. Lintas Riau-Sumatera Utara KM. 1 Desa/Kel. Bagan Batu Kec. Bagan Sinembah
1409018,Riau,6892.4,77,RS Ibunda,Rumah Sakit Umum,D,62,15,27,SWASTA/LAINNYA,Non BLU/BLUD,Rokan Hilir,Jl. Lintas Riau Km 4 Bagan Batu Kelurahan Bahtera Makmur Kota Kecamatan Bagan Sinembah Kabupaten Rokan Hilir Provinsi Riau
1409013,Riau,6892.4,77,RS Umum  Indah,Rumah Sakit Umum,D,60,29,105,Perusahaan,BLU,Rokan Hilir,"Jl Jenderal Sudirman, KM 02, Kel. Bahtera Makmur Kota, Kec. Bagan Sinembah, Kab. Rokan Hilir, Riau."
1409014,Riau,6892.4,77,RS Umum Cahaya,Rumah Sakit Umum,D,58,30,82,SWASTA/LAINNYA,Non BLU/BLUD,Rokan Hilir,"Jl Lintas Riau Ujung Tanjung, Kec. Tanah Puth RT 024 RW 009"
1407016,Riau,6892.4,77,RS Ibu dan Anak Harapan Medika,Rumah Sakit Khusus Ibu dan Anak,C,24,20,103,Perorangan,Non BLU/BLUD,Rokan Hulu,Jl. Jendral Sudirman No. 265 Ujungbatu Kab. Rokan Hulu 
1407011,Riau,6892.4,77,RS Umum Daerah  Rokan Hulu,Rumah Sakit Umum,C,96,60,544,Pemkab,BLUD,Rokan Hulu,"Jl Syekh Ismail, Pasir Pengaraian"
1407014,Riau,6892.4,77,RS Umum  Surya Insani,Rumah Sakit Umum,C,102,38,164,Perusahaan,Non BLU/BLUD,Rokan Hulu,Jl Diponegoro KM 4 Pasir Pengaraian
1407012,Riau,6892.4,77,RS Umum  Awal Bros Ujung Batu,Rumah Sakit Umum,C,145,84,169,Perusahaan,Non BLU/BLUD,Rokan Hulu,Jl. Jenderal Sudirman No. 314
1407017,Riau,6892.4,77,RS Doa Ibunda,Rumah Sakit Umum,D,32,9,18,SWASTA/LAINNYA,BLU,Rokan Hulu,Jl. Jenderal Sudirman KM 03 Ujungbatu Timur
1407013,Riau,6892.4,77,RS Umum Azzahra,Rumah Sakit Umum,D,53,24,75,SWASTA/LAINNYA,Non BLU/BLUD,Rokan Hulu,"Jl. Rambutan No. 03 RK Harapan, Ujung Batu"
1405015,Riau,6892.4,77,RS Umum Daerah Tengku Rafi'an Siak Sri Indrapura,Rumah Sakit Umum,C,170,41,864,Pemkab,BLUD,Siak,"Jl Raja Kecik No.1 Kampung dalam,Siak Sri Indrapura"
1405032,Riau,6892.4,77,RS Umum Daerah Minas,Rumah Sakit Umum,D,50,11,,Pemkab,Non BLU/BLUD,Siak,"Jl. Yos Sudarso Km. 26, Minas, Siak"
1405017,Riau,6892.4,77,RS Umum Daerah Tualang,Rumah Sakit Umum,D,60,36,125,Pemkab,BLUD,Siak,Jl. Raya Perawang Minas Km. 10 Kelurahan Perawang Barat Kecamatan Tualang
7601011,Sulawesi Barat,1547.4,93,RS Umum Daerah Kabupaten Majene,Rumah Sakit Umum,C,180,38,610,Pemkab,BLUD,Majene,"Jl. Poros Majene-Mamuju, Kelurahan Baru, Kecamatan Banggae, Kabupaten Majene, Provinsi Sulawesi Barat"
7601022,Sulawesi Barat,1547.4,93,RS Pratama Salutambung,Rumah Sakit Umum,D PRATAMA,,4,,Pemkab,Non BLU/BLUD,Majene,Jl. Poros Majene-Mamuju KM 78 Desa Salutambung
7603024,Sulawesi Barat,1547.4,93,RS Umum Daerah Kondosapata Kab. Mamasa,Rumah Sakit Umum,D,82,18,180,Pemkab,Non BLU/BLUD,Mamasa,"Jl. Poros Mamasa-Polewali Desa  Balla Kecamatan Balla,Kabupaten Mamasa, Provinsi Sulawesi Barat"
7603022,Sulawesi Barat,1547.4,93,RS Banua Mamase,Rumah Sakit Umum,D PRATAMA,55,14,,Organisasi Sosial,Non BLU/BLUD,Mamasa,"Jl. Kampung Baru, Desa Buntubuda, Kecamatan Mamasa, Kabupaten Mamasa, Propinsi Sulawesi Barat"
7604028,Sulawesi Barat,1547.4,93,RS Ibu dan Anak Mutiara Ibu,Rumah Sakit Khusus Ibu dan Anak,C,30,11,,SWASTA/LAINNYA,Non BLU/BLUD,Mamuju,"Jl. Pababari No. 44 Mamuju, Kelurahan Rimuku, Kecamatan Mamuju, Kabupaten Mamuju, Provinsi Sulawesi Barat"
7604023,Sulawesi Barat,1547.4,93,RS Umum Daerah Provinsi Sulawesi Barat,Rumah Sakit Umum,C,222,63,309,Pemprop,BLUD,Mamuju,"Jl. RE Martadinata, Kelurahan Simboro, Kecamatan Simboro Dan Kepulauan, Kabupaten Mamuju, Sulawesi Barat "
7604027,Sulawesi Barat,1547.4,93,RS Bhayangkara Tk. IV Polda Sulbar,Rumah Sakit Umum,C,109,18,143,POLRI,BLU,Mamuju,"Jl. Arteri, Kel. Simboro, Kec. Simboro, Kab. Mamuju"
7604024,Sulawesi Barat,1547.4,93,RS Umum Mitra Manakarra,Rumah Sakit Umum,C,109,37,186,SWASTA/LAINNYA,Non BLU/BLUD,Mamuju,"Jl. Pongtiku No. 2 , Kelurahan Rimuku, Kecamatan Mamuju, Kabupaten Mamuju, Provinsi Sulawesi Barat"
7604012,Sulawesi Barat,1547.4,93,RS Umum Daerah Kabupaten Mamuju,Rumah Sakit Umum,C,135,36,418,Pemkab,BLUD,Mamuju,"  Jl. Kurungan Bassi No 1 Kabupaten Mamuju, Sulawesi Barat"
7604039,Sulawesi Barat,1547.4,93,RS Tk. III Punggawa Malolo,Rumah Sakit Umum,D,58,10,,Kementerian Lain,Non BLU/BLUD,Mamuju,"Jl. Ahmad Yani, Kel. Binanga, Kec. Mamuju"
7604026,Sulawesi Barat,1547.4,93,RS Umum Daerah Kabupaten Mamuju Tengah,Rumah Sakit Umum,D,118,30,70,Pemkab,BLUD,Mamuju Tengah, Jl.Tammauni Pue Ballung No.2 Tobadak Kab. Mamuju Tengah Prov. Sulawesi Barat
7605013,Sulawesi Barat,1547.4,93,RS Umum Daerah Pasangkayu,Rumah Sakit Umum,C,137,14,117,Pemkab,BLUD,Pasangkayu,Jl. Bukit Husada - No. 10 Ako Pasangakayu
7602045,Sulawesi Barat,1547.4,93,RS Ibu dan Anak Mifta,Rumah Sakit Khusus Ibu dan Anak,C,40,38,,Perorangan,Non BLU/BLUD,Polewali Mandar,"Jl. Jend. Ahmad Yani No. 100  Desa/Kelurahan Polewali, Kec.Polewali, Kabupaten Polewali Mandar, Provinsi Sulawesi Barat"
7602044,Sulawesi Barat,1547.4,93,RS Umum Daerah Hajjah Andi Depu,Rumah Sakit Umum,B,576,35,733,Pemkab,BLUD,Polewali Mandar,   Jl. Dr Ratulangi No. 50 Polewali
7602048,Sulawesi Barat,1547.4,93,RS Umum Daerah Wonomulyo,Rumah Sakit Umum,D,66,35,59,Pemkab,BLUD,Polewali Mandar,"Jl. Jenderal Sudirman No. 62, Kelurahan Sidodadi, Kecamatan Wonomulyo, Kabupaten Polewali Mandar , Provinsi Sulawesi Barat (91352)"
7303013,Sulawesi Selatan,9661.3,213,RS Ibu dan Anak Pelangi Medica,Rumah Sakit Khusus Ibu dan Anak,C,11,5,,SWASTA/LAINNYA,Non BLU/BLUD,Bantaeng,Jl. Lingkar Bisampole Kab. Bantaeng
7303010,Sulawesi Selatan,9661.3,213,RS Umum Daerah Prof. Dr. H. Anwar Makkatutu,Rumah Sakit Umum,B,271,37,394,Pemkab,BLUD,Bantaeng,"Jl. Teratai No. 20 Kel. Pallantikang, Kec. Bantaeng"
7303012,Sulawesi Selatan,9661.3,213,RS Umum Daerah Banyorang,Rumah Sakit Umum,D,46,22,53,Pemkab,BLUD,Bantaeng,"Jl. Pendidikan No. 33, Kelurahan Banyorang, Kecamatan Tompobulu, Kabupaten Bantaeng, Provinsi Sulawesi Selatan"
7311010,Sulawesi Selatan,9661.3,213,RS Umum Daerah La Patarai,Rumah Sakit Umum,C,189,66,142,Pemkab,BLUD,Barru,Jl. Lasawedi Kel.Coppo Kec.Barru Kab.Barru
7308041,Sulawesi Selatan,9661.3,213,RS Umum Daerah Tenriawaru Bone,Rumah Sakit Umum,B,404,33,840,Pemkab,BLUD,Bone, Jl. DR. Wahidin Sudirohusodo Watampone
7308071,Sulawesi Selatan,9661.3,213,RS Umum Daerah La Mappapenning,Rumah Sakit Umum,C,105,31,,Pemprop,BLUD,Bone,"Jl. HM. Yusuf, Desa/Kel. Mappesangka, Kec. Ponre"
7308058,Sulawesi Selatan,9661.3,213,RS Hapsah,Rumah Sakit Umum,C,120,25,239,SWASTA/LAINNYA,Non BLU/BLUD,Bone,"JL. Urip Sumoharjo No 10, Kelurahan Mattirowalie, Kecamatan Tanete Riattang Barat, Kabupaten Bone, Provinsi Sulawesi-Selatan "
7308026,Sulawesi Selatan,9661.3,213,RS Tk. IV DR. M. Yasin Bone,Rumah Sakit Umum,C,154,20,280,TNI AD,Non BLU/BLUD,Bone,Jl. Jend Sudirman Watampone
7308059,Sulawesi Selatan,9661.3,213,RS Umum Daerah Datu Pancaitana,Rumah Sakit Umum,C,107,25,349,Pemkab,Non BLU/BLUD,Bone,Jl. Gatot Subroto Kel. Biru Kec. Tanete Riattang
7308070,Sulawesi Selatan,9661.3,213,RS Hamuna ,Rumah Sakit Umum,C,103,25,,Perusahaan,Non BLU/BLUD,Bone,Jl. Poros Bone Sinjai Desa Gona Kec. Kajuara Kab. Bone
7302017,Sulawesi Selatan,9661.3,213,RS Ibu dan Anak Yasira,Rumah Sakit Khusus Ibu dan Anak,C,37,16,16,SWASTA/LAINNYA,Non BLU/BLUD,Bulukumba,Jl. Kusuma Bangsa No. 3 
7302016,Sulawesi Selatan,9661.3,213,RS Umum Daerah H.A. Sulthan Daeng Radja,Rumah Sakit Umum,B,255,33,827,Pemkab,BLUD,Bulukumba,Jl. Serikaya No. 17 Bulukumba
7302028,Sulawesi Selatan,9661.3,213,RS Umum Daerah Kelas D Pratama Tanete,Rumah Sakit Umum,D PRATAMA,55,25,,Pemkab,Non BLU/BLUD,Bulukumba,Jl. Poros Bulukumba–Tanete Kel. Tanete Kec. Bulukumpa
7316015,Sulawesi Selatan,9661.3,213,RS Umum Daerah Massenrempulu Enrekang,Rumah Sakit Umum,C,119,31,567,Pemkab,BLUD,Enrekang," Jl. Jend Sudirman, Kelurahan Galonta, Kecamatan Enrekang, Kabupaten Enrekang, Provinsi Sulawesi Selatan"
7316026,Sulawesi Selatan,9661.3,213,RS Umum Hj. Puang Sabbe,Rumah Sakit Umum,D PRATAMA,32,10,55,Pemkab,Non BLU/BLUD,Enrekang,"Jl. H. Andi Liu no. 01 Kelurahan Lakawan, Kecamatan Anggeraja, Kabupaten Enrekang, Propinsi Sulawesi Selatan"
7306046,Sulawesi Selatan,9661.3,213,RS Umum Daerah Syehk Yusuf Gowa,Rumah Sakit Umum,B,235,42,489,Pemkab,Non BLU/BLUD,Gowa,"Jl. Dr. Wahidin Sudirohusodo No.48, Kelurahan Batangkaluku, Kecamatan Somba Opu, Kabupaten Gowa, Provinsi Sulawesi Selatan"
7306059,Sulawesi Selatan,9661.3,213,RS Umum Yapika,Rumah Sakit Umum,C,100,25,51,Perorangan,Non BLU/BLUD,Gowa,"Jl. Abdul Kadir Dg. Suro No.140 Kel. Samata Kec. Somba Opu, Kab. Gowa, Prov. Sulawesi Selatan"
7306070,Sulawesi Selatan,9661.3,213,RS PKU Muhammadiyah Unismuh Makassar,Rumah Sakit Umum,C,116,58,,SWASTA/LAINNYA,Non BLU/BLUD,Gowa,Jl. Tun Abdul Razak RT. 01 RW.  05 Kelurahan Romang Polong Kec. Somba Opu Kab. Gowa
7306057,Sulawesi Selatan,9661.3,213,RS Umum Thalia Irham,Rumah Sakit Umum,D,79,22,154,Perorangan,Non BLU/BLUD,Gowa,"Jl. Poros Limbung Km.15, Panciro"
7304011,Sulawesi Selatan,9661.3,213,RS Umum Daerah Lanto Daeng Pasewang,Rumah Sakit Umum,B,229,50,1036,Pemkab,Non BLU/BLUD,Jeneponto,"JL ISHAK ISKANDAR, KEL. EMPOANG SELATAN, KEC. BINAMU"
7304012,Sulawesi Selatan,9661.3,213,RS Umum Daerah Rumbia,Rumah Sakit Umum,D PRATAMA,32,13,11,Pemkab,Non BLU/BLUD,Jeneponto,Jl. Desa Lebang Manai Kec. Rumbia
7301015,Sulawesi Selatan,9661.3,213,RS Umum Daerah KH. Hayyung Kepulauan Selayar,Rumah Sakit Umum,C,135,36,380,Pemkab,BLUD,Kepulauan Selayar,Jl. KH. Abdul Kadir Kasim Kepulauan Selayar Sulawesi Selatan
7301017,Sulawesi Selatan,9661.3,213,RS Pratama Jampea,Rumah Sakit Umum,D PRATAMA,45,7,13,Pemkab,Non BLU/BLUD,Kepulauan Selayar,Dusun Lembongan Desa Bontobaru Kec. Pasimasunggu Timur Kab. Kepulauan Selayar Prov. Sulawesi Selatan
7371450,Sulawesi Selatan,9661.3,213,RS Islam Gigi dan Mulut FKG-UMI,Rumah Sakit Khusus Gigi dan Mulut,B,,18,,SWASTA/LAINNYA,Non BLU/BLUD,Kota Makassar,Jl. Padjonga Daeng Ngalle No. 27 Makassar
7371422,Sulawesi Selatan,9661.3,213,RS Khusus Gigi dan Mulut Universitas Hasanuddin,Rumah Sakit Khusus Gigi dan Mulut,B,13,19,122,Kementerian Lain,Non BLU/BLUD,Kota Makassar,"JL. Kandea No. 5, Kota Makassar Provinsi Sulawesi Selatan"
7371427,Sulawesi Selatan,9661.3,213,RS Gigi dan Mulut Ladokgi TNI AL Yos Sudarso,Rumah Sakit Khusus Gigi dan Mulut,C,10,18,87,TNI AL,BLU,Kota Makassar,Jl. Satando No. 25 Makassar
7371433,Sulawesi Selatan,9661.3,213,RS Khusus Daerah Gigi dan Mulut Provinsi Sulawesi ,Rumah Sakit Khusus Gigi dan Mulut,C,10,21,97,Pemprop,BLUD,Kota Makassar,"Jl. Lanto Dg. Pasewang, Kec. Mamajang, Kel. Maricaya Selatan, Kota Makassar, Provinsi Sulawesi Selatan"
7371428,Sulawesi Selatan,9661.3,213,RS Ibu dan Anak Paramount,Rumah Sakit Khusus Ibu dan Anak,B,107,28,216,Perusahaan,Non BLU/BLUD,Kota Makassar,Jl. Andi Pangeran Pettarani No 82 Makassar
7371256,Sulawesi Selatan,9661.3,213,RS Khusus Daerah Ibu dan Anak Siti Fatimah,Rumah Sakit Khusus Ibu dan Anak,B,80,21,234,Pemprop,BLUD,Kota Makassar, Jl. Gunung Merapi No. 75  Makassar Kelurahan Lajangiru Kecamatan UjungPandang Provinsi Sulawesi Selatan
7371414,Sulawesi Selatan,9661.3,213,RS Ibu dan Anak Prof. dr. H. M. Farid,Rumah Sakit Khusus Ibu dan Anak,C,32,21,59,SWASTA/LAINNYA,Non BLU/BLUD,Kota Makassar,"Jl. Dr. Wahidin Sudirohusodo No. 230 Makassar 90173,  Desa/Kelurahan Melayu Barau, Kecamtan Wajo, Kota Makassar, Provinsi Sulawesi Selatan"
7371410,Sulawesi Selatan,9661.3,213,RS Ibu dan Anak Ananda,Rumah Sakit Khusus Ibu dan Anak,C,109,23,243,Perorangan,Non BLU/BLUD,Kota Makassar,"Jl. Andi Djemma No 57, Kelurahan Banta - Bantaeng, Kecamatan Rappocini, Kota Makassar, Provinsi Sulawesi Selatan "
7371413,Sulawesi Selatan,9661.3,213,RS Ibu dan Anak Permata Hati,Rumah Sakit Khusus Ibu dan Anak,C,33,15,73,SWASTA/LAINNYA,Non BLU/BLUD,Kota Makassar,Jl. Tamalanrea raya (Poros BTP) Blok 10M No.9-10
7371418,Sulawesi Selatan,9661.3,213,RS Ibu dan Anak Malebu Husada,Rumah Sakit Khusus Ibu dan Anak,C,34,16,48,SWASTA/LAINNYA,Non BLU/BLUD,Kota Makassar,JL.Goa Ria Blok A1 No 7 Kelurahan Bakung Kecamatan Biringkanaya Kota Makassar Provinsi Sulawesi Selatan
7371223,Sulawesi Selatan,9661.3,213,RS Ibu dan Anak Chaterine Booth,Rumah Sakit Khusus Ibu dan Anak,C,57,19,2,Organisasi Sosial,Non BLU/BLUD,Kota Makassar,Jl. Arief Rate No.15 Makassar
7371429,Sulawesi Selatan,9661.3,213,RS Ibu dan Anak Kartini ,Rumah Sakit Khusus Ibu dan Anak,C,38,24,77,SWASTA/LAINNYA,Non BLU/BLUD,Kota Makassar,"JALAN R.A KARTINI NO. 1A KEC. UJUNG PANDANG, KEL. BARU"
7371406,Sulawesi Selatan,9661.3,213,RS Ibu dan Anak Budi Mulia,Rumah Sakit Khusus Ibu dan Anak,C,29,16,15,Perorangan,Non BLU/BLUD,Kota Makassar,JL. Nikel Blok. A. 21
7371234,Sulawesi Selatan,9661.3,213,RS Khusus Daerah Ibu dan Anak Pertiwi,Rumah Sakit Khusus Ibu dan Anak,C,81,20,252,Pemprop,BLUD,Kota Makassar,"  Jl. Jend.Sudirman No.14, Makasar"
7371180,Sulawesi Selatan,9661.3,213,RS Ibu dan Anak Sentosa,Rumah Sakit Khusus Ibu dan Anak,C,38,23,117,Organisasi Sosial,Non BLU/BLUD,Kota Makassar,"Jl. Jend. Sudirman No.52, Kel. Sawerigading, Kec. Ujung Pandang, Kota Makassar, Sulawesi Selatan 90114"
7371430,Sulawesi Selatan,9661.3,213,RS Ibu dan Anak Amanat,Rumah Sakit Khusus Ibu dan Anak,C,74,27,111,Perusahaan,Non BLU/BLUD,Kota Makassar,Jl. Haji Bau No. 11D Makassar
7371107,Sulawesi Selatan,9661.3,213,RS Ibu dan Anak Masyita,Rumah Sakit Khusus Ibu dan Anak,C,57,22,68,Organisasi Sosial,Non BLU/BLUD,Kota Makassar," Jl. Camba Jawayya No.24 Tello Baru, Makasar"
7371191,Sulawesi Selatan,9661.3,213,RS Ibu dan Anak Sitti Khadijah 1 Muhammadiyah,Rumah Sakit Khusus Ibu dan Anak,C,75,20,167,Organisasi Islam ,Non BLU/BLUD,Kota Makassar,Jalan RA Kartini No. 15 - 17 Makassar
7371449,Sulawesi Selatan,9661.3,213,RS Otak & Jantung Pertamina Royal Biringkanaya,Rumah Sakit Khusus Jantung,B,87,52,,BUMN,Non BLU/BLUD,Kota Makassar,Jl. Pajjaiang Sudiang Raya
7371096,Sulawesi Selatan,9661.3,213,RS Khusus Daerah Dadi,Rumah Sakit Khusus Jiwa,A,400,43,519,Pemprop,BLUD,Kota Makassar,Jl. Lanto Dg. Pasewang No. 34 Makassar
7371436,Sulawesi Selatan,9661.3,213,RS Mata Makassar,Rumah Sakit Khusus Mata,C,15,17,80,Kemkes ,BLU,Kota Makassar,"Jl. Lingkar Barat Tallasa City Tamalanrea, Desa/Kel. Tamalanrea, Kec. Tamalanrea"
7371451,Sulawesi Selatan,9661.3,213,RS Mata JEC ORBITA @Makassar,Rumah Sakit Khusus Mata,C,16,36,,SWASTA/LAINNYA,BLU,Kota Makassar,"Jl. Masjid Raya No. 75, Timungan Lompoa, Kec. Bontoala"
7371453,Sulawesi Selatan,9661.3,213,RS Kemenkes Makassar,Rumah Sakit Umum,A,,3,,Kemkes ,Non BLU/BLUD,Kota Makassar,"Jalan Metro Tanjung Bunga, Kawasan Center Point Indonesia, Maccini Sombala, Tamalate"
7371325,Sulawesi Selatan,9661.3,213,RSUP Dr. Wahidin Sudirohusodo,Rumah Sakit Umum,A,847,163,2490,Kemkes ,BLU,Kota Makassar,"Jl. Perintis Kemerdekaan Km.11, Tamalanrea, Makassar, Sulawesi Selatan"
7371402,Sulawesi Selatan,9661.3,213,RS Siloam Makassar,Rumah Sakit Umum,B,213,109,480,SWASTA/LAINNYA,Non BLU/BLUD,Kota Makassar,Jl. Metro Tanjung Bunga Kav. 9
7371030,Sulawesi Selatan,9661.3,213,RS Tk. II Pelamonia,Rumah Sakit Umum,B,319,93,534,TNI AD,BLU,Kota Makassar,"Jl. Jend Sudirman No.27,Makassar"
7371362,Sulawesi Selatan,9661.3,213,RS Umum Daerah Haji Makassar,Rumah Sakit Umum,B,207,42,527,Pemprop,BLUD,Kota Makassar,"Jl. Dg. Ngeppe No. 14 Kecamatan Tamalate,Kelurahan Parang Tambung,Kota Makassar,Provinsi Sulawesi Selatan,Kode Pos 90224"
7371052,Sulawesi Selatan,9661.3,213,RS Akademis Jaury,Rumah Sakit Umum,B,203,94,502,Organisasi Sosial,Non BLU/BLUD,Kota Makassar,"Jl. Jend. M. Jusuf No. 57 A, RT 004 RW 001 Kelurahan Pattunuang Kecamatan Wajo Kota Makassar Provinsi Sulawesi Selatan"
7371293,Sulawesi Selatan,9661.3,213,RS Islam Faisal,Rumah Sakit Umum,B,201,44,403,Organisasi Islam ,Non BLU/BLUD,Kota Makassar,"Jl. Andi Pangeran Pettarani, kelurahan Banta-bantaeng, Kecamatan Rappocini, Kota Makassar, Provinsi Sulawesi Selatan"
7371340,Sulawesi Selatan,9661.3,213,RS Ibnu Sina YW-UMI Makassar,Rumah Sakit Umum,B,269,108,506,Organisasi Sosial,Non BLU/BLUD,Kota Makassar,"Jl. Urip Sumohardjo Km. 05 No. 264, Kelurahan Karampuang, Kecamatan panakkukang, Kota Makassar, Provinsi Sulawesi Selatan, Kode Pos 90232"
7371395,Sulawesi Selatan,9661.3,213,RS Umum Daerah Daya Kota Makassar,Rumah Sakit Umum,B,218,99,490,Pemkot,BLUD,Kota Makassar,"Jl. Perintis Kemerdekaan KM. 14, Daya Kec. Biringkanayya Kota Makassar Provinsi Sulawesi Selatan"
7371373,Sulawesi Selatan,9661.3,213,RS Grestelina,Rumah Sakit Umum,B,209,43,504,SWASTA/LAINNYA,Non BLU/BLUD,Kota Makassar,Jl. Hertasning Raya No.51 Makassar
7371314,Sulawesi Selatan,9661.3,213,RS Umum Pusat Dr. Tadjuddin Chalid Makassar,Rumah Sakit Umum,B,320,105,414,Kemkes ,BLU,Kota Makassar,"Jl. Paccerakkang No.67 / Pajjaiang  No.67  Daya  Makassar,90241 Propinsi Sulawesi Selatan"
7371026,Sulawesi Selatan,9661.3,213,RS Umum Daerah Labuang Baji,Rumah Sakit Umum,B,224,105,666,Pemprop,BLUD,Kota Makassar,Jl. Dr. Ratulangi No. 81 Makassar
7371063,Sulawesi Selatan,9661.3,213,RS Stella Maris,Rumah Sakit Umum,B,244,103,579,Organisasi Sosial,Non BLU/BLUD,Kota Makassar,Jl. Somba Opu No.273 Makassar
7371408,Sulawesi Selatan,9661.3,213,RS Universitas Hasanuddin,Rumah Sakit Umum,B,236,134,505,Kementerian Lain,BLU,Kota Makassar,"Jl. Perintis Kemerdekaan KM.11 Kel. Tamalanrea Indah, Kec. Tamalanrea, Kota Makassar, Sulawesi Selatan 90245"
7371041,Sulawesi Selatan,9661.3,213,RS Kepolisian Bhayangkara,Rumah Sakit Umum,B,349,99,109,POLRI,BLU,Kota Makassar,Jl. Letjen Pol. A Mappaoudang No. 63 Makassar
7371399,Sulawesi Selatan,9661.3,213,RS Primaya,Rumah Sakit Umum,B,208,90,696,Perusahaan,Non BLU/BLUD,Kota Makassar,Jl. Urip Sumohardjo No. 43
7371426,Sulawesi Selatan,9661.3,213,RS Hermina Makassar,Rumah Sakit Umum,C,180,56,233,SWASTA/LAINNYA,Non BLU/BLUD,Kota Makassar,"Jl. Toddopuli Raya Timur, Kel. Borong, Kec. Manggala, Makassar"
7371336,Sulawesi Selatan,9661.3,213,RS Hikmah,Rumah Sakit Umum,C,100,78,137,Organisasi Sosial,Non BLU/BLUD,Kota Makassar,"Jl. Yosef Latumahina No. 1, Makassar Losari, Kec. Ujung Pandang, Sulawesi Selatan."
7371407,Sulawesi Selatan,9661.3,213,RS Umum Bahagia,Rumah Sakit Umum,C,100,32,102,Perorangan,Non BLU/BLUD,Kota Makassar,Jl.Minasa upa Raya blok H 7 No 9 .Kelurahan Minasa Upa .Kec Rappoccini .Kab Makassar .Provinsi Sulawesi-Selatan
7371412,Sulawesi Selatan,9661.3,213,RS Umum Wisata Universitas Indonesia Timur,Rumah Sakit Umum,C,163,112,143,SWASTA/LAINNYA,Non BLU/BLUD,Kota Makassar,Jl. Abdul Kadir No.70
7371403,Sulawesi Selatan,9661.3,213,RS Mitra Husada,Rumah Sakit Umum,C,102,38,51,SWASTA/LAINNYA,Non BLU/BLUD,Kota Makassar,Jl. Gunung Merapi No. 220
7371074,Sulawesi Selatan,9661.3,213,RS AL Jala Ammari Makassar,Rumah Sakit Umum,C,100,37,175,TNI AL,Non BLU/BLUD,Kota Makassar,Jl. Satando  No 27 Kel Tamalabba Kec Ujung Tanah
7371452,Sulawesi Selatan,9661.3,213,RS Umum Primaya Hertasning,Rumah Sakit Umum,C,112,53,,SWASTA/LAINNYA,Non BLU/BLUD,Kota Makassar,"Jl. Aroepala No.  99 C Kel. Karunrung, Kec. Rappocini"
7371434,Sulawesi Selatan,9661.3,213,RS Umum Sandi Karsa Makassar,Rumah Sakit Umum,C,103,35,106,Perorangan,Non BLU/BLUD,Kota Makassar,Jl. Abdullah Daeng Sirua No. 16A 
7371014,Sulawesi Selatan,9661.3,213,RS Umum Daerah Sayang Rakyat,Rumah Sakit Umum,C,127,19,285,Pemprop,Non BLU/BLUD,Kota Makassar,Jl. Pahlawan No. 1000 Kec. Biringkanaya
7371400,Sulawesi Selatan,9661.3,213,RS PKU Muhammadiyah Mamajang,Rumah Sakit Umum,D,51,27,84,Organisasi Sosial,Non BLU/BLUD,Kota Makassar,Jl. Veteran Selatan No. 201 Makassar Sulawesi Selatan
7371425,Sulawesi Selatan,9661.3,213,RS Umum Cahaya Medika Makassar,Rumah Sakit Umum,D,87,23,44,SWASTA/LAINNYA,Non BLU/BLUD,Kota Makassar,"Jl. Perintis Kemerdekaan KM 8 NO 27-28 Kelurahan Tamalanrea Indah, Kecamatan Tamalanrea, Kota Makassar, Sulawesi Selatan Kode Pos 90245"
7371448,Sulawesi Selatan,9661.3,213,RS Politeknik Ilmu Pelayaran (PIP) Makassar,Rumah Sakit Umum,D,58,25,,Kementerian Lain,Non BLU/BLUD,Kota Makassar,Jl. Tentara Pelajar No. 173/Jl. Yos Sudarso Kel. Malimongan Tua Kec. Wajo Kota Makassar Provinsi Sulawesi Selatan
7371432,Sulawesi Selatan,9661.3,213,RS Umum Sayang Bunda,Rumah Sakit Umum,D,57,45,18,SWASTA/LAINNYA,Non BLU/BLUD,Kota Makassar,"Jl. Letjen Hertasning No.52, Kel. Tidung, Kec. Rappocini, Kota Makassar, Sulawesi Selatan 90222"
7371351,Sulawesi Selatan,9661.3,213,RS Umum Luramay,Rumah Sakit Umum,D,50,21,70,Organisasi Sosial,Non BLU/BLUD,Kota Makassar,Jl. A.P. Pettarani Blok E19/11 Makassar
7373016,Sulawesi Selatan,9661.3,213,RS Umum Daerah Sawerigading,Rumah Sakit Umum,B,272,36,1255,Pemkot,BLUD,Kota Palopo,"   Jl. Dr. Ratulangi KM.7 Rampoang, Kel.To'bulung, Kec.Bara, Kota Palopo, Provinsi Sulawesi Selatan, Kode Pos 91914"
7373004,Sulawesi Selatan,9661.3,213,RS Umum St. Madyang,Rumah Sakit Umum,C,190,40,196,SWASTA/LAINNYA,Non BLU/BLUD,Kota Palopo,JL. Andi Kambo No.87 Kelurahan Salekoe Kecamatan Wara Timur Kota Palopo Provinsi Sulawesi Selatan  
7373064,Sulawesi Selatan,9661.3,213,RS AT Medika,Rumah Sakit Umum,C,180,49,178,Organisasi Sosial,Non BLU/BLUD,Kota Palopo,Jl. Andi Djemma No. 6 Palopo
7373008,Sulawesi Selatan,9661.3,213,RS Dokter Palemmai Tandi,Rumah Sakit Umum,C,148,27,120,Pemkot,BLUD,Kota Palopo,Jl. Samiun No. 2 Kota Palopo
7373007,Sulawesi Selatan,9661.3,213,RS Mega Buana Palopo,Rumah Sakit Umum,C,100,22,118,Perusahaan,Non BLU/BLUD,Kota Palopo,Jl. Andi Djemma No. 138 Kel. Binturu Kec. Wara Selatan Kota Palopo Prov. Sulawesi Selatan
7373003,Sulawesi Selatan,9661.3,213,RS Umum Bintang Laut Palopo,Rumah Sakit Umum,C,101,17,,Perusahaan,BLU,Kota Palopo,Jl. KH. M. Kasim No. 5 Palopo
7373005,Sulawesi Selatan,9661.3,213,RS Mujaisyah,Rumah Sakit Umum,D,106,29,145,SWASTA/LAINNYA,Non BLU/BLUD,Kota Palopo,"Jl. DR. Ratulangi KM.05 Poros Balandai, Kelurahan Temmalebba, Kecamatan Bara, Kota Palopo, Provinsi Sulawesi Selatan"
7372077,Sulawesi Selatan,9661.3,213,RS Ibu dan Anak Ananda Trifa,Rumah Sakit Khusus Ibu dan Anak,C,32,11,41,SWASTA/LAINNYA,Non BLU/BLUD,Kota Pare-pare,Jl. H. Agussalim No. 218 Kelurahan Labukkang Kecamatan Ujung Kota Parepare Provinsi Sulawesi Selatan
7372075,Sulawesi Selatan,9661.3,213,RS Umum Daerah Andi Makkasau Parepare,Rumah Sakit Umum,B,294,137,1246,Pemkot,BLUD,Kota Pare-pare,Jl. Nurussamawati No.9 Kota Parepare
7372078,Sulawesi Selatan,9661.3,213,RS Dr. Hasri Ainun Habibie Parepare,Rumah Sakit Umum,B,214,35,52,Pemkot,BLUD,Kota Pare-pare,"Jl. Latasakka, Tonrangeng 1 No.46 C, RT1/RW2, Kel: Lumpue, Kec: Bacukiki Barat, Kota Parepare Parepare, Prov.Sulawesi Selatan"
7372031,Sulawesi Selatan,9661.3,213,RS Tk. IV 07.07.03 Dr. Sumantri,Rumah Sakit Umum,C,136,23,290,TNI AD,Non BLU/BLUD,Kota Pare-pare,Jl. Karaeng Burane No.24 Kec Ujung Bulu Kel Ujung Kota Parepare
7372020,Sulawesi Selatan,9661.3,213,RS Fatima Pare-Pare,Rumah Sakit Umum,C,198,38,302,Organisasi Sosial,Non BLU/BLUD,Kota Pare-pare,Jl. Ilham No.5 Pare-Pare
7317076,Sulawesi Selatan,9661.3,213,RS Hikmah Sejahtera Belopa ,Rumah Sakit Umum,C,139,28,130,Perusahaan,Non BLU/BLUD,Luwu,"Jl. Topoka No. 22 B, Kelurahan Tampumia Radda. Kec. Belopa. Kab. Luwu. Provinsi. Sulawesi Selatan"
7317075,Sulawesi Selatan,9661.3,213,RS Umum Daerah Batara Guru,Rumah Sakit Umum,C,270,37,221,Pemkab,BLUD,Luwu,"   Jl. Sawerigading, Desa Lebani, Kec. Belopa Utara Kab.Luwu Prov.Sulawesi Selatan"
7317020,Sulawesi Selatan,9661.3,213,RS Umum Inco Sorowako,Rumah Sakit Umum,C,86,35,277,Perusahaan,Non BLU/BLUD,Luwu Timur,"Jl. Diponegoro No. 1 Sorowako, Kec. Nuha Kab.Luwu Timur "
7325016,Sulawesi Selatan,9661.3,213,RS Umum Daerah I Lagaligo,Rumah Sakit Umum,C,200,37,191,Pemkab,BLUD,Luwu Timur," Jl. Sangkuruwira,No. 1 Ds. Aroalipu Kec.Wotu Kab.Luwu Timur"
7322003,Sulawesi Selatan,9661.3,213,RS Umum Hikmah Masamba,Rumah Sakit Umum,C,125,21,147,SWASTA/LAINNYA,Non BLU/BLUD,Luwu Utara,"Jln. Ir. Soekarno, Kelurahan  Kappuna Kecamatan Masamba Kabupaten Luwu Utara Provinsi Sulawesi Selatan"
7317053,Sulawesi Selatan,9661.3,213,RS Umum Daerah Andi Djemma Masamba,Rumah Sakit Umum,C,249,27,550,Pemkab,BLUD,Luwu Utara,   Jl. Sultan Hasanuddin No.23 Masamba
7322004,Sulawesi Selatan,9661.3,213,RS Hikmah Sejahtera Sukamaju,Rumah Sakit Umum,D,128,18,38,SWASTA/LAINNYA,BLU,Luwu Utara,Jl. Trans Sulawesi Desa Kaluku Kecamatan Sukamaju
7309044,Sulawesi Selatan,9661.3,213,RS AU dr. Dody Sardjoto,Rumah Sakit Umum,C,106,20,194,TNI AU,Non BLU/BLUD,Maros,Jl. By Pass Bandar Udara Internasional Sultan Hasanuddin 
7309016,Sulawesi Selatan,9661.3,213,RS Umum Daerah dr. La Palaloi,Rumah Sakit Umum,C,180,63,688,Pemkab,BLUD,Maros,  Jl. Poros Maros-Makassar KM 3 Maros
7310016,Sulawesi Selatan,9661.3,213,RS Umum Batara Siang,Rumah Sakit Umum,C,200,39,365,Pemkab,BLUD,Pangkajene Kepulauan,  Jl. Sultan Hasanudin 7 Pangkajene
7310021,Sulawesi Selatan,9661.3,213,RS Umum Daerah Batiling,Rumah Sakit Umum,D,50,15,109,Pemkab,BLU,Pangkajene Kepulauan,"Jl.poros Batiling, Desa Batara, Kec.Labakkang kab. Pangkep"
7310032,Sulawesi Selatan,9661.3,213,RS Kelas D Pratama Sailus,Rumah Sakit Umum,D PRATAMA,24,6,,Pemkab,Non BLU/BLUD,Pangkajene Kepulauan,Pulau Sailus Desa Sailus Kec. Liukang Tangaya Keb. Pangkajene dan kepulauan
7315014,Sulawesi Selatan,9661.3,213,RS Umum Daerah Lasinrang Pinrang,Rumah Sakit Umum,C,191,42,421,Pemkab,BLUD,Pinrang,  Jl. Macan No. 22 Pinrang
7315018,Sulawesi Selatan,9661.3,213,RS Umum Daerah Madising,Rumah Sakit Umum,D,83,24,86,Pemkab,BLUD,Pinrang,Jalan Poros Pinrang - Polman. KM.33 Desa Bungi Kecamatan Duampanua Kab Pinrang  Propinsi Sulawesi Selatan 91253
7315016,Sulawesi Selatan,9661.3,213,RS Umum Aisyiyah St. Khadijah,Rumah Sakit Umum,D,53,22,68,Organisasi Islam ,Non BLU/BLUD,Pinrang,"Jl. A. Abdullah No. 1-3, Kabupaten Pinrang, Provinsi Sulawesi Selatan "
7314013,Sulawesi Selatan,9661.3,213,RS Umum Daerah Nene Mallomo,Rumah Sakit Umum,C,192,34,623,Pemkab,BLUD,Sidenreng Rappang," Jl. Wolter Monginsidi Pangkajene, Kab. Sidenreng Rappang"
7314024,Sulawesi Selatan,9661.3,213,RS Umum Daerah Arifin Numang,Rumah Sakit Umum,C,147,30,462,Pemkab,BLUD,Sidenreng Rappang,Jl.Jend.  Achmad Yani No. 1 Rappang
7314036,Sulawesi Selatan,9661.3,213,RS Adinda Medical Centre,Rumah Sakit Umum,D,82,22,,Perorangan,Non BLU/BLUD,Sidenreng Rappang,Jl. Hos Cokroaminoto Kel. Maccorawalie Kec. Panca Rijang
7314025,Sulawesi Selatan,9661.3,213,RS Umum Anugrah Pangkajene,Rumah Sakit Umum,D,75,24,76,SWASTA/LAINNYA,Non BLU/BLUD,Sidenreng Rappang,"Jl. Lanto Dg. Pasewang No. 60, Kelurahan Pangkajene, Kecamatan Maritengngae, Kabupaten Sidenreng Rappang, Provinsi Sulawesi selatan"
7307014,Sulawesi Selatan,9661.3,213,RS Umum Daerah Kabupaten Sinjai,Rumah Sakit Umum,C,219,31,534,Pemkab,BLUD,Sinjai,"  Jl. Jend Sudirman No. 47 Sinjai, Sulawesi Selatan"
7307025,Sulawesi Selatan,9661.3,213,RS Umum Daerah Kelas D Pratama Bulu Paccing Bikeru,Rumah Sakit Umum,D PRATAMA,30,14,,Pemkab,Non BLU/BLUD,Sinjai,Jl. Poros Bulu Paccing Desa Alenangka Kec. Sinjai Selatan Kab. Sinjai
7312011,Sulawesi Selatan,9661.3,213,RS Umum Daerah Latemmamala Soppeng,Rumah Sakit Umum,B,264,101,910,Pemkab,BLUD,Soppeng," Jl. Malaka Raya Kec. Lalabata, Kab. Soppeng"
7305015,Sulawesi Selatan,9661.3,213,RS Khusus Ibu dan Anak Zainab,Rumah Sakit Khusus Ibu dan Anak,C,10,9,22,Pemkab,Non BLU/BLUD,Takalar,Jl. Bauru Daeng Gau No. 45 Kel. Bontolebang Kec. Galesong Utara
7305026,Sulawesi Selatan,9661.3,213,RS Umum Daerah Galesong Kabupaten Takalar,Rumah Sakit Umum,C,116,37,,Pemkab,Non BLU/BLUD,Takalar,"Jl. Poros Galesong Utara, Kec. Galesong Utara, Kab. Takalar"
7305012,Sulawesi Selatan,9661.3,213,RS Umum Daerah H. Padjonga Dg. Ngalle Takalar,Rumah Sakit Umum,C,200,32,732,Pemkab,BLUD,Takalar,"Jl. H. Ince Husain Dg Parani No 1, Kab Takalar"
7305013,Sulawesi Selatan,9661.3,213,RS Maryam Citra Medika,Rumah Sakit Umum,D,126,26,138,SWASTA/LAINNYA,Non BLU/BLUD,Takalar,"Jl Poros Takalar-Makassar KM, Kelurahan Bajeng, Kecamatan Pattallassang, Kabupaten Takalar"
7305014,Sulawesi Selatan,9661.3,213,RS Umum Daerah Pratama Takalar,Rumah Sakit Umum,D PRATAMA,14,13,25,Pemkab,Non BLU/BLUD,Takalar,Jalan Zubair Dg Tutu No.1 Kelurahan Palleko Kecamatan Polongbangkeng Utara Kab. Takalar
7318054,Sulawesi Selatan,9661.3,213,RS Umum Daerah Lakipadada,Rumah Sakit Umum,C,200,105,499,Pemkab,BLUD,Tana Toraja,"Jl. Pongtiku No.486, Kel. Tambunan, Kecamatan Makale Utara, Kabupaten Tana Toraja, Prov. Sulawesi Selatan"
7318021,Sulawesi Selatan,9661.3,213,RS Fatima Makale,Rumah Sakit Umum,C,115,26,175,Organisasi Sosial,Non BLU/BLUD,Tana Toraja,Jl. Nusantara No.18 Makale Tator
7318056,Sulawesi Selatan,9661.3,213,Rumah Sakit Sinar Kasih Toraja,Rumah Sakit Umum,C,111,30,82,Perorangan,Non BLU/BLUD,Tana Toraja,"Jl. Buntu Pantan No 8 A Kecamatan Makale, Kabupaten Tana Toraja"
7326002,Sulawesi Selatan,9661.3,213,RS Umum Daerah Pongtiku,Rumah Sakit Umum,C,117,26,148,Pemkab,Non BLU/BLUD,Toraja Utara,"Buntu Mapaken, Kel/Desa. Buntu Tallunglipu, Kecamatan Tallunglipu, Kab.Toraja Utara, Provinsi Sulawesi Selatan"
7318010,Sulawesi Selatan,9661.3,213,RS Umum Elim Rantepao,Rumah Sakit Umum,C,173,43,175,Organisasi Sosial,Non BLU/BLUD,Toraja Utara, Jl. A.Yani No. 68 Rantepao
7326003,Sulawesi Selatan,9661.3,213,RS Santa Teresa Marampa Rantepao,Rumah Sakit Umum,D,63,24,,Organisasi Katholik,Non BLU/BLUD,Toraja Utara,"JL. ANDI MAPPANYUKI NO.73, RT. 01, RW. 01"
7313012,Sulawesi Selatan,9661.3,213,RS Umum Daerah Lamaddukkelleng Kabupaten Wajo,Rumah Sakit Umum,C,201,25,227,Pemkab,BLUD,Wajo, Jl. Kartika Chandra Kirana No. 9 Sengkang
7313023,Sulawesi Selatan,9661.3,213,RS Umum Daerah Siwa,Rumah Sakit Umum,C,102,18,117,Pemkab,BLUD,Wajo,"  Jl. Andi Djaja No.1 Kec. Pitumpanua, Siwa, Kab. Wajo"
7313024,Sulawesi Selatan,9661.3,213,RS Prima Husada Sengkang,Rumah Sakit Umum,D,67,23,,Perusahaan,Non BLU/BLUD,Wajo,Jl. Jend. Ahmad Yani No. 29 Sengkang
7202015,Sulawesi Tengah,3189.8,52,RS Umum Daerah Kabupaten Banggai ,Rumah Sakit Umum,B,311,35,266,Pemkab,BLUD,Banggai,Jl. Imam Bonjol KM 3 No. 14 Luwuk
7202017,Sulawesi Tengah,3189.8,52,RS Claire Medika,Rumah Sakit Umum,D,55,21,45,Perusahaan,Non BLU/BLUD,Banggai,Jl. Sungai Musi No. 17 Kelurahan Soho Kecamatan Luwuk
7202016,Sulawesi Tengah,3189.8,52,RS Pratama dr. Abdul Chalik Masulili,Rumah Sakit Umum,D PRATAMA,27,5,45,Pemkab,Non BLU/BLUD,Banggai,Jl. Trans Sulawesi Luwuk Palu Desa Tongkonunuk Kec. Pagimana
7201012,Sulawesi Tengah,3189.8,52,RS Umum Daerah Trikora Salakan,Rumah Sakit Umum,C,125,18,286,Pemkab,BLUD,Banggai Kepulauan,"Desa Tompudau, Kec. Tinangkung, Kab. Banggai Kepulauan, Provinsi Sulawesi Tengah"
7201014,Sulawesi Tengah,3189.8,52,RS Pratama Bilabanggai Buko Selatan,Rumah Sakit Umum,D PRATAMA,24,11,17,Pemkab,BLUD,Banggai Kepulauan,Desa Apal Kecamatan Buko Selatan
7201011,Sulawesi Tengah,3189.8,52,RS Umum Daerah Banggai,Rumah Sakit Umum,C,125,24,381,Pemkab,BLUD,Banggai Laut,Jl. KM. 07 Desa Adean Kecamatan Banggai Tengah Kabupaten Banggai Laut Provinsi Sulawesi Tengah
7207013,Sulawesi Tengah,3189.8,52,RS Umum Daerah Mokoyurli Buol,Rumah Sakit Umum,C,223,38,391,Pemkab,BLUD,Buol, Jln. DR. Wahidin Sudirohusodo No.12 Kel. Leok II  Kec. Biau Kabupaten Buol Provinsi Sulawesi Tengah
7205022,Sulawesi Tengah,3189.8,52,RS Umum Daerah Kabelota,Rumah Sakit Umum,C,129,25,272,Pemkab,BLUD,Donggala,"  Jl. Poros  Palu - Donggala Desa/Kelurahan Kabonga Besar, Kecamatan Banawa ,Kabupaten Donggala ,Provinsi Sulawesi Tengah"
7205024,Sulawesi Tengah,3189.8,52,RS Umum Daerah Pendau Tambu Kab Donggala,Rumah Sakit Umum,D,68,20,63,Pemkab,Non BLU/BLUD,Donggala,Jl. Samudra No 1 Desa Mapane Tambu Kec. Balaesang Kab. Donggala
7271131,Sulawesi Tengah,3189.8,52,RS Ibu dan Anak Care She,Rumah Sakit Khusus Ibu dan Anak,C,28,7,29,SWASTA/LAINNYA,Non BLU/BLUD,Kota Palu,Jl. MT Haryono 24 Palu
7271130,Sulawesi Tengah,3189.8,52,RS Ibu dan Anak Nasana Pura,Rumah Sakit Khusus Ibu dan Anak,C,75,12,100,SWASTA/LAINNYA,Non BLU/BLUD,Kota Palu,"Jl. Jend. H. M. Soeharto no. 10, Kel. Petobo, Kec. Palu Selatan, Kota Palu, Provinsi Sulawesi Tengah"
7271116,Sulawesi Tengah,3189.8,52,RS Ibu dan Anak Tinatapura,Rumah Sakit Khusus Ibu dan Anak,C,32,13,21,Organisasi Sosial,Non BLU/BLUD,Kota Palu,Jl. Raden Saleh 31 Palu
7271036,Sulawesi Tengah,3189.8,52,RS Umum Anutapura Palu,Rumah Sakit Umum,B,357,69,1439,Pemkot,BLUD,Kota Palu,"Jl. Kangkung No.1, Desa/Kelurahan Donggala Kodi, Kec. Ulujadi, Kota Palu, Provinsi Sulawesi Tengah, Kode Pos : 94226"
7271014,Sulawesi Tengah,3189.8,52,RS Umum Daerah Undata Palu,Rumah Sakit Umum,B,397,115,1014,Pemprop,BLUD,Kota Palu,"JL. RE. Martadinata, Desa/Kelurahan Talise, Kec. Mantikulore, Kota Palu, Provinsi Sulawesi Tengah"
7271095,Sulawesi Tengah,3189.8,52,RS Budi Agung Palu,Rumah Sakit Umum,C,132,53,190,SWASTA/LAINNYA,Non BLU/BLUD,Kota Palu,Jl. Maluku No. 44 Palu
7271133,Sulawesi Tengah,3189.8,52,RS Umum Tadulako Palu,Rumah Sakit Umum,C,2,16,108,Kementerian Lain,Non BLU/BLUD,Kota Palu,JL Soekarno Hatta Kilometer 9 Kampus Bumi Tadulako
7271051,Sulawesi Tengah,3189.8,52,RS Umum Daerah Madani Palu,Rumah Sakit Umum,C,226,28,303,Pemprop,BLUD,Kota Palu,Jl. Thalua Kontji No. 11  Mamboro Barat Kecamatan Palu Utara
7271040,Sulawesi Tengah,3189.8,52,RS Woodward,Rumah Sakit Umum,C,135,126,192,Organisasi Sosial,Non BLU/BLUD,Kota Palu,Jl. L.H. Woodward No.1 Palu
7271128,Sulawesi Tengah,3189.8,52,RS Umum  Sis Al Jufri Palu,Rumah Sakit Umum,C,100,38,98,Organisasi Sosial,Non BLU/BLUD,Kota Palu,"Jl.SIS ALJUFRI No 72, PALU"
7271132,Sulawesi Tengah,3189.8,52,RS Samaritan Palu,Rumah Sakit Umum,C,110,63,132,Perusahaan,Non BLU/BLUD,Kota Palu,JL. Towua No 77 Palu
7271025,Sulawesi Tengah,3189.8,52,RS TK. III. 13.06.01 Dr. Sindhu Trisno,Rumah Sakit Umum,C,116,35,228,TNI AD,Non BLU/BLUD,Kota Palu,"Jl. Sisinga Mangaraja No.4, Palu"
7271127,Sulawesi Tengah,3189.8,52,RS Bhayangkara Palu,Rumah Sakit Umum,C,114,36,214,POLRI,BLU,Kota Palu,   Jl. DR. Suharso Lrg III No. 2 Palu
7203016,Sulawesi Tengah,3189.8,52,RS Umum Daerah Morowali,Rumah Sakit Umum,C,246,64,705,Pemkab,BLUD,Morowali,"  Jl. Trans Sulawesi , Desa Bahomohoni, Kec. Bungku Tengah, Kab. Morowali, Provinsi Sulawesi Tengah"
7203018,Sulawesi Tengah,3189.8,52,RS Umum Daerah Salabangkapaku,Rumah Sakit Umum,D,51,25,145,Pemkab,Non BLU/BLUD,Morowali,"Desa Lakombulo Kec. Bungku Selatan Kab. Morowali, Provinsi Sulawesi Tengah"
7204021,Sulawesi Tengah,3189.8,52,RS Umum Daerah Kolonodale,Rumah Sakit Umum,C,182,56,302,Pemkab,BLUD,Morowali Utara,Jl. dr. Aziz Maralla No. 12 Kolonodale Kec. Petasia Kab. Morowali Utara
7212011,Sulawesi Tengah,3189.8,52,RS Pratama Mayapuria,Rumah Sakit Umum,D PRATAMA,36,13,,Pemkab,Non BLU/BLUD,Morowali Utara,Desa Baturube Kode Pos 94972
7208012,Sulawesi Tengah,3189.8,52,RS Ibu dan Anak Defina,Rumah Sakit Khusus Ibu dan Anak,C,86,14,107,Perorangan,Non BLU/BLUD,Parigi Moutong,Jln.Trans Sulawesi no.7 Kampal Parigi
7208011,Sulawesi Tengah,3189.8,52,RS Umum Daerah Anuntaloko Parigi,Rumah Sakit Umum,B,173,34,761,Pemkab,BLUD,Parigi Moutong, Jl. Sis Al Jufri No.214 Parigi Moutong
7208013,Sulawesi Tengah,3189.8,52,RS Umum Daerah Raja Tombolotutu,Rumah Sakit Umum,C,101,17,247,Pemkab,BLUD,Parigi Moutong,Jl. Trans Sulawesi Dsn II Tinombo
7208115,Sulawesi Tengah,3189.8,52,RS Umum Daerah Buluye Napoae Moutong,Rumah Sakit Umum,D,62,16,129,Pemkab,Non BLU/BLUD,Parigi Moutong,Jl. H. Samsurizal Tombolotutu No.1 Salumpengut Kec. Moutong
7204010,Sulawesi Tengah,3189.8,52,RS Umum Daerah Poso,Rumah Sakit Umum,C,180,91,610,Pemkab,BLUD,Poso,Jl. Jenderal Sudirman No.33  Kel Kasintuwu Poso
7204044,Sulawesi Tengah,3189.8,52,"RS TK 4 Dr. Yanto, Sp.OT",Rumah Sakit Umum,D,59,24,7,TNI AD,Non BLU/BLUD,Poso, jl Tadulako No 20 Kel. Bonesompe Kec. Poso Kota Utara Kabupaten Poso
7204043,Sulawesi Tengah,3189.8,52,RS GKST Tentena,Rumah Sakit Umum,D,62,21,125,Organisasi Sosial,Non BLU/BLUD,Poso,Jl. Setia Budi No.98. Tentena Kec. Pamona Puselemba
7210002,Sulawesi Tengah,3189.8,52,RS Umum Daerah Tora Belo,Rumah Sakit Umum,C,209,28,277,Pemkab,BLUD,Sigi," JL. TRANS PALU - PALOLO KM. 15 DESA/KELURAHAN, SIDERA KEC. SIGI BIROMARU KAB. SIGI PROVINSI SULAWESI TENGAH."
7209032,Sulawesi Tengah,3189.8,52,RS Umum Daerah Ampana,Rumah Sakit Umum,C,177,51,579,Pemkab,BLUD,Tojo Una-Una," Jl. St Hasanudin No. 32, Kel. Labiabae, Kec. Ampana Kota, Kabupaten Tojo Una-Una, Provinsi Sulawesi Tengah"
7209002,Sulawesi Tengah,3189.8,52,RS Umum Daerah Wakai,Rumah Sakit Umum,D,72,14,110,Pemkab,Non BLU/BLUD,Tojo Una-Una," Desa Tanimpo, Kec. Una Una"
7209004,Sulawesi Tengah,3189.8,52,RS Umum Daerah Pratama Togean,Rumah Sakit Umum,D PRATAMA,20,7,5,Pemkab,Non BLU/BLUD,Tojo Una-Una,Desa Wakai Kec. Una-una Kab. Tojo Una-una
7206012,Sulawesi Tengah,3189.8,52,RS Umum  Mokopido Toli-Toli,Rumah Sakit Umum,C,291,36,869,Pemkab,BLUD,Toli-Toli," Jl. Lanoni No.37 Kel Baru Kec Baolan kab Toli-Toli, Sulteng"
7206014,Sulawesi Tengah,3189.8,52,RS Umum Hj. Zubaeda Bantilan,Rumah Sakit Umum,D,56,17,123,Pemkab,Non BLU/BLUD,Toli-Toli,"Jl. Kesehatan No. 6 Desa Malala Kec. Dondo  Kab. Tolitoli, Sulawesi Tengah"
7406036,Sulawesi Tenggara,2880.0,80,RS Umum Daerah Kabupaten Bombana,Rumah Sakit Umum,C,124,23,192,Pemkab,BLUD,Bombana,Jl.Poros Kasipute-Kendari Desa Lantouwa Kecamatan Rarowatu Utara Kebupaten Bombana Provinsi Sulawesi Tenggara
7401038,Sulawesi Tenggara,2880.0,80,RS Umum Daerah Kabupaten Buton,Rumah Sakit Umum,C,128,22,253,Pemkab,BLUD,Buton, Jl. Protokol Laburunce  Kec. Pasarwajo Kab. Buton Sulawesi Tenggara
7401039,Sulawesi Tenggara,2880.0,80,RS Umum Daerah Kabupaten Buton Selatan,Rumah Sakit Umum,C,119,24,130,Pemkab,Non BLU/BLUD,Buton Selatan,"Jl. Gajah Mada, kel. Bandar Batauga kec. Batauga kab. Buton Selatan Propinsi Sulawesi Tenggara Telp/Fax.(0402)"
7414002,Sulawesi Tenggara,2880.0,80,RS Umum Daerah Kabupaten Buton Tengah,Rumah Sakit Umum,D,51,9,123,Pemkab,Non BLU/BLUD,Buton Tengah,"Jalan Gersamata, Kelurahan Bombonawulu, Kecamatan Gu, Kabupaten Buton Tengah, Provinsi Sulawesi Tenggara"
7401024,Sulawesi Tenggara,2880.0,80,RS Umum Daerah Kabupaten Buton Utara,Rumah Sakit Umum,D,53,26,233,Pemkab,Non BLU/BLUD,Buton Utara,"Jl. Poros Ereke - Waode Buri, Desa Kalibu, Kecamatan Kulisusu, Kabupaten Buton Utara, Provinsi Sulawesi Tenggara"
7404046,Sulawesi Tenggara,2880.0,80,RS Ibu dan Anak Budi Medika,Rumah Sakit Khusus Ibu dan Anak,C,29,13,,SWASTA/LAINNYA,Non BLU/BLUD,Kolaka,"Jl. Pramuka No. 113, Kel. Lamokato, Kec. Kolaka"
7404012,Sulawesi Tenggara,2880.0,80,RS Benyamin Guluh Kolaka,Rumah Sakit Umum,C,205,51,512,Pemkab,BLUD,Kolaka,Jl. Mekongga Indah By Pass Kolaka-Pomalaa Kel. Tahoa Kec.  Kolaka
7404045,Sulawesi Tenggara,2880.0,80,RS Umum Harifa,Rumah Sakit Umum,D,62,22,,Perusahaan,Non BLU/BLUD,Kolaka,"Jl. Alam Mekongga No.12 Kel. Laloeha, Kolaka 93511"
7404023,Sulawesi Tenggara,2880.0,80,RS Antam Nikel Pomalaa,Rumah Sakit Umum,D,65,20,42,BUMN,Non BLU/BLUD,Kolaka,Jl. R.Suprapto Pomalaa Kab.Kolaka
7411908,Sulawesi Tenggara,2880.0,80,RS Umum Daerah Kabupaten Kolaka Timur,Rumah Sakit Umum,D,56,23,174,Pemkab,Non BLU/BLUD,Kolaka Timur,"Jl. Drs. H. Abd. Silondae No. 35 Kelurahan Welala, Kecamatan Ladongi, Kabupaten Kolaka Timur, Sulawesi Tenggara, 93573"
7404034,Sulawesi Tenggara,2880.0,80,RS Umum Daerah H.M.Djafar Harun,Rumah Sakit Umum,C,139,25,398,Pemkab,BLUD,Kolaka Utara,"Jl. Trans Sulawesi, Lasusua, Kolaka Utara, Sulawesi Tenggara"
7403022,Sulawesi Tenggara,2880.0,80,RS Umum Daerah Konawe,Rumah Sakit Umum,C,209,35,861,Pemkab,BLUD,Konawe,"Jl. Pangeran Diponegoro No.301, Konawe"
7403126,Sulawesi Tenggara,2880.0,80,RS Umum Setia Bunda,Rumah Sakit Umum,D,50,15,51,SWASTA/LAINNYA,Non BLU/BLUD,Konawe,"Jl. Jenderal Sudirman No.698, Kel. Ambekairi Kec. Unaaha Kab. Konawe Prov. Sulawesi Tenggara"
7412002,Sulawesi Tenggara,2880.0,80,RS Umum Daerah Kabupaten Konawe Kepulauan,Rumah Sakit Umum,D,50,20,159,Pemkab,Non BLU/BLUD,Konawe Kepulauan,Desa Pasir Putih Kecamatan Wawonii Barat Kabupaten Konawe Kepulauan Provinsi Sulawesi Tenggara
7403114,Sulawesi Tenggara,2880.0,80,RS Umum Daerah Konawe Selatan,Rumah Sakit Umum,C,110,32,249,Pemkab,BLU,Konawe Selatan," Jl. Poros Andoolo No. 1 Kompleks Perkantoran Pemda Kel.Potoro Kec.Andoolo, Kab.Konawe Selatan, Prov. Sulawesi Tenggara"
7408013,Sulawesi Tenggara,2880.0,80,RS Umum Daerah Kab.Konawe Utara,Rumah Sakit Umum,D,57,20,159,Pemkab,BLUD,Konawe Utara," Jl. Poros Kendari-Asera, Desa Lahimbua, Kecamatan  Andowia, Kabupaten  Konawe Utara, Provinsi Sulawesi Tenggara"
7472002,Sulawesi Tenggara,2880.0,80,RS Siloam Hospital Buton,Rumah Sakit Umum,C,114,33,241,Perusahaan,Non BLU/BLUD,Kota Bau-Bau,Jl. Sultan Hasanuddin No. 58 Kelurahan Batulo Kecamatan Wolio
7472016,Sulawesi Tenggara,2880.0,80,RS Umum Daerah Kota Bau Bau,Rumah Sakit Umum,C,169,40,271,Pemkot,BLUD,Kota Bau-Bau,"Jl. Drs. H. La Ode Manarfa, Kelurahan Baadia, Kecamatan Murhum, Kota Baubau, Propinsi Sulawesi Tenggara"
7472004,Sulawesi Tenggara,2880.0,80,RS Faga Husada,Rumah Sakit Umum,D,65,21,1,SWASTA/LAINNYA,Non BLU/BLUD,Kota Bau-Bau,"Jl. Betoambari No. 182 Kel. Katobengke Kec. Betoambari, Provinsi Sulawesi Tenggara"
7471136,Sulawesi Tenggara,2880.0,80,RS Jantung dan Pembuluh Darah Oputa Yi Koo Sulawesi Tenggara,Rumah Sakit Khusus Jantung,B,132,55,,Pemprop,BLUD,Kota Kendari,Jl. Dr. Sam Ratulangi No. 151
7471066,Sulawesi Tenggara,2880.0,80,RS Jiwa Kendari,Rumah Sakit Khusus Jiwa,B,187,30,281,Pemprop,BLUD,Kota Kendari, Jl. DR.Sutomo No.29
7471092,Sulawesi Tenggara,2880.0,80,RS Umum Daerah Kota Kendari,Rumah Sakit Umum,B,264,43,593,Pemkot,BLUD,Kota Kendari, Jl. Z.A. Sugianto No. 39 Kendari
7471011,Sulawesi Tenggara,2880.0,80,RS Bahteramas Provinsi Sultra,Rumah Sakit Umum,B,365,104,1079,Pemprop,BLUD,Kota Kendari,Jl. Kapten Piere Tendean No 50 Kec Baruga 
7403033,Sulawesi Tenggara,2880.0,80,RS Tk. IV Dr. R. Ismoyo Kendari,Rumah Sakit Umum,C,100,31,163,TNI AD,Non BLU/BLUD,Kota Kendari,Jl. Laute No 1 Kel. Mandonga Kec. Mandonga Kota Kendari Provinsi Sulawesi Tenggara Kode Pos : 93111
7471044,Sulawesi Tenggara,2880.0,80,RS Santa Anna,Rumah Sakit Umum,C,102,33,135,Organisasi Sosial,Non BLU/BLUD,Kota Kendari,Jl. DR. Moh.Hatta 65A Kendari
7471070,Sulawesi Tenggara,2880.0,80,RS Bhayangkara Kendari,Rumah Sakit Umum,C,110,87,223,POLRI,BLU,Kota Kendari, Jl. Gunung Meluhu No. 7 Kota Kendari
7471138,Sulawesi Tenggara,2880.0,80,RS PMI Prov. Sultra,Rumah Sakit Umum,D,61,14,,Organisasi Sosial,Non BLU/BLUD,Kota Kendari,"Jl. S . Parman, No. 35, Kel. Watu - watu, Kec. Kendari Barat"
7471137,Sulawesi Tenggara,2880.0,80,RS Umum Daerah Antero Hamra Kota Kendari,Rumah Sakit Umum,D,56,27,,Pemkab,Non BLU/BLUD,Kota Kendari,Jl. Chairil Anwar No. 23 Kel. Puuwatu Kec. Puuwatu Kota Kendari - Sulawesi Tenggara
7471005,Sulawesi Tenggara,2880.0,80,RS Umum Aliyah,Rumah Sakit Umum,D,53,24,77,SWASTA/LAINNYA,Non BLU/BLUD,Kota Kendari,"Jl. Bunggasi Poros Anduonohu Kel. Rahandouna Kec. Poasia, Kota Kendari, Provinsi Sulawesi Tenggara"
7471007,Sulawesi Tenggara,2880.0,80,RS Umum Aliyah II,Rumah Sakit Umum,D,51,26,86,Perusahaan,Non BLU/BLUD,Kota Kendari,Jl. Buburanda Korumba - Mandonga Kendari Sulawesi Tenggara
7471009,Sulawesi Tenggara,2880.0,80,RS Umum Tiara Sentosa,Rumah Sakit Umum,D,53,19,,Perusahaan,Non BLU/BLUD,Kota Kendari,"Jl. R. Suprapto No. 23 Mandonga, Kel. Mandonga , Kec. Mandonga, Kota Kendari Provinsi Sulawesi Tenggara"
7471008,Sulawesi Tenggara,2880.0,80,RS Umum Aliyah III,Rumah Sakit Umum,D,51,20,27,SWASTA/LAINNYA,Non BLU/BLUD,Kota Kendari,Jl. Christina Martha Tiahahu Kec. Baruga Kota Kendari Provinsi Sulawesi Tenggara
7471004,Sulawesi Tenggara,2880.0,80,RS Umum Dewi Sartika,Rumah Sakit Umum,D,65,32,70,SWASTA/LAINNYA,Non BLU/BLUD,Kota Kendari,Jl. Kapten Piere Tendean No. 118 Kelurahan Watubangga Kecamatan Baruga Kota Kendari Provinsi Sulawesi Tenggara
7471002,Sulawesi Tenggara,2880.0,80,RS Hati Mulia,Rumah Sakit Umum,D,53,27,91,Perorangan,Non BLU/BLUD,Kota Kendari,JL D.I. PANJAITAN NO 243 
7402022,Sulawesi Tenggara,2880.0,80,RS Ibu dan Anak Harapan Kita,Rumah Sakit Khusus Ibu dan Anak,C,26,15,,Perorangan,Non BLU/BLUD,Muna,Jl. Gatot Subroto No. 16
7402010,Sulawesi Tenggara,2880.0,80,"RS Umum Daerah dr. L.M Baharuddin, M. Kes Kab. Muna",Rumah Sakit Umum,C,189,24,442,Pemkab,BLUD,Muna,Jalan Jendral Achmad Yani Nomor 10 Raha Kelurahan Butung-butung Kecamatan Katobu Kabupaten Muna
7402011,Sulawesi Tenggara,2880.0,80,RS Umum Daerah Kabupaten Muna Barat,Rumah Sakit Umum,D,100,14,134,Pemkab,Non BLU/BLUD,Muna Barat,"  Bumi Praja Laworo, Desa Lombu Jaya, Kec. Sawerigadi, Kab. Muna Barat, Prov. Sulawesi Tenggara"
7407012,Sulawesi Tenggara,2880.0,80,RS Umum Daerah Kabupaten Wakatobi,Rumah Sakit Umum,C,95,26,340,Pemkab,BLUD,Wakatobi,"Jl. Utudae Samad Kel. Mandati III, Kec. Wangi - Wangi Selatan Kab.Wakatobi, Provinsi Sulawesi Tenggara "
7101013,Sulawesi Utara,2740.5,189,RS Umum Datoe Binangkang,Rumah Sakit Umum,C,100,33,221,Pemkab,Non BLU/BLUD,Bolaang Mongondow,Jl. Desa Lolak II Kec. Lolak Kabupaten Bolaang Mongondow
7110002,Sulawesi Utara,2740.5,189,RS Umum Daerah Bolaang Mongondow Selatan,Rumah Sakit Umum,D,101,15,167,Pemkab,Non BLU/BLUD,Bolaang Mongondow Selatan,"Jl. Trans Sulawesi desa Molibagu Kecamatan Bolaang Uki, Kabupaten Bolaang Mongondow selatan, Provinsi Sulawesi Utara Kode Pos 95770"
7111011,Sulawesi Utara,2740.5,189,RS Umum Daerah Bolaang Mongondow Timur,Rumah Sakit Umum,D,50,13,,Pemkab,Non BLU/BLUD,Bolaang Mongondow Timur,Jl. Amurang Kotamobagu Desa Sumber Rejo Kecamatan Modayag Kabupaten Bolaang Mongondow Timur
7107014,Sulawesi Utara,2740.5,189,RS Umum Bintauna,Rumah Sakit Umum,D,70,24,,Pemkab,Non BLU/BLUD,Bolaang Mongondow Utara,Jl. Vongkuru Desa Pimpi Kecamatan Bintauna
7107003,Sulawesi Utara,2740.5,189,RS Umum Daerah Bolaang Mongondow Utara ,Rumah Sakit Umum,D,108,29,132,Pemkab,Non BLU/BLUD,Bolaang Mongondow Utara,Jl. Talaga Tomoagu Bolangitang
7103015,Sulawesi Utara,2740.5,189,RS Daerah Liun Kendage,Rumah Sakit Umum,C,164,45,472,Pemkab,BLUD,Kepulauan Sangihe, Jalan Tatehe Kelurahan Apengsembeka Kecamatan Tahuna
7103039,Sulawesi Utara,2740.5,189,RS Umum Liung Paduli,Rumah Sakit Umum,D,64,19,46,Pemkab,Non BLU/BLUD,Kepulauan Sangihe,Kampung Naha Kecamatan Tabukan Utara
7108037,Sulawesi Utara,2740.5,189,RS Umum Daerah Tagulandang,Rumah Sakit Umum,C,100,20,143,Pemkab,Non BLU/BLUD,Kepulauan Siau Tagulandang Biaro,  Kelurahan Bahoi Jln Batuline Tagulandang - Kab.Sitaro
7103026,Sulawesi Utara,2740.5,189,RS Umum Daerah Lapangan Sawang Kab. Sitaro,Rumah Sakit Umum,C,93,30,161,Pemkab,Non BLU/BLUD,Kepulauan Siau Tagulandang Biaro,"Kampung Binalu, Kec : Siau Timur Selatan"
7104038,Sulawesi Utara,2740.5,189,RS Umum Daerah Talaud,Rumah Sakit Umum,C,118,24,343,Pemkab,Non BLU/BLUD,Kepulauan Talaud, Jl. Raya Mala Kec. Melonguane
7104027,Sulawesi Utara,2740.5,189,RS Bergerak Kab.Kep.Talaud,Rumah Sakit Umum,D,66,12,2,Pemkab,Non BLU/BLUD,Kepulauan Talaud,  Jl Raya Taturan - Gemeh Kecamatan Gemeh Kabupaten Kepulauan Talaud
7172036,Sulawesi Utara,2740.5,189,RS Umum Daerah Manembo-Nembo Bitung,Rumah Sakit Umum,C,201,50,756,Pemprop,Non BLU/BLUD,Kota Bitung,Jl. S. H. Sarundajang Kel. Manembo-nembo Tengah Kec. Matuari
7172014,Sulawesi Utara,2740.5,189,RS Budi Mulia Bitung,Rumah Sakit Umum,C,116,26,187,Organisasi Katholik,Non BLU/BLUD,Kota Bitung,Jl. Sam Ratulangi X/9A Bitung
7172048,Sulawesi Utara,2740.5,189,RS Umum Daerah Kota Bitung,Rumah Sakit Umum,D,117,11,,Pemkot,Non BLU/BLUD,Kota Bitung,Kel. Bitung Tengah Kec. Maesa
7172025,Sulawesi Utara,2740.5,189,Rumkital dr. Wahyu Slamet Bitung,Rumah Sakit Umum,D,92,14,71,TNI AL,Non BLU/BLUD,Kota Bitung,"Jl. Yos Sudarso No. 26 ,Kel.Bitung Barat Dua, Kec. Maesa, Kota Bitung, Sulawesi Utara"
7174004,Sulawesi Utara,2740.5,189,RS Ibu dan Anak Kasih Fatimah Kotamobagu,Rumah Sakit Khusus Ibu dan Anak,C,38,17,68,SWASTA/LAINNYA,Non BLU/BLUD,Kota Kotamobagu,Jl. Kolonel Soegiono No. 101 Kelurahan Kotabangon Kecamatan Kotamobagu Timur
7101037,Sulawesi Utara,2740.5,189,RS Kinapit,Rumah Sakit Umum,C,88,26,116,Perusahaan,Non BLU/BLUD,Kota Kotamobagu,Jl. S. Parman No.201
7174035,Sulawesi Utara,2740.5,189,RS Umum Daerah Kota Kotamobagu ,Rumah Sakit Umum,C,245,33,769,Pemkot,BLUD,Kota Kotamobagu,Kelurahan Pobundayan Kecamatan Kotamobagu Selatan 
7174024,Sulawesi Utara,2740.5,189,RS Monompia,Rumah Sakit Umum,D,110,20,180,Organisasi Protestan,Non BLU/BLUD,Kota Kotamobagu,"Jl. A. Yani No.720, Kotamobagu Utara"
7171108,Sulawesi Utara,2740.5,189,RS Khusus Daerah Gigi dan Mulut Kota Manado,Rumah Sakit Khusus Gigi dan Mulut,C,11,11,46,Pemkot,Non BLU/BLUD,Kota Manado,"Jl. Lingkar Ringroad, Kelurahan Tingkulu, Kecamatan Wanea, Kota Manado, Provinsi Sulawesi Utara, Kode Pos 95117."
7171120,Sulawesi Utara,2740.5,189,RS Gigi dan Mulut Universitas Sam Ratulangi,Rumah Sakit Khusus Gigi dan Mulut,C,10,18,,Kementerian Lain,Non BLU/BLUD,Kota Manado,Jl. Dr. Soetomo No. 3
7171095,Sulawesi Utara,2740.5,189,RS Ibu dan Anak Kirana Manado,Rumah Sakit Khusus Ibu dan Anak,C,47,26,46,Perorangan,Non BLU/BLUD,Kota Manado,"Jl. Jend Sudirman No.78, Kelurahan Lawangirung, Kecamatan Wenang, Kota Manado, Provinsi Sulawesi Utara."
7171098,Sulawesi Utara,2740.5,189,RS Ibu dan Anak Kasih Ibu,Rumah Sakit Khusus Ibu dan Anak,C,58,10,,SWASTA/LAINNYA,Non BLU/BLUD,Kota Manado,Jl. R. W. Mongisidi No.1 Kompleks Bahu Mall Blok C.23 Kelurahan Bahu Kecamatan Malalayang Kota Manado 95115
7171122,Sulawesi Utara,2740.5,189,RS Khusus Infeksi Kita Waya Provinsi Sulawesi Utara,Rumah Sakit Khusus Infeksi,B,79,28,,Pemprop,Non BLU/BLUD,Kota Manado,Jl. Raya Manado-Bitung Kel. Kairagi Satu Kec. Mapanget Kota Manado
7171104,Sulawesi Utara,2740.5,189,RS Mata Provinsi Sulawesi Utara,Rumah Sakit Khusus Mata,C,22,20,140,Pemprop,Non BLU/BLUD,Kota Manado,Jl. W. Z. Johanis No.I Kota Manado
7171013,Sulawesi Utara,2740.5,189,RSUP Prof. Dr. R. D. Kandou,Rumah Sakit Umum,A,729,95,2278,Kemkes ,BLU,Kota Manado,"Jl. Raya Tanawangko No.56, Manado"
7171103,Sulawesi Utara,2740.5,189,RS Umum Daerah ODSK,Rumah Sakit Umum,B,287,22,99,Pemprop,Non BLU/BLUD,Kota Manado,Jl. Bethesda No. 77 Manado
7171099,Sulawesi Utara,2740.5,189,RS Umum Siloam Hospital Manado,Rumah Sakit Umum,B,200,98,510,Perusahaan,Non BLU/BLUD,Kota Manado,JL.Sam Ratulangi No.22 Boulevard Center
7171124,Sulawesi Utara,2740.5,189,RS. Dr. J. H. AWALOEI - MANADO,Rumah Sakit Umum,C,,1,,SWASTA/LAINNYA,Non BLU/BLUD,Kota Manado,"Jl. Pingkan Matindas, Kelurahan Dendengan Dalam"
7171061,Sulawesi Utara,2740.5,189,RS Bhayangkara Manado,Rumah Sakit Umum,C,116,97,275,POLRI,BLU,Kota Manado,Jl. Sam Ratulangi 326 Manado
7171106,Sulawesi Utara,2740.5,189,RS Hermina Manado,Rumah Sakit Umum,C,115,76,,Perusahaan,Non BLU/BLUD,Kota Manado,Jl. Ring Road 2 Lingkungan 1 Kel. Paniki Bawah Kec. Mapanget
7171083,Sulawesi Utara,2740.5,189,RS Advent Manado,Rumah Sakit Umum,C,158,30,219,Organisasi Sosial,Non BLU/BLUD,Kota Manado,"Jl. 14 Februari No. 1 Teling Atas Kelurahan Teling Atas, Kecamatan Wanea Kota Manado Provinsi Sulawesi Utara 95119"
7171050,Sulawesi Utara,2740.5,189,RS Pancaran Kasih,Rumah Sakit Umum,C,163,27,527,Organisasi Protestan,Non BLU/BLUD,Kota Manado,Jl. Dr. Sam Ratulangi XIII Kelurahan Titiwungen Kecamatan Sario Kota Manado Provinsi Sulawesi Utara
7171102,Sulawesi Utara,2740.5,189,RS Umum Manado Medical Center,Rumah Sakit Umum,C,247,30,157,SWASTA/LAINNYA,Non BLU/BLUD,Kota Manado,Jln. Rajawali No. 8 - Kec. Paal 2 - Kel. Paal 2 - Kota Manado - 95129
7171121,Sulawesi Utara,2740.5,189,RS Umum Daerah Kota Manado,Rumah Sakit Umum,C,105,27,,Pemkot,Non BLU/BLUD,Kota Manado,"Jl. Raya Ringroad I Kelurahan Tingkulu Lingkungan V, Kecamatan Wanea, Kota Manado, Prov. Sulawesi Utara "
7171024,Sulawesi Utara,2740.5,189,RS TK. II R. W. Mongisidi,Rumah Sakit Umum,C,198,32,466,TNI AD,BLU,Kota Manado,Jl. 14 Februari Telling Atas Manado
7171094,Sulawesi Utara,2740.5,189,RS Islam Sitti Maryam,Rumah Sakit Umum,C,75,15,39,Organisasi Sosial,Non BLU/BLUD,Kota Manado, Jl. Pogidon Raya No.110 Tuminting Manado
7171105,Sulawesi Utara,2740.5,189,RS Siloam Paal Dua,Rumah Sakit Umum,C,109,34,77,Perusahaan,Non BLU/BLUD,Kota Manado,"Jl. Yos Sudarso No.38-40, Kec. Paal Dua"
7171097,Sulawesi Utara,2740.5,189,RSAU dr. Charles P. J. Suoth Lanud Sam Ratulangi,Rumah Sakit Umum,D,53,16,62,TNI AU,Non BLU/BLUD,Kota Manado,"Jl. A.A. Maramis, Kelurahan Lapangan, Kecamatan Mapanget, Kota Manado, Provinsi Sulawesi Utara"
7171072,Sulawesi Utara,2740.5,189,RS Permata Bunda,Rumah Sakit Umum,D,65,22,122,Organisasi Sosial,Non BLU/BLUD,Kota Manado,"Jl. Pingkan Matindas, Dendengan dalam,Manado"
7173002,Sulawesi Utara,2740.5,189,RS Umum Daerah Anugerah,Rumah Sakit Umum,C,106,22,394,Pemkot,BLUD,Kota Tomohon,"Jl. Pinaras, Kelurahan Tumatangtang Satu Kecamatan Tomohon Selatan "
7173051,Sulawesi Utara,2740.5,189,RS Gunung Maria,Rumah Sakit Umum,C,195,31,219,Organisasi Katholik,BLU,Kota Tomohon,Jl. Sejahtera No. 282 Tomohon
7173036,Sulawesi Utara,2740.5,189,RS Bethesda GMIM Tomohon,Rumah Sakit Umum,C,238,77,572,Organisasi Protestan,Non BLU/BLUD,Kota Tomohon,"Jln. Raya Tomohon, Kelurahan Talete Satu, Kecamatan Tomohon Tengah, Kota Tomohon, Provinsi Sulawesi Utara"
7171035,Sulawesi Utara,2740.5,189,RS Jiwa Prof. Dr. V. L. Ratumbuysang,Rumah Sakit Khusus Jiwa,B,174,23,347,Pemprop,Non BLU/BLUD,Minahasa,Desa Kalasey Dua Kec. Mandolang Kab. Minahasa
7102121,Sulawesi Utara,2740.5,189,RS Dr. J. H. Awaloei,Rumah Sakit Umum,B,200,91,87,Perusahaan,Non BLU/BLUD,Minahasa,Jl. Raya Manado-Tateli Desa Tateli Satu Kec. Mandolang
7102073,Sulawesi Utara,2740.5,189,RS Budi Setia,Rumah Sakit Umum,C,132,19,104,Organisasi Katholik,Non BLU/BLUD,Minahasa,Kayowas Jaga I Langowan Barat Minahasa
7102014,Sulawesi Utara,2740.5,189,RS Umum Daerah Dr. Sam Ratulangi Tondano,Rumah Sakit Umum,C,151,38,55,Pemkab,BLUD,Minahasa,"Jl. R. Suprapto, Luaan, Kec. Tondano Utara, Kabupaten Minahasa, Sulawesi Utara"
7102120,Sulawesi Utara,2740.5,189,RS Umum Noongan,Rumah Sakit Umum,C,130,72,352,Pemprop,Non BLU/BLUD,Minahasa,  Jl.Raya Noongan Langowan Barat
7102040,Sulawesi Utara,2740.5,189,RS Siloam GMIM Sonder,Rumah Sakit Umum,D,131,90,58,Organisasi Protestan,Non BLU/BLUD,Minahasa,"Kolongan Atas, Sonder"
7105116,Sulawesi Utara,2740.5,189,RS Kalooran,Rumah Sakit Umum,C,173,32,368,Organisasi Protestan,Non BLU/BLUD,Minahasa Selatan,"Lingkungan V Kelurahan Buyungon, Kecamatan Amurang, Kabupaten Minahasa Selatan, Provinsi Sulawesi Utara, Kode Pos 95954 "
7105030,Sulawesi Utara,2740.5,189,RS Umum Daerah Amurang,Rumah Sakit Umum,C,92,18,21,Pemkab,Non BLU/BLUD,Minahasa Selatan,Desa Teeptrans Jl. Trans Sulawesi Kecamatan Amurang Barat
7105084,Sulawesi Utara,2740.5,189,RS Cantia Tompasobaru,Rumah Sakit Umum,D,68,10,44,Organisasi Katholik,Non BLU/BLUD,Minahasa Selatan,"Jaga II (dua) desa Pinaesaan, Kecamatan Tompasobaru, Kabupaten Minahasa Selatan"
7109028,Sulawesi Utara,2740.5,189,RSU Ratatotok Buyat,Rumah Sakit Umum,C,100,22,109,Kemkes ,Non BLU/BLUD,Minahasa Tenggara,"   JL. J.W. Lasut Ratatotok II Kecamatan Ratatotok, Minahasa Tenggara, Sulawesi Utara"
7109002,Sulawesi Utara,2740.5,189,RS Umum Daerah Mitra Sehat,Rumah Sakit Umum,D,50,20,99,Pemkab,Non BLU/BLUD,Minahasa Tenggara,Jl. Raya Ratahan - Liwutung Desa Towuntu Timur Kec. Pasan Kabupaten Minahasa Tenggara
7106020,Sulawesi Utara,2740.5,189,Sentra Medika Hospital Minahasa Utara,Rumah Sakit Umum,B,202,82,152,SWASTA/LAINNYA,BLU,Minahasa Utara,Jl. Ir. Soekarno Desa Maumbi Kec. Kalawat
7102062,Sulawesi Utara,2740.5,189,RS Hermana,Rumah Sakit Umum,C,116,20,148,Organisasi Katholik,Non BLU/BLUD,Minahasa Utara,Jl. A. Mononutu Desa Lembean Kec. Kauditan Kab. Minahasa Utara
7106018,Sulawesi Utara,2740.5,189,RS Umum Daerah Maria Walanda Maramis,Rumah Sakit Umum,C,109,32,346,Pemkab,BLUD,Minahasa Utara, Jl. Arnold Mononutu - Kel.Sarongsong II - Airmadidi
7102095,Sulawesi Utara,2740.5,189,RS Tonsea,Rumah Sakit Umum,D,103,19,45,Organisasi Protestan,Non BLU/BLUD,Minahasa Utara,"Jl. Arnold Mononutu No.176 Sarongsong 1, Kec. Airmadidi, Kab. Minahasa Utara, Sulawesi Utara"
1307017,Sumatera Barat,5991.6,142,RS Ibu dan Anak Rezki Bunda,Rumah Sakit Khusus Ibu dan Anak,C,40,21,110,Perorangan,Non BLU/BLUD,Agam,"Jln. Gajah Mada No. 435A Lansano. Kec. Lubuk Basung, Kabupaten Agam, Provinsi Sumatera Barat"
1308016,Sumatera Barat,5991.6,142,RS Umum Daerah Lubuk Basung,Rumah Sakit Umum,C,144,45,371,Pemkab,BLUD,Agam,"Jl. M.Hatta Padang Baru,Lubuk Basung"
1311013,Sumatera Barat,5991.6,142,RS Umum Daerah Sungai Dareh,Rumah Sakit Umum,C,166,72,541,Pemkab,BLUD,Dharmasraya,"Jl. Lintas Sumatera KM 4, Kenagarian Sungai Kambut, Kec. Pulau Punjung"
1311002,Sumatera Barat,5991.6,142,RS Umum Daerah Sungai Rumbai,Rumah Sakit Umum,D,63,12,96,Pemkab,BLUD,Dharmasraya,Jl. Lintas Sumatera Jorong Ujung Koto Nagari Sungai Rumbai Timur Kecamatan Sungai Rumbai Kabupaten
1301010,Sumatera Barat,5991.6,142,RS Umum Daerah Kep. Mentawai,Rumah Sakit Umum,D,51,28,70,Pemkab,Non BLU/BLUD,Kepulauan Mentawai,Jalan Raya Tuapejat KM.9. Kecamatan Sipora Utara Kabupaten Kepulauan Mentawai Propinsi Sumatera Barat 
1375036,Sumatera Barat,5991.6,142,RS Otak DR. Drs. M. Hatta Bukittinggi,Rumah Sakit Khusus Stroke,A,151,27,660,Kemkes ,BLU,Kota Bukittinggi,Jl. Jend Sudirman Bukittinggi PO. BOX I Bukittinggi
1375014,Sumatera Barat,5991.6,142,RS Umum Daerah Dr. Achmad Mochtar,Rumah Sakit Umum,B,311,107,583,Pemprop,BLUD,Kota Bukittinggi,Jl. Dr. A. Rivai Kec. Guguak Panjang Bukittingi
1375053,Sumatera Barat,5991.6,142,RS Umum Daerah Kota Bukittinggi,Rumah Sakit Umum,C,100,82,215,Pemkot,BLUD,Kota Bukittinggi,"Jl. By Pass Kubu Gulai Bancah RT.006  RW.002, Kelurahan Kubu Gulai Bancah, Kecamatan Mandiangin Koto Selayan, Kota Bukittinggi ,Provinsi Sumatera Barat"
1375040,Sumatera Barat,5991.6,142,RS Islam Ibnu Sina Bukittinggi,Rumah Sakit Umum,C,131,57,482,Organisasi Islam ,Non BLU/BLUD,Kota Bukittinggi,"Jl. Batang Agam, Belakang Balok "
1375051,Sumatera Barat,5991.6,142,RS Umum Madina,Rumah Sakit Umum,D,61,27,229,Organisasi Islam ,Non BLU/BLUD,Kota Bukittinggi,"Jl. Urip Sumoharjo, Kel. Tarok Dipo, Kec. Guguak Panjang, Kota Bukittinggi, Prov. Sumatera Barat"
1375025,Sumatera Barat,5991.6,142,RS Tk. IV Bukittinggi,Rumah Sakit Umum,D,61,32,73,TNI AD,Non BLU/BLUD,Kota Bukittinggi,Jl. Jend. Sudirman 37 Bukittinggi
1371463,Sumatera Barat,5991.6,142,RS Khusus Bedah Kartika Docta,Rumah Sakit Khusus Bedah,C,25,16,53,SWASTA/LAINNYA,Non BLU/BLUD,Kota Padang,"Jl. Gajah Mada No.14 Kelurahan Gunung Pangilun, Kecamatan Padang Utara, Kota Padang"
1371422,Sumatera Barat,5991.6,142,RS Khusus Bedah Ropanasuri,Rumah Sakit Khusus Bedah,C,29,26,165,Organisasi Sosial,Non BLU/BLUD,Kota Padang,"Jl. Aur No.8, Ujung Gurun, Padang Barat"
1371454,Sumatera Barat,5991.6,142,RS Khusus Gigi dan Mulut Baiturrahmah,Rumah Sakit Khusus Gigi dan Mulut,B,12,9,37,Organisasi Islam ,Non BLU/BLUD,Kota Padang,Jl. Raya by Pass KM.14 Sei Sapih Padang
1371478,Sumatera Barat,5991.6,142,RS Gigi dan Mulut Universitas Andalas,Rumah Sakit Khusus Gigi dan Mulut,B,14,21,,Kementerian Lain,Non BLU/BLUD,Kota Padang,Jl. Perintis Kemerdekan No.77 Jati Baru
1371455,Sumatera Barat,5991.6,142,RS Ibu dan Anak Siti Hawa,Rumah Sakit Khusus Ibu dan Anak,C,45,16,73,Perorangan,Non BLU/BLUD,Kota Padang,Jl Parak Gadang Raya No 35 A Padang
1371460,Sumatera Barat,5991.6,142,RS Ibu dan Anak Mutiara Bunda,Rumah Sakit Khusus Ibu dan Anak,C,27,14,40,Perusahaan,Non BLU/BLUD,Kota Padang,Jl. S. Parman No. 142 Padang
1371451,Sumatera Barat,5991.6,142,RS Ibu dan Anak Cicik,Rumah Sakit Khusus Ibu dan Anak,C,32,26,136,SWASTA/LAINNYA,Non BLU/BLUD,Kota Padang,Jl. Dr.Sutomo No 94 Padang
1371400,Sumatera Barat,5991.6,142,RS Ibu dan Anak Lenggogeni,Rumah Sakit Khusus Ibu dan Anak,C,28,12,31,Organisasi Sosial,BLU,Kota Padang,"Jl. Purus II No.1, Rw 03 Kota Padang Sumatra Barat 25115 Indonesia"
1371465,Sumatera Barat,5991.6,142,RS Ibu dan Anak Restu Ibu,Rumah Sakit Khusus Ibu dan Anak,C,29,15,126,SWASTA/LAINNYA,Non BLU/BLUD,Kota Padang,"Jl. Terandam No. 5-7 Kel. Sawahan, Kec. Padang Timur, Kota Padang, Prov. Sumatera Barat"
1371316,Sumatera Barat,5991.6,142,RS Jiwa Prof. Dr. Hasan Basri Saanin Datuk Tan Par,Rumah Sakit Khusus Jiwa,A,268,43,321,Pemprop,BLUD,Kota Padang,"Jl. Raya Ulu Gadut, Padang"
1371251,Sumatera Barat,5991.6,142,RS Jiwa dr. Yaunin,Rumah Sakit Khusus Jiwa,C,37,24,42,Organisasi Sosial,Non BLU/BLUD,Kota Padang,"Jl. Sawahan No.36, Sawahan, Kec. Padang Tim., Kota Padang, Sumatera Barat 25171"
1371459,Sumatera Barat,5991.6,142,RS Khusus Mata Regina Eye Center,Rumah Sakit Khusus Mata,C,16,16,86,Perusahaan,Non BLU/BLUD,Kota Padang,Jl. H. Agus Salim No. 11A Padang
1371457,Sumatera Barat,5991.6,142,RS Khusus Mata Padang Eye Center,Rumah Sakit Khusus Mata,C,23,15,110,SWASTA/LAINNYA,Non BLU/BLUD,Kota Padang,"Jl.Pemuda No 53, Padang"
1371010,Sumatera Barat,5991.6,142,RSUP Dr. M. Djamil,Rumah Sakit Umum,A,800,81,2152,Kemkes ,BLU,Kota Padang,"Jalan Perintis Kemerdekaan, Kel. Sawahan Timur, Kec. Padang Timur, Kota Padang, Sumatera Barat, 25127"
1371464,Sumatera Barat,5991.6,142,RS. Universitas Andalas,Rumah Sakit Umum,B,202,63,390,Kementerian Lain,Non BLU/BLUD,Kota Padang,"Kompleks kampus Unand, Limau Manis, Kec. Pauh, PADANG"
1371456,Sumatera Barat,5991.6,142,RS Islam Siti Rahmah,Rumah Sakit Umum,C,133,61,353,Organisasi Islam ,Non BLU/BLUD,Kota Padang,JL.Raya by Pass KM 15 Air Pacah Padang
1371032,Sumatera Barat,5991.6,142,RS Umum Yos Sudarso,Rumah Sakit Umum,C,151,47,459,Organisasi Katholik,Non BLU/BLUD,Kota Padang,Jalan Situjuh nomor 1 Padang
1371021,Sumatera Barat,5991.6,142,RS Tk. III Reksodiwiryo Padang,Rumah Sakit Umum,C,251,52,568,TNI AD,Non BLU/BLUD,Kota Padang,"Jl. dr. Wahidin No. 1, Kel. Ganting Parak Gadang, Kec. Padang Timur"
1371444,Sumatera Barat,5991.6,142,RS Umum Daerah dr. Rasidin Padang,Rumah Sakit Umum,C,111,4,372,Pemkot,BLUD,Kota Padang,Jl. Air Paku Sungai Sapih Kecamatan Kuranji Kota Padang Sumatera Barat
1371446,Sumatera Barat,5991.6,142,RS Umum Bunda Padang,Rumah Sakit Umum,C,126,112,310,Perorangan,Non BLU/BLUD,Kota Padang,Jl. Proklamasi No. 37 Padang
1371305,Sumatera Barat,5991.6,142,RS Umum Semen Padang Hospital,Rumah Sakit Umum,C,144,115,535,SWASTA/LAINNYA,Non BLU/BLUD,Kota Padang,Jl. By Pass KM 7 Kelurahan Pisang Kecamatan Pauh
1371112,Sumatera Barat,5991.6,142,RS Umum Aisyiyah Padang,Rumah Sakit Umum,C,100,34,144,Organisasi Sosial,Non BLU/BLUD,Kota Padang,"Jl. H. Agus Salim No. 6 Padang , Sumatera Barat"
1371462,Sumatera Barat,5991.6,142,RS Umum Naili DBS,Rumah Sakit Umum,C,100,39,134,SWASTA/LAINNYA,Non BLU/BLUD,Kota Padang,JL.Ratulangi N0.24 RT.001 RW.008 Kelurahan Kampung Jao 
1371091,Sumatera Barat,5991.6,142,RS Umum Islam Ibnu Sina,Rumah Sakit Umum,C,100,87,273,Organisasi Islam ,Non BLU/BLUD,Kota Padang,Jl. Gajah Mada Gunung Pangilun Padang
1371466,Sumatera Barat,5991.6,142,RS Umum Hermina Padang,Rumah Sakit Umum,C,116,81,244,SWASTA/LAINNYA,Non BLU/BLUD,Kota Padang,"Jl. Khatib Sulaiman RT 006 RW 007, Kel. Lolong Belanti, Kec. Padang Utara"
1371123,Sumatera Barat,5991.6,142,RS Bhayangkara Padang,Rumah Sakit Umum,C,102,32,197,POLRI,BLU,Kota Padang,Jl. Jati No.I Padang
1374013,Sumatera Barat,5991.6,142,RS Umum Daerah Padang Panjang,Rumah Sakit Umum,C,162,93,494,Pemkot,BLUD,Kota Padang Panjang,Jl. Tabek Gadang Kel. Ganting Kec. Padang Panjang Timur
1374024,Sumatera Barat,5991.6,142,RS Umum Ibnu Sina Padang Panjang,Rumah Sakit Umum,D,50,31,153,Organisasi Islam ,Non BLU/BLUD,Kota Padang Panjang,"Jl. Soekarno-Hatta No. 17, Kel. Bukit Surungan, Kec. Padang Panjang Barat"
1377008,Sumatera Barat,5991.6,142,RS Ibu dan Anak Citra Aguswar Medical Center,Rumah Sakit Khusus Ibu dan Anak,C,32,16,37,SWASTA/LAINNYA,Non BLU/BLUD,Kota Pariaman,"Jl. M. Rasyid No.30 Desa Rambai, Kec. Pariaman Selatan, Kota Pariaman, Sumatera Barat"
1306015,Sumatera Barat,5991.6,142,RS Umum Daerah Pariaman,Rumah Sakit Umum,B,206,81,600,Pemprop,BLU,Kota Pariaman," Jl. Prof. M.Yamin SH, No.5, Desa/Kelurahan Kampung Baru, Kec. Pariaman Tengah, Kota Pariaman, Provinsi Sumatera Barat, Kode Pos: 25514"
1377007,Sumatera Barat,5991.6,142,RS Umum Daerah Dr Sadikin Kota Pariaman,Rumah Sakit Umum,D,74,25,176,Pemkot,BLUD,Kota Pariaman,"Jl. Nostalgia No. 55, Desa Kampung Gadang Padusunan, Kecamatan Pariaman Timur, Kota Pariaman, Propinsi Sumatera Barat"
1377005,Sumatera Barat,5991.6,142,RS Umum Tamar Medical Centre,Rumah Sakit Umum,D,68,26,101,SWASTA/LAINNYA,Non BLU/BLUD,Kota Pariaman,Jalan Basuki Rahmat No. 1 Kelurahan Karan Aur Kecamatan Pariaman Tengah
1377003,Sumatera Barat,5991.6,142,RS Umum Aisyiyah Pariaman,Rumah Sakit Umum,D,100,27,128,Organisasi Sosial,Non BLU/BLUD,Kota Pariaman,"Jl. Abdul Muis No. 26, Kelurahan Taratak Kec.Pariaman Tengah, Kota Pariaman, Provinsi Sumatera Barat"
1376017,Sumatera Barat,5991.6,142,RS Ibu dan Anak Annisa Payakumbuh,Rumah Sakit Khusus Ibu dan Anak,C,43,23,97,Perorangan,Non BLU/BLUD,Kota Payakumbuh,"Jl. Sultan Hasanudin, Kel. Padangtongah Balainanduo, Kec. Payakumbuh Barat, Kota Payakumbuh"
1376016,Sumatera Barat,5991.6,142,RS Ibu dan Anak Sukma Bunda,Rumah Sakit Khusus Ibu dan Anak,C,38,15,48,Perusahaan,Non BLU/BLUD,Kota Payakumbuh,Jl. Soekarno-Hatta Kelurahan Bulakan Balai Kandi Kecamatan Payakumbuh Barat Kota Payakumbuh Provinsi Sumatera Barat
1376011,Sumatera Barat,5991.6,142,RS Umum Ibnu Sina Kota Payakumbuh,Rumah Sakit Umum,C,100,29,223,Organisasi Islam ,Non BLU/BLUD,Kota Payakumbuh,Jl. Veteran No 14 Payakumbuh
1376015,Sumatera Barat,5991.6,142,RS Umum Daerah Dr. Adnaan WD,Rumah Sakit Umum,C,179,71,596,Pemkot,BLUD,Kota Payakumbuh,"Jl. AIS Nasution 25,Balai Kaliki Payakumbuh"
1373012,Sumatera Barat,5991.6,142,RS Umum Daerah Sawah Lunto,Rumah Sakit Umum,C,104,33,488,Pemkot,BLUD,Kota Sawah Lunto,"Jl. RA. Kartini No.18, Sawah Lunto Desa/Kelurahan Aur Mulio,  Kec.  Lembah Segar,  Kota Sawahlunto,  Provinsi Sumatera Barat,  Kode Pos 27418"
1372014,Sumatera Barat,5991.6,142,RS Ibu Dan Anak Ananda,Rumah Sakit Khusus Ibu dan Anak,C,42,13,,SWASTA/LAINNYA,Non BLU/BLUD,Kota Solok,"Jl. Prof. M. Yamin Pandan Ujung No. 76, Kelurahan PPA, Kecamatan Tanjung Harapan, Kota Solok, Sumatera Barat"
1372013,Sumatera Barat,5991.6,142,RS Ibu dan Anak Permata Bunda Solok,Rumah Sakit Khusus Ibu dan Anak,C,59,20,85,Perusahaan,Non BLU/BLUD,Kota Solok,"Jl. Nasir Sutan Pamuncak, By Pass Kelurahan KTK, Kecamatan Lubuk Sikarah Kota Solok"
1372011,Sumatera Barat,5991.6,142,RS Umum Daerah Mohammad Natsir,Rumah Sakit Umum,B,251,99,513,Pemprop,BLUD,Kota Solok,"Jl. Simpang Rumbio, kec. lubuk sikarah Solok"
1372016,Sumatera Barat,5991.6,142,RS Umum Daerah Serambi Madinah Kota Solok,Rumah Sakit Umum,C,139,18,30,Pemkot,Non BLU/BLUD,Kota Solok,Jl. Tuanku Imam Bonjol No. 366 Kel. Tanah Garam Kec. Lubuk Sikarah
1372012,Sumatera Barat,5991.6,142,RS Tk. IV 01.07.06 Solok,Rumah Sakit Umum,D,97,28,165,TNI AD,Non BLU/BLUD,Kota Solok,JL. Proklamasi No. 03 kota Solok
1308010,Sumatera Barat,5991.6,142,RS Umum Daerah dr. Achmad Darwis,Rumah Sakit Umum,C,100,39,366,Pemkab,BLUD,Lima Puluh Kota,"Jl. Tan Malaka No.1, Kec.Suliki"
1306057,Sumatera Barat,5991.6,142,RS Paru Sumatera Barat,Rumah Sakit Khusus Paru,B,76,51,116,Pemprop,Non BLU/BLUD,Padang Pariaman, Jl. M. Djamil No 110 Lubuk Alung
1306056,Sumatera Barat,5991.6,142,RS Umum Daerah Padang Pariaman,Rumah Sakit Umum,C,181,42,269,Pemkab,BLUD,Padang Pariaman,Jl.raya Padang bukittingi Km.42 Parit malintang
1309011,Sumatera Barat,5991.6,142,RS Umum Daerah Tuanku Imam Bonjol,Rumah Sakit Umum,C,184,101,322,Pemkab,BLUD,Pasaman,"Jl. Jendral Sudirman No.33, Kelurahan Pauah, Kecamatan Lubuk Sikaping, Kabupaten Pasaman, Provinsi Sumatera Barat"
1309024,Sumatera Barat,5991.6,142,RS Umum Daerah Tuanku Rao,Rumah Sakit Umum,D,55,28,42,Pemkab,BLUD,Pasaman,"Jl. Lintas Sumatera KM. 8 Jorong Selamat Utara, Nagari Sitombol, Kecamatan Padang Gelugur Kabupaten Pasaman Provinsi Sumatera Barat"
1309023,Sumatera Barat,5991.6,142,RS Islam Ibnu Sina Panti Yarsi ,Rumah Sakit Umum,D,67,28,87,SWASTA/LAINNYA,Non BLU/BLUD,Pasaman,Jl. Lintas Medan Bukittinggi Kampung Cengkeh No. 86 Panti
1312025,Sumatera Barat,5991.6,142,RS Ibu dan Anak AL-Ihsan,Rumah Sakit Khusus Ibu dan Anak,C,26,21,45,Perorangan,Non BLU/BLUD,Pasaman Barat,"Jl. Bakti Depan SPBU Pertamina Simpang Empat, Jorong Simpang Ampek, Nagari Lingkuang Aua, Kecamatan Pasaman, Kabupaten Pasaman Barat, Provinsi Sumatera Barat"
1312024,Sumatera Barat,5991.6,142,RS Umum Daerah Pasaman Barat,Rumah Sakit Umum,C,156,75,394,Pemkab,BLUD,Pasaman Barat,"Jl. Jenderal Sudirman, Kec.Luhak Nan Duo,Kab.Pasaman Barat,Provinsi Sumatra Barat"
1309022,Sumatera Barat,5991.6,142,RS Umum Islam Ibnu Sina,Rumah Sakit Umum,C,110,27,265,Organisasi Islam ,Non BLU/BLUD,Pasaman Barat,Jl M Natsir pasaman baru 
1312036,Sumatera Barat,5991.6,142,RS Umum Daerah Ujung Gading,Rumah Sakit Umum,D PRATAMA,16,10,,Pemkab,Non BLU/BLUD,Pasaman Barat,"Jl. Flores Jorong Kuamang Nagari Ujung Gading Kecamatan Lembah Melintang Kabupaten Pasaman Barat Provinsi Sumatera Barat, Kode Pos (26572)"
1302015,Sumatera Barat,5991.6,142,RS Khusus Ibu dan Anak Permata Hati,Rumah Sakit Khusus Ibu dan Anak,C,30,20,1,SWASTA/LAINNYA,Non BLU/BLUD,Pesisir Selatan,"Jl. Rawang Painan Utara, Nagari Painan Kec. IV Jurai, Kab Pesisir Selatan, Provinsi Sumatra Barat"
1302012,Sumatera Barat,5991.6,142,RS Umum BKM,Rumah Sakit Umum,C,130,30,258,Perusahaan,Non BLU/BLUD,Pesisir Selatan,Jl Jend Sudirman Sago IV Jurai Painan
1302011,Sumatera Barat,5991.6,142,RS Umum Daerah Dr. Muhammad Zein Painan,Rumah Sakit Umum,C,186,63,90,Pemkab,BLUD,Pesisir Selatan,Jl. A. Rivai No 1 Painan Kabupaten Pesisir Selatan
1302013,Sumatera Barat,5991.6,142,RS Umum Daerah Tapan,Rumah Sakit Umum,D,62,18,247,Pemkab,Non BLU/BLUD,Pesisir Selatan,"Jalan Tapan - Padang , Kenagarian Bukit Buai Tapan, Kecamatan Basa Ampek Balai Tapan, Kabupaten Pesisir Selatan, Provinsi Sumatera Barat"
1304017,Sumatera Barat,5991.6,142,RS Khusus Ibu dan Anak Haryanda,Rumah Sakit Khusus Ibu dan Anak,C,27,8,40,Perorangan,Non BLU/BLUD,Sijunjung,"Jl. Lintas Sumatera, Pondok Mahligai Indah, Tanah Badantung, Kecamatan Sijunjung, Kabupaten Sijunjung, Provinsi Sumatera Barat"
1304014,Sumatera Barat,5991.6,142,RS Umum Daerah Ahmad Syafi'I Ma'arif,Rumah Sakit Umum,C,130,35,384,Pemkab,BLUD,Sijunjung,Jl. Lintas Sumatera Km. 110 Tanah Badantuang 
1304031,Sumatera Barat,5991.6,142,RS Umum Daerah Kamang Baru,Rumah Sakit Umum,D PRATAMA,50,19,,Pemkab,BLUD,Sijunjung,Jl. Lintas Sumatera Jorong Batang Kariang Kec. Kamang Baru
1303023,Sumatera Barat,5991.6,142,RS Umum Daerah Arosuka Solok,Rumah Sakit Umum,C,101,31,359,Pemkab,Non BLU/BLUD,Solok,"Jl. Raya Solok Padang KM, 20 Arosuka Kode Pos 27364 Provinsi Sumatera Barat Telp/Fax (0755) 31160"
1303012,Sumatera Barat,5991.6,142,RS Umum Daerah Muara Labuh,Rumah Sakit Umum,C,112,44,275,Pemkab,BLUD,Solok Selatan,Jl. Raya Km.1 Muara Labuh Padang Aro
1310011,Sumatera Barat,5991.6,142,RS Umum Daerah Batang Sangir,Rumah Sakit Umum,D,55,46,,Pemkab,BLUD,Solok Selatan,Jl. Lubuk Malako Nagari Lubuk Malako Kec. Sangir Jujuan
1305016,Sumatera Barat,5991.6,142,RS Ibu dan Anak Fadhila Batusangkar,Rumah Sakit Khusus Ibu dan Anak,C,62,19,55,Perusahaan,Non BLU/BLUD,Tanah Datar,Jl. Baringin No. 5 Jorong Baringin Nagari Baringin Kec. Lima Kaum Batusangkar
1305015,Sumatera Barat,5991.6,142,RS Ibu dan Anak Sayang Ibu,Rumah Sakit Khusus Ibu dan Anak,C,32,19,71,SWASTA/LAINNYA,Non BLU/BLUD,Tanah Datar,Jl. Hamka no. 273  Batusangkar Jorong Simpuruik Nagari Simpuruik Kecamatan Sungai Tarab Kabupaten Tanah Datar Provinsi Sumatera Barat
1305014,Sumatera Barat,5991.6,142,RS Umum Daerah Prof. Dr. M.A. Hanafiah,Rumah Sakit Umum,C,176,39,450,Pemkab,BLUD,Tanah Datar,Jl. Bundo Kanduang no 1 Batusangkar
1305017,Sumatera Barat,5991.6,142,RS Umum Harapan Ibunda,Rumah Sakit Umum,D,51,20,74,SWASTA/LAINNYA,Non BLU/BLUD,Tanah Datar,"Jl. Imam Bonjol No.3B, Dobok"
1607017,Sumatera Selatan,9017.1,104,RS Bunda Medika Jakabaring,Rumah Sakit Umum,C,164,25,55,Perusahaan,Non BLU/BLUD,Banyuasin,Jl. Gubernur H.A. Bastari Jakabaring Desa Sungai Kedukan Kecamatan Rambutan
1607014,Sumatera Selatan,9017.1,104,RS Hermina OPI Jakabaring,Rumah Sakit Umum,C,153,124,210,Perusahaan,Non BLU/BLUD,Banyuasin,Jl. Gub H A Bastari RT 010 RW 005 Kel. Jakabaring Selatan Kec. Rambutan 
1607012,Sumatera Selatan,9017.1,104,RS Umum Daerah Banyuasin,Rumah Sakit Umum,C,119,60,177,Pemkab,BLUD,Banyuasin,"Jl. Raya Palembang - Betung Km.48,Pangkalan Balai Kabupaten Banyuasin Provinsi Sumatera Selatan"
1671072,Sumatera Selatan,9017.1,104,RS Umum Pusat Dr. Rivai Abdullah,Rumah Sakit Umum,C,103,48,219,Kemkes ,BLU,Banyuasin,Jl. Sungai Kundur Kelurahan Mariana Kec. Banyuasin I 
1607016,Sumatera Selatan,9017.1,104,RS Umum Daerah Sukajadi,Rumah Sakit Umum,D,50,20,8,Pemkab,BLUD,Banyuasin,Jl. Palembang Betung Km. 14.5 Kelurahan Tanah Mas Kecamatan  Talang kelapa Kabupaten Banyuasin Provinsi Sumatera Selatan kodepos 30961
1607015,Sumatera Selatan,9017.1,104,RS Umum Daerah Pratama Makarti Jaya,Rumah Sakit Umum,D PRATAMA,30,13,58,Pemkab,Non BLU/BLUD,Banyuasin,Jl. Sultan Agung No. 56 Lingkungan II Kelurahan Makarti Jaya Kecamatan Makarti Jaya Kabupaten Banyuasin Sumatera Selatan
1611042,Sumatera Selatan,9017.1,104,RS Umum Daerah Kabupaten Empat Lawang,Rumah Sakit Umum,C,123,53,313,Pemkab,BLUD,Empat Lawang," Jl. Noerdin Pandji Km 5, Kelurahan Tanjung Kupang, Kecamatan Tebing Tinggi, Kabupaten Empat Lawang, Provinsi Sumatera Selatan"
1611002,Sumatera Selatan,9017.1,104,RS Pratama Pendopo,Rumah Sakit Umum,D PRATAMA,58,12,116,Pemkab,Non BLU/BLUD,Empat Lawang,Jl. Jati Kel. Pendopo Kec. Pendopo 
1674007,Sumatera Selatan,9017.1,104,RS Ibu dan Anak Ananda Lubuk Linggau,Rumah Sakit Khusus Ibu dan Anak,C,34,15,45,Perorangan,Non BLU/BLUD,Kota Lubuk Linggau,"Jl. Yos Sudarso Rt. 006,  Kelurahan Batu Urip, Kecamatan Lubuklinggau Timur 1, Kota Lubuklinggau, Provinsi Sumatera Selatan. Kodepos 31624."
1674005,Sumatera Selatan,9017.1,104,RS Ibu dan Anak Dwi Sari,Rumah Sakit Khusus Ibu dan Anak,C,93,16,129,Perorangan,Non BLU/BLUD,Kota Lubuk Linggau,"Jl. Yos Sudarso No. 2 RT. 03, Watervang, Kec. Lubuklinggau Timur I, Kota Lubuklinggau, Provinsi Sumatera Selatan"
1674002,Sumatera Selatan,9017.1,104,RS AR Bunda Kota Lubuk Linggau,Rumah Sakit Umum,C,280,34,206,SWASTA/LAINNYA,Non BLU/BLUD,Kota Lubuk Linggau,"Jl. Garuda No. 245 RT. 03 Kel. Bandung Kiri Kec. Lubuklinggau Barat I Kota Lubuklinggau, Sumsel"
1674032,Sumatera Selatan,9017.1,104,RS Umum Daerah Siti Aisyah Kota Lubuk Linggau,Rumah Sakit Umum,C,121,24,348,Pemkot,BLUD,Kota Lubuk Linggau,"Jl. Letkol Sukirno No.20A Kel.Air Kuti, Kec. Lubuklinggau Timur I Kota Lubuklinggau Provinsi Sumatera Selatan"
1674003,Sumatera Selatan,9017.1,104,RS Siloam Silampari,Rumah Sakit Umum,C,100,25,170,SWASTA/LAINNYA,Non BLU/BLUD,Kota Lubuk Linggau,Jl Yos Sudarso Rt 11 Kelurahan Taba Jemekeh Kecamatan Lubuklinggau Timur 1 
1674008,Sumatera Selatan,9017.1,104,RS Umum Daerah Petanang,Rumah Sakit Umum,D,50,14,30,Pemkot,BLUD,Kota Lubuk Linggau,Jl. Soekarno Hatta KM 12.5 Kelurahan. Petanang Ilir Kecamatan. Lubuklinggau Utara 1. Kota Lubuk Linggau. Provinsi Sumatera Selatan
1673031,Sumatera Selatan,9017.1,104,RS Umum Daerah Basemah Kota Pagar Alam,Rumah Sakit Umum,C,170,27,399,Pemkot,BLUD,Kota Pagar Alam,Jl. AIS Nasution No.3 Kel. Alun Dua Kec. Pagar Alam Utara Kota Pagar Alam Provinsi Sumatera Selatan
1671328,Sumatera Selatan,9017.1,104,RS Khusus Gigi dan Mulut Palembang Provinsi Sumate,Rumah Sakit Khusus Gigi dan Mulut,C,21,17,141,Pemprop,BLUD,Kota Palembang,Jl. Kolonel. H. Burlian KM. 6 Palembang
1671341,Sumatera Selatan,9017.1,104,RS Ibu dan Anak Marissa Palembang,Rumah Sakit Khusus Ibu dan Anak,C,25,13,29,Organisasi Sosial,Non BLU/BLUD,Kota Palembang,"JL.KAPTEN ABDULLAH NO.1212 RT.18 RW. 07 KELURAHAN TALANG BUBUK, KECAMATAN PLAJU"
1671324,Sumatera Selatan,9017.1,104,RS Ibu dan Anak Rika Amelia,Rumah Sakit Khusus Ibu dan Anak,C,43,18,152,Organisasi Sosial,Non BLU/BLUD,Kota Palembang,Jl. Sultan Machmud Badaruddin II No. 18 Rt. 17 Rw. 04 Kel. Alang-Alang Lebar KM 11
1671337,Sumatera Selatan,9017.1,104,RS Ibu dan Anak Trinanda Palembang,Rumah Sakit Khusus Ibu dan Anak,C,25,9,25,SWASTA/LAINNYA,Non BLU/BLUD,Kota Palembang,Jl. RE. Martadinata No. 6-8 Palembang
1671348,Sumatera Selatan,9017.1,104,RS Ibu dan Anak Mama,Rumah Sakit Khusus Ibu dan Anak,C,25,8,46,Perusahaan,Non BLU/BLUD,Kota Palembang,"Jalan Lembing Blok F No. 15 Kampus POM IX, RT 031, RW 009, Kelurahan Lorok Pakjo, Kecamatan Ilir Barat Satu, Kota Palembang, Provinsi Sumatera Selatan"
1671339,Sumatera Selatan,9017.1,104,RS Ibu dan Anak Bunda Noni,Rumah Sakit Khusus Ibu dan Anak,C,25,17,46,Perusahaan,Non BLU/BLUD,Kota Palembang,Jl. Srijaya Negara No.1 Rt.72 Rw.11 Kel. Bukit Lama  
1671340,Sumatera Selatan,9017.1,104,RS Ibu dan Anak Az-Zahra Palembang,Rumah Sakit Khusus Ibu dan Anak,C,34,20,114,Organisasi Sosial,Non BLU/BLUD,Kota Palembang,Jl.Brigjend Hasan Kasim No. 1-2 Kel. Bukit Sangkal Kec. Kalidoni Palembang
1671061,Sumatera Selatan,9017.1,104,RS Jiwa Ernaldi Bahar Provinsi Sumatera Selatan,Rumah Sakit Khusus Jiwa,A,182,35,421,Pemprop,BLUD,Kota Palembang,"Jl. Tembus Terminal No. 02, KM. 12 Kecamatan Alang Alang Lebar Kota Palembang"
1671323,Sumatera Selatan,9017.1,104,RS Khusus Mata Masyarakat Provinsi Sumatera Selatan,Rumah Sakit Khusus Mata,B,37,23,193,Pemprop,BLUD,Kota Palembang,"Jl. Kol. H. Burlian KM.6 , Desa/Kelurahan Sukajaya, Kec.Sukarami, Kota Palembang, Prov.Sumatera Selatan , Kode Pos : 30151"
1671013,Sumatera Selatan,9017.1,104,RS Umum Pusat Dr. Mohammad Hoesin Palembang,Rumah Sakit Umum,A,926,155,3030,Kemkes ,BLU,Kota Palembang,"Jl. Jendral Sudirman KM 3,5 Palembang"
1671083,Sumatera Selatan,9017.1,104,RS Islam Siti Khadijah,Rumah Sakit Umum,B,200,97,620,Organisasi Sosial,Non BLU/BLUD,Kota Palembang,Jl. Demang Lebar Daun No.26
1671265,Sumatera Selatan,9017.1,104,RS Umum Daerah Palembang Bari,Rumah Sakit Umum,B,253,92,780,Pemkot,BLUD,Kota Palembang,"Jl. Panca Usaha No.1 Kel. 5 ulu Seb. Ulu I, PALEMBANG"
1671347,Sumatera Selatan,9017.1,104,RS Umum Daerah Siti Fatimah Provinsi Sumatera Sela,Rumah Sakit Umum,B,306,81,519,Pemprop,BLUD,Kota Palembang,Jl. Kol. H. Burlian Km 6 
1671050,Sumatera Selatan,9017.1,104,RS Umum Charitas Hospital Palembang,Rumah Sakit Umum,B,311,61,841,Organisasi Sosial,Non BLU/BLUD,Kota Palembang,Jl. Sudirman 1054 Palembang
1671325,Sumatera Selatan,9017.1,104,RS Hermina Palembang,Rumah Sakit Umum,C,250,105,421,Perusahaan,Non BLU/BLUD,Kota Palembang,JL. BASUKI RAHMAT NO 897 RT 897 RT 11 RW 003 PALEMBANG
1671335,Sumatera Selatan,9017.1,104,RS Siloam Sriwijaya Palembang,Rumah Sakit Umum,C,112,100,548,Perusahaan,Non BLU/BLUD,Kota Palembang,JL.POM IX (KOMPLEK PS MALL) KELURAHAN LOROK PAKJO
1671331,Sumatera Selatan,9017.1,104,RS Bhayangkara M. Hasan Palembang,Rumah Sakit Umum,C,185,43,345,POLRI,BLU,Kota Palembang,Jl. Jenderal Sudirman KM. 4.5
1671343,Sumatera Selatan,9017.1,104,RS Umum Ar-Rasyid Palembang,Rumah Sakit Umum,C,100,29,336,SWASTA/LAINNYA,Non BLU/BLUD,Kota Palembang,JL. H. M. Saleh No. 02 KM. 7 Kel. Sukarami Kec. Sukarami Palembang
1671342,Sumatera Selatan,9017.1,104,RS Musi Medika Cendikia,Rumah Sakit Umum,C,107,25,119,Perusahaan,Non BLU/BLUD,Kota Palembang,Jl. Demang Lebar Daun No.62 RT.035 RW.010 Kel. Demang Lebar Daun Kec. Ilir Barat I. Palembang Sumatera Selatan
1671333,Sumatera Selatan,9017.1,104,RS Pelabuhan Palembang ,Rumah Sakit Umum,C,140,29,212,Perusahaan,Non BLU/BLUD,Kota Palembang,Jl. Mayor Memet Sastra Wirya No.1 Boom Baru
1671276,Sumatera Selatan,9017.1,104,RS Umum Myria Palembang,Rumah Sakit Umum,C,103,37,421,Organisasi Katholik,Non BLU/BLUD,Kota Palembang,Jl. Kol. H. Barlian Km. 7 No. 228 Kota. Palembang
1671332,Sumatera Selatan,9017.1,104,RS Umum YK Madira Palembang ,Rumah Sakit Umum,C,103,63,110,Perorangan,Non BLU/BLUD,Kota Palembang,"Jl. Jendral Sudirman No. 1051 C-D-E KM 3.5 Kecamatan Ilir Timur 1 , Kelurahan 20 Ilir D-I, Palembang, 30126, Provinsi Sumatera Selatan."
1671243,Sumatera Selatan,9017.1,104,RS Umum Bunda Palembang,Rumah Sakit Umum,C,181,50,247,Organisasi Sosial,Non BLU/BLUD,Kota Palembang,Jl. Demang Lebar Daun No 70 Palembang
1671301,Sumatera Selatan,9017.1,104,RS Muhammadiyah Palembang,Rumah Sakit Umum,C,120,46,438,Organisasi Islam ,Non BLU/BLUD,Kota Palembang,"Jl. A. Yani 13 Ulu, kota Palembang,Sumatera selatan"
1671024,Sumatera Selatan,9017.1,104,RS Umum Pertamina Palembang,Rumah Sakit Umum,C,100,36,143,BUMN,Non BLU/BLUD,Kota Palembang,"JL. Pengantingan NO I Komplek Pertamina Plaju, Palembang"
1671094,Sumatera Selatan,9017.1,104,RS Umum Sriwijaya,Rumah Sakit Umum,C,103,34,60,Perusahaan,Non BLU/BLUD,Kota Palembang,"Jl. Jenderal Sudirman No. 502 Km.4,5, Palembang"
1671361,Sumatera Selatan,9017.1,104,RS Permata Palembang,Rumah Sakit Umum,C,130,32,,Perusahaan,Non BLU/BLUD,Kota Palembang,"Jl. Soekarno Hatta, Ilir Barat 1, Palembang"
1671046,Sumatera Selatan,9017.1,104,RS Umum Pusri Palembang,Rumah Sakit Umum,C,101,49,331,Perusahaan,Non BLU/BLUD,Kota Palembang,"Jl May Zen Kompl Pusri, 2 Ilir Palembang"
1671035,Sumatera Selatan,9017.1,104,RS Umum dr. AK. Gani Kota Palembang,Rumah Sakit Umum,C,192,69,548,TNI AD,BLU,Kota Palembang,Jl. dr AK Gani no I Palembang
1671350,Sumatera Selatan,9017.1,104,RS Umum Daerah Gandus Palembang,Rumah Sakit Umum,D,50,21,129,Pemkot,BLUD,Kota Palembang,Jl. Sofyan Kenawas Gandus Palembang
1671327,Sumatera Selatan,9017.1,104,Charitas Hospital Kenten,Rumah Sakit Umum,D,50,38,82,Organisasi Sosial,Non BLU/BLUD,Kota Palembang,JL.BETAWI RAYA NO 1340 RT 22 RW 06 KELURAHAN LEBONG GAJAH KECAMATAN SEMATANG BORANG PALEMBANG
1671336,Sumatera Selatan,9017.1,104,RS Umum Graha Mandiri ,Rumah Sakit Umum,D,104,43,75,Perusahaan,Non BLU/BLUD,Kota Palembang,Jl.ANWAR ARSYAD NO.12 RT.02 RW.07 KEL SIRING AGUNG
1672074,Sumatera Selatan,9017.1,104,RS AR Bunda Kota Prabumulih,Rumah Sakit Umum,C,210,31,479,Perusahaan,Non BLU/BLUD,Kota Prabumulih,"Jl. Angkatan 45 Kel. Gunung Ibul Barat Kec. Prabumulih Timur Prabumulih, Sumatera Selatan 31121"
1672026,Sumatera Selatan,9017.1,104,RS Pertamina Kota Prabumulih,Rumah Sakit Umum,C,100,28,188,BUMN,Non BLU/BLUD,Kota Prabumulih,Jl. Kesehatan No. 100 Komperta Prabumulih
1672015,Sumatera Selatan,9017.1,104,RS Umum Daerah Kota Prabumulih,Rumah Sakit Umum,C,163,34,652,Pemkot,BLUD,Kota Prabumulih,"Jl. Lingkar Barat RT. 11 RW. 03, Kelurahan Gunung Ibul, Kecamatan Prabumulih Timur. Kota Prabumulih. Provinsi Sumatera Selatan"
1672002,Sumatera Selatan,9017.1,104,RS Umum Fadhilah Kota Prabumulih,Rumah Sakit Umum,D,121,26,110,Perusahaan,Non BLU/BLUD,Kota Prabumulih,Jl. Jenderal Sudirman No.01 Kel. Patih Galung Kec. Prabumulih Barat
1604032,Sumatera Selatan,9017.1,104,RS Ibu dan Anak Adellia Graha Medika ,Rumah Sakit Khusus Ibu dan Anak,C,30,11,,SWASTA/LAINNYA,Non BLU/BLUD,Lahat,Jl. Letnan Marzuki Ruko 59-59 Simpang Kodim Lama Kel. Pasar Lama Kec. Lahat
1604016,Sumatera Selatan,9017.1,104,RS Umum Daerah Lahat,Rumah Sakit Umum,C,204,30,385,Pemkab,BLUD,Lahat,Jl. Letjend Harun Sohar  I  No.28 Kelurahan Pasar Baru Kabupaten Lahat Sumatera Selatan
1604020,Sumatera Selatan,9017.1,104,RS Tk. IV Lahat,Rumah Sakit Umum,D,69,27,144,TNI AD,Non BLU/BLUD,Lahat,"Jl. Letjen harun sohar No.26,Lahat"
1603090,Sumatera Selatan,9017.1,104,RS Ibu dan Anak Karunia Indah Medika,Rumah Sakit Khusus Ibu dan Anak,C,54,32,46,Perorangan,Non BLU/BLUD,Muara Enim,Jl. Mayor Tjik Agus Kiemas Lintas Kepur Muara Enim (Kawasan Perkantoran Islamic Center)
1603063,Sumatera Selatan,9017.1,104,RS Umum Daerah dr. H. M. Rabain Muara Enim,Rumah Sakit Umum,B,264,47,509,Pemkab,BLUD,Muara Enim,Jl. Sultan Mahmud Badarudin II No. 49
1603030,Sumatera Selatan,9017.1,104,RS Umum Bukit Asam Medika,Rumah Sakit Umum,C,100,31,240,BUMN,Non BLU/BLUD,Muara Enim,Jl. Raya Bukit Asam no 118 Tanjung Enim
1603087,Sumatera Selatan,9017.1,104,RS Umum Daerah Semende Darat Laut,Rumah Sakit Umum,D,50,11,62,Pemkab,Non BLU/BLUD,Muara Enim,Jl. Lingkar Desa Muara Dua Desa Muara Dua Kecamatan Semende Darat Laut Kabupaten Muara Enim Provinsi Sumatera Selatan Kode Pos 31356
1603088,Sumatera Selatan,9017.1,104,RS Umum Daerah Lubai Ulu ,Rumah Sakit Umum,D,50,14,168,Pemkab,Non BLU/BLUD,Muara Enim,"Jl. Raya Prabumulih- Batu Raja ,Desa Karang Agung, Kecamatan Lubai Ulu, Kabupaten Muara Enim, Provinsi Sumatera Selatan"
1603089,Sumatera Selatan,9017.1,104,RS Umum Daerah Gelumbang,Rumah Sakit Umum,D,52,16,135,Pemkab,Non BLU/BLUD,Muara Enim,"JL. Lingkar Gelumbang Kelurahan Gelumbang Kecamatan Gelumbang, Kabupaten Muara Enim, Provinsi Sumatera Selatan"
1603101,Sumatera Selatan,9017.1,104,RS Umum Trijaya Medical Center,Rumah Sakit Umum,D,52,26,,Perusahaan,Non BLU/BLUD,Muara Enim,"Jl. Lintas Baturaja No. 541 Tanjung Buhuk, Kelurahan Tanjung Enim, Kecamatan Lawang Kidul, Kabupaten Muara Enim, Provinsi Sumatera Selatan"
1606011,Sumatera Selatan,9017.1,104,RS Umum Daerah Sekayu,Rumah Sakit Umum,B,321,101,943,Pemkab,BLUD,Musi Banyuasin,Jl. Bupati Oesman Bakar Lingkungan I Kel. Kayuara Kec. Sekayu Kab.Musi Banyuasin
1606032,Sumatera Selatan,9017.1,104,RS Umum Daerah Bayung Lincir,Rumah Sakit Umum,C,104,26,139,Pemkab,BLUD,Musi Banyuasin,"Jl Raya Palembang-Jambi KM 200 Kec, Bayung Lencir"
1606022,Sumatera Selatan,9017.1,104,RS Umum Daerah Sungai Lilin,Rumah Sakit Umum,C,112,34,276,Pemkab,BLUD,Musi Banyuasin,Jl. Palembang-Jambi KM.117 RSUD Sungai Lilin Kecamatan Sungai Lilin
1674010,Sumatera Selatan,9017.1,104,RS Umum Daerah Dr. Sobirin Kabupaten Musi Rawas,Rumah Sakit Umum,C,111,64,598,Pemkab,BLUD,Musi Rawas,"Jalan Pangeran Moehamad Amin, Muara Beliti Baru, Kecamatan Muara Beliti, Kabupaten Musi Rawas Kode Pos 31661"
1605044,Sumatera Selatan,9017.1,104,RS Umum Daerah Muara Beliti,Rumah Sakit Umum,D,52,16,142,Pemkab,BLUD,Musi Rawas," Jl. Pangeran Moehammad Amin, Komplek Perkantoran Pemerintah Kabupaten Musi Rawas, Ds. Muara Beliti Baru, Kec. Muara Beliti, Kab. Musi Rawas, Prov. Sumatera Selatan"
1605043,Sumatera Selatan,9017.1,104,RS Umum Daerah Rupit Kabupaten Musi Rawas Utara,Rumah Sakit Umum,D,88,35,347,Pemkab,BLUD,Musi Rawas Utara,Jl. Kesehatan No. 1 Desa Lawang Agung Kec. Rupit Kab. Musi Rawas Utara Provinsi Sumatera Selatan 
1610003,Sumatera Selatan,9017.1,104,RS Umum Daerah Kabupaten Ogan Ilir,Rumah Sakit Umum,C,100,33,336,Pemkab,BLUD,Ogan Ilir,Komplek Perkantoran Terpadu (KPT) Pemerintah Daerah Kabupaten Ogan Ilir Desa Sejaro Sakti Kecamatan Indralaya Kabupaten Ogan Ilir Provinsi Sumatera Selatan
1610005,Sumatera Selatan,9017.1,104,RS Ar-Royyan,Rumah Sakit Umum,D,100,26,34,SWASTA/LAINNYA,Non BLU/BLUD,Ogan Ilir,"Jl Lintas Timur KM 33  LK I RT 02 Kel. Timbangan Kec. Indralaya Utara Kab. Ogan Ilir, Sumatera Selatan"
1610004,Sumatera Selatan,9017.1,104,RS Umum Mahyuzahra,Rumah Sakit Umum,D,50,18,62,SWASTA/LAINNYA,Non BLU/BLUD,Ogan Ilir,"JL.RAYA LINTAS TIMUR KM.35,5 KELURAHAN INDRALAYA RAYA KECAMATAN INDRALAYA KABUPATEN OGAN ILIR PROVINSI SUMATERA SELATAN"
1602014,Sumatera Selatan,9017.1,104,RS Umum Daerah Kayuagung,Rumah Sakit Umum,C,216,31,468,Pemkab,BLUD,Ogan Komering Ilir,"Jl. Letjen Yusuf Sungadekane No. 01, Kel.Jua Jua, Kec.Kayuagung, Sumatera Selatan"
1602015,Sumatera Selatan,9017.1,104,RS Umum Daerah Tugu Jaya,Rumah Sakit Umum,D,60,23,,Pemkab,BLUD,Ogan Komering Ilir,"Jln. Lintas Timur Palembang - Lampung KM. 125 Desa Tugu Jaya, Kecamatan Lempuing, Kabupaten Ogan Komering Ilir Sumatera Selatan 30657"
1601084,Sumatera Selatan,9017.1,104,RS Khusus Bedah Dokter Maulana AK,Rumah Sakit Khusus Bedah,C,24,15,22,Perusahaan,Non BLU/BLUD,Ogan Komering Ulu,JALAN DOKTOR MUHAMMAD HATTA KELURAHAN KEMALARAJA KECAMATAN BATURAJA TIMUR KABUPATEN OGAN KOMERING ULU PROVINSI SUMATERA SELATAN
1601089,Sumatera Selatan,9017.1,104,RS Ibu dan Anak Prima Qonita,Rumah Sakit Khusus Ibu dan Anak,C,31,27,29,Perusahaan,Non BLU/BLUD,Ogan Komering Ulu,"Jl. Pahlawan Kemarung No. 27 Kec. Baturaja Timur, Kab. Ogan Komering Ulu, Prov. Sumatera Selatan "
1601088,Sumatera Selatan,9017.1,104,RS Ibu dan Anak Graha Kurnia,Rumah Sakit Khusus Ibu dan Anak,C,26,8,21,SWASTA/LAINNYA,Non BLU/BLUD,Ogan Komering Ulu,Jl.Syekh Kaliyudin (Kemiling) Rt. 11 Rw. 04 Desa Tanjung Baru Kec. Baturaja Timur Kab. Ogan Komering Ulu Provinsi Sumatera Selatan
1601086,Sumatera Selatan,9017.1,104,RS Ibu dan Anak Amanna,Rumah Sakit Khusus Ibu dan Anak,C,31,13,43,SWASTA/LAINNYA,Non BLU/BLUD,Ogan Komering Ulu,Jl. DR. M. Hatta No. 877 Kelurahan Kemalaraja Kecamatan Baturaja Timur Kabupaten Ogan Komering Ulu Provinsi Sumatera Selatan
1601100,Sumatera Selatan,9017.1,104,RS Ibu dan Anak AGDA,Rumah Sakit Khusus Ibu dan Anak,C,29,7,,SWASTA/LAINNYA,Non BLU/BLUD,Ogan Komering Ulu,Jl. Cut Nyak Dien No. 631 Kel. Kemalaraja
1601013,Sumatera Selatan,9017.1,104,RS Umum Daerah Dr. Ibnu Sutowo Baturaja,Rumah Sakit Umum,C,170,90,679,Pemkab,BLUD,Ogan Komering Ulu,"Jl. Dr. Moh.Hatta No.1,Baturaja"
1601002,Sumatera Selatan,9017.1,104,RS Umum Dr. Noesmir Baturaja,Rumah Sakit Umum,C,99,26,267,TNI AD,Non BLU/BLUD,Ogan Komering Ulu,Jln. Dr. Moh Hatta No 64 
1601035,Sumatera Selatan,9017.1,104,RS Umum Santo Antonio,Rumah Sakit Umum,C,120,28,100,Organisasi Katholik,Non BLU/BLUD,Ogan Komering Ulu,"Jl. Garuda No.3 KM.3 Desa Tanjung Baru, Kec. Baturaja Timur"
1608051,Sumatera Selatan,9017.1,104,RS Umum Daerah Muara Dua,Rumah Sakit Umum,D,105,26,431,Pemkab,BLUD,Ogan Komering Ulu Selatan,"Jl. Raya Ranau Bumi Agung Jaya, Kecamatan Buay Rawan, Kabupaten Ogan Komering Ulu Selatan, Provinsi Sumatera Selatan "
1609083,Sumatera Selatan,9017.1,104,RS Umum Daerah Ogan Komering Ulu Timur,Rumah Sakit Umum,C,132,29,470,Pemkab,BLUD,Ogan Komering Ulu Timur,Jl. Raya Belitang Rasuan No.1 Tulus Ayu Kecamatan Belitang Madang Raya
1609012,Sumatera Selatan,9017.1,104,RS Islam At-Taqwa Gumawang,Rumah Sakit Umum,C,175,21,454,SWASTA/LAINNYA,Non BLU/BLUD,Ogan Komering Ulu Timur,"Jl. Inspeksi Irigasi Komering, Desa Tanah Merah, Kecamatan Belitang Madang Raya, Kabupaten Ogan Komering Ulu Timur, Provinsi Sumatera Selatan"
1609011,Sumatera Selatan,9017.1,104,RS Umum Daerah Martapura,Rumah Sakit Umum,D,60,26,418,Pemkab,BLUD,Ogan Komering Ulu Timur,Jl. Adiwiyata Simpang Lengot Kota Baru Kecamatan Martapura
1609046,Sumatera Selatan,9017.1,104,Charitas Hospital Belitang,Rumah Sakit Umum,D,119,30,122,Organisasi Sosial,Non BLU/BLUD,Ogan Komering Ulu Timur,Jl. H. Muhammad Shaleh Mualim BK 10 Tegal Rejo Belitang
1603085,Sumatera Selatan,9017.1,104,RS Umum Daerah Talang Ubi,Rumah Sakit Umum,D,90,21,407,Pemkab,BLUD,Penukal Abab Lematang Ilir ,Jl. Taman Siswa RT. 014 RW. 05 Kel. Pasar Bhayangkara Kec. Talang Ubi
1612011,Sumatera Selatan,9017.1,104,RS Pratama Tanah Abang,Rumah Sakit Umum,D PRATAMA,30,8,,Pemkab,Non BLU/BLUD,Penukal Abab Lematang Ilir ,"Jl. RS Tanah Abang Dusun 1 Tanah Abang Jaya, Kecamatan Tanah Abang"
1208056,Sumatera Utara,15978.6,221,RS Umum Setio Husodo,Rumah Sakit Umum,C,111,22,157,SWASTA/LAINNYA,Non BLU/BLUD,Asahan,Jl SM. Raja No.67 Kisaran
1208016,Sumatera Utara,15978.6,221,RS Umum Daerah H. Abdul Manan Simatupang,Rumah Sakit Umum,C,121,42,119,Pemkab,BLUD,Asahan,"Jl. Sisingamangaraja No. 315 Kisaran Kota, Kec. Kota Kisaran Barat, Kabupaten Asahan Sumatera Utara 21211"
1208066,Sumatera Utara,15978.6,221,RS Umum Utama,Rumah Sakit Umum,D,60,12,39,SWASTA/LAINNYA,Non BLU/BLUD,Asahan,Jl. HOS. Cokroaminoto No. 93 Kel. Kisaran Kota Kec. Kisaran Barat
1208057,Sumatera Utara,15978.6,221,RS Umum Wira Husada,Rumah Sakit Umum,D,92,25,119,SWASTA/LAINNYA,Non BLU/BLUD,Asahan,Jl Kartini Nomor 209 Kisaran
1208053,Sumatera Utara,15978.6,221,RS Sri Pamela Sei Dadap,Rumah Sakit Umum,D,65,17,46,Perusahaan,Non BLU/BLUD,Asahan,Jl. Protokol Sei Dadap-Sumut
1208064,Sumatera Utara,15978.6,221,RS Umum Permata Hati,Rumah Sakit Umum,D,87,23,25,Perusahaan,Non BLU/BLUD,Asahan,Jl. Ir. H. Juanda No. 21 Kisaran
1208060,Sumatera Utara,15978.6,221,RS Umum Lina,Rumah Sakit Umum,D,50,18,37,Perorangan,Non BLU/BLUD,Asahan,Jl. Lintas Sumatera Lingkungan II Kelurahan Aek Loba Pekan Kecamatan Aek Kuasan Kabupaten Asahan
1208059,Sumatera Utara,15978.6,221,RS Umum Bunda Mulia,Rumah Sakit Umum,D,82,26,76,Perorangan,Non BLU/BLUD,Asahan,"Jl. Abdi Setia Bakti, Kel. Sei Renggas, Kec. Kota Kisaran Barat, Kab. Asahan, Provinsi Sumatra Utara "
1208020,Sumatera Utara,15978.6,221,RS Umum Ibu Kartini,Rumah Sakit Umum,D,62,14,40,SWASTA/LAINNYA,Non BLU/BLUD,Asahan,"Jl sech silau lk v, Kel. sei renggas kec, kota kisaran barat"
1219017,Sumatera Utara,15978.6,221,RS Umum Bidadari Batubara,Rumah Sakit Umum,B,254,38,,Perusahaan,Non BLU/BLUD,Batu Bara,"Jl. Lintas Sumatera Medan - Kisaran KM 108, Dusun Kelembis, Desa Sukaraja"
1219003,Sumatera Utara,15978.6,221,RS Umum Daerah Batu Bara,Rumah Sakit Umum,C,104,24,344,Pemkab,BLUD,Batu Bara,"Jl Datuk Kubah Batu Bara, Kwala  Gunung Kec. Datuk Lima Puluh Kab. Batu Bara"
1219002,Sumatera Utara,15978.6,221,RS Umum Lasmi Kartika,Rumah Sakit Umum,D,54,10,89,Organisasi Sosial,Non BLU/BLUD,Batu Bara,Jl Pancasila Dusun X Desa Tanah Tinggi
1219016,Sumatera Utara,15978.6,221,RS Umum Kasih Permata Dara,Rumah Sakit Umum,D,47,8,,Perorangan,Non BLU/BLUD,Batu Bara,Jl. Lintas Sumatera No. 215 Sipare-pare Kec. Air Putih Kab. Batubara
1219015,Sumatera Utara,15978.6,221,RS Sapta Medika ,Rumah Sakit Umum,D,95,11,,SWASTA/LAINNYA,Non BLU/BLUD,Batu Bara,"Jl. Datuk Umar Palangki Tanah Merah Kec, Air Putih "
1210010,Sumatera Utara,15978.6,221,RS Umum Daerah Sidikalang,Rumah Sakit Umum,C,150,26,431,Pemkab,BLUD,Dairi,"Jl. Rumah Sakit No 19, Sidikalang"
1210021,Sumatera Utara,15978.6,221,RS Umum Serenapita,Rumah Sakit Umum,D,53,20,,Perusahaan,Non BLU/BLUD,Dairi,Jl. Sisingamangaraja No. 91 Sidikalang
1212197,Sumatera Utara,15978.6,221,RS Ibu dan Anak Pramaliesa,Rumah Sakit Khusus Ibu dan Anak,C,30,16,,SWASTA/LAINNYA,Non BLU/BLUD,Deli Serdang,Jl. Rumbia Sena No. 65 Desa Baru
1212186,Sumatera Utara,15978.6,221,RS Ibu dan Anak Maharani,Rumah Sakit Khusus Ibu dan Anak,C,37,21,26,Perusahaan,Non BLU/BLUD,Deli Serdang,"Jl. Sultan Serdang No. 100, Desa Buntu Bedimbar, Kecamatan Tanjung  Morawa, Kabupaten Deli Serdang, Provinsi Sumatera Utara 20362"
1212184,Sumatera Utara,15978.6,221,RS Jiwa Bina Karsa Tuntungan,Rumah Sakit Khusus Jiwa,C,65,15,35,SWASTA/LAINNYA,Non BLU/BLUD,Deli Serdang,Jl. Besar Tuntungan No. 142G Desa Tuntungan I Kec. Pancur Batu
1218158,Sumatera Utara,15978.6,221,RS Grandmed ,Rumah Sakit Umum,B,403,67,516,Organisasi Sosial,Non BLU/BLUD,Deli Serdang,Jl Medan km. 25 no. 66 Lubuk Pakam
1275794,Sumatera Utara,15978.6,221,RS Umum Haji Medan,Rumah Sakit Umum,B,260,138,641,Pemprop,BLUD,Deli Serdang,Jl RS Haji Medan Estate No 47
1212012,Sumatera Utara,15978.6,221,RS Umum Daerah Drs. H. Amri Tambunan,Rumah Sakit Umum,B,211,136,668,Pemkab,BLUD,Deli Serdang,"Jl. Thamrin Lubuk Pakam, Desa/Kel. Lubuk Pakam Pekan, Kec. Lubuk Pakam"
1212045,Sumatera Utara,15978.6,221,RS Umum Sembiring Deli Tua,Rumah Sakit Umum,B,402,46,555,Organisasi Sosial,Non BLU/BLUD,Deli Serdang,"Jl. Besar No.77, Deli Tua"
1212185,Sumatera Utara,15978.6,221,RS Umum Pancur Batu,Rumah Sakit Umum,C,110,21,72,Pemkab,BLUD,Deli Serdang,"Jl. Jamin Ginting KM. 17,5 Desa Tengah Kec. Pancur Batu"
1212199,Sumatera Utara,15978.6,221,RS Umum Mahawira Prima Indonesia,Rumah Sakit Umum,C,101,27,,Perusahaan,Non BLU/BLUD,Deli Serdang,Jl. Cemara No. 16
1212172,Sumatera Utara,15978.6,221,RS Umum Patar Asih,Rumah Sakit Umum,C,100,47,208,Perusahaan,Non BLU/BLUD,Deli Serdang,JL BAKARAN BATU NO. 188 DESA TUMPATAN KECAMATAN BERINGIN
1212183,Sumatera Utara,15978.6,221,RS Umum Kasih Insani,Rumah Sakit Umum,C,100,30,10,Perusahaan,Non BLU/BLUD,Deli Serdang,Jl. Besar Namorambe No. 10 -15
1212093,Sumatera Utara,15978.6,221,RS Umum Sari Mutiara Lubuk Pakam,Rumah Sakit Umum,C,104,33,148,Organisasi Sosial,Non BLU/BLUD,Deli Serdang,"Jl. Medan No.17,Lubuk Pakam"
1275147,Sumatera Utara,15978.6,221,RS Umum Full Bethesda,Rumah Sakit Umum,C,127,25,29,Organisasi Sosial,Non BLU/BLUD,Deli Serdang,"Jl Binjai Km.10,8/Jl. Sama No.71 kec. sunggal "
1212177,Sumatera Utara,15978.6,221,RS Umum Yoshua,Rumah Sakit Umum,C,100,36,38,Perusahaan,Non BLU/BLUD,Deli Serdang,Jl. Medan - Lubuk Pakam N0. 70
1212181,Sumatera Utara,15978.6,221,RS Umum Mitra Medika,Rumah Sakit Umum,C,231,28,233,SWASTA/LAINNYA,Non BLU/BLUD,Deli Serdang,"Jl. Medan - Batang Kuis Dusun XI Emplasmen, Desa Bandar Klippa, Kecamatan Percut Sei Tuan"
1212171,Sumatera Utara,15978.6,221,RS Umum Rahmad Hidayah,Rumah Sakit Umum,C,107,22,29,Organisasi Sosial,BLU,Deli Serdang,"Jl Limau Manis Pasar XIII No.61, Desa Limau Manis, Kecamatan Tanjung Morawa, Kabupaten Deli Serdang, Provinsi Sumatera Utara"
1212136,Sumatera Utara,15978.6,221,RS Umum Sinar Husni,Rumah Sakit Umum,C,110,40,113,Organisasi Sosial,Non BLU/BLUD,Deli Serdang,Jl. Veteran Gg. Utama Psr. V Helvetia
1212179,Sumatera Utara,15978.6,221,RS Umum Citra Medika,Rumah Sakit Umum,C,118,22,177,Perusahaan,Non BLU/BLUD,Deli Serdang,Jl Medan-Bt Kuis No 377 Pasar X Desa Bandar Klippa
1212023,Sumatera Utara,15978.6,221,RS Umum Dr. Gerhard L. Tobing,Rumah Sakit Umum,C,101,14,211,SWASTA/LAINNYA,Non BLU/BLUD,Deli Serdang,"Jl. Medan-Tanjung Morawa Km. 15,5, Kec. Tanjung Morawa, Kab. Deli Serdang, Prov. Sumatera Utara"
1212198,Sumatera Utara,15978.6,221,RS Umum Daerah Bangun Purba,Rumah Sakit Umum,D,55,13,,Pemkab,BLUD,Deli Serdang,Jl. Perintis Kemerdekaan No. 60 Desa Bangun Purba Kec.Bangun Purba
1212200,Sumatera Utara,15978.6,221,RS Umum Mitra Guray Petumbukan,Rumah Sakit Umum,D,60,14,,Perorangan,Non BLU/BLUD,Deli Serdang,"Jl. Besar Petumbukan No. 29, Kec. Galang"
1212067,Sumatera Utara,15978.6,221,RS Umum Hidayah,Rumah Sakit Umum,D,58,18,39,Organisasi Sosial,Non BLU/BLUD,Deli Serdang,"Jl. Medan - Deli Tua KM. 8.5 No. 55, Suka Makmur, Kec. Deli Tua, Kabupaten. Deli Serdang, Sumatera Utara"
1212174,Sumatera Utara,15978.6,221,RS Umum Keliat,Rumah Sakit Umum,D,50,15,36,Organisasi Sosial,Non BLU/BLUD,Deli Serdang,Jl Sutan Arab No. 35 Dusun 2 Klumpang Kampung 
1212175,Sumatera Utara,15978.6,221,RS Umum Mitra Sehat,Rumah Sakit Umum,D,110,16,20,Organisasi Sosial,Non BLU/BLUD,Deli Serdang,"Jl. Sei Merah No. 300/21  Desa Dagang Kerawan - Tanjung Morawa, Deli Serdang"
1212201,Sumatera Utara,15978.6,221,RS Dhillon,Rumah Sakit Umum,D,53,10,,SWASTA/LAINNYA,Non BLU/BLUD,Deli Serdang,"Jl. Dahlan Tanjung Komplek Graha Abadi Permai Tanjung Morawa, Deli Serdang"
1205035,Sumatera Utara,15978.6,221,RS Umum Daerah Dolok Sanggul,Rumah Sakit Umum,C,107,61,335,Pemkab,BLUD,Humbang Hasundutan,Jl. dr. Ferdinand Lumban Tobing No. 1 Dolok Sanggul
1211127,Sumatera Utara,15978.6,221,RS Ibu dan Anak Mina Husada,Rumah Sakit Khusus Ibu dan Anak,C,28,15,33,SWASTA/LAINNYA,Non BLU/BLUD,Karo,Jl. Kapten Pala Bangun No. 8 Padang Mas - Sentrum Kabanjahe 22115 JL. Nabung Surbakti  No.07 Padang Mas - Sentrum Kabanjahe 22111 Kab.KARO Provinsi Sumatera Utara
1211126,Sumatera Utara,15978.6,221,RS Umum Amanda,Rumah Sakit Umum,C,193,32,202,Perusahaan,Non BLU/BLUD,Karo,Jl Jamin Ginting Simpang Korpri No. 1 Berastagi
1211124,Sumatera Utara,15978.6,221,RS Umum Efarina Etaham,Rumah Sakit Umum,C,164,56,348,SWASTA/LAINNYA,Non BLU/BLUD,Karo,"Jl Jamin Ginting No 1, Berastagi - Desa Raya, Kab. Karo"
1211011,Sumatera Utara,15978.6,221,RS Umum Daerah Kabupaten Karo,Rumah Sakit Umum,C,110,31,360,Pemkab,BLUD,Karo,Jl. Kapten Selamat Ketaren  Kabanjahe
1211033,Sumatera Utara,15978.6,221,RS Umum Kusta Lau Simomo,Rumah Sakit Umum,C,51,17,31,Pemprop,Non BLU/BLUD,Karo,Desa Lau Simomo Kec. Kabanjahe Kab. Karo
1276092,Sumatera Utara,15978.6,221,RS Ibu dan Anak Grand Fatimah,Rumah Sakit Khusus Ibu dan Anak,C,30,16,,SWASTA/LAINNYA,Non BLU/BLUD,Kota Binjai,"Jl. Sultan Hasanuddin No. 67, Kel. Kartini, Kec. Binjai Kota, Kota Binjai"
1276014,Sumatera Utara,15978.6,221,RS Umum Daerah Dr. R. M. Djoelham Binjai,Rumah Sakit Umum,B,205,40,421,Pemkot,BLUD,Kota Binjai,Jl Sultan Hasanuddin No. 9 Binjai
1276075,Sumatera Utara,15978.6,221,RS Umum Bidadari,Rumah Sakit Umum,C,199,49,352,Perusahaan,Non BLU/BLUD,Kota Binjai,Jl Perintis Kemerdekaan No. 174 KEL. KEBUN LADA KEC. BINJAI UTARA
1276036,Sumatera Utara,15978.6,221,RS Umum Artha Medica,Rumah Sakit Umum,C,143,34,196,Organisasi Sosial,Non BLU/BLUD,Kota Binjai,Binjai Sumatera Utara
1276074,Sumatera Utara,15978.6,221,RS Umum Latersia,Rumah Sakit Umum,C,118,53,117,Perusahaan,Non BLU/BLUD,Kota Binjai,Jl Soekarno Hatta Km 18 No 451
1276078,Sumatera Utara,15978.6,221,RS Umum AL Fuadi,Rumah Sakit Umum,C,124,31,106,Organisasi Sosial,Non BLU/BLUD,Kota Binjai,Jl Ahmad Yani No 23 Kel. Kartini Kec. Binjai Kota
1276040,Sumatera Utara,15978.6,221,RS Tk. IV 01.07.02 Binjai,Rumah Sakit Umum,C,125,27,119,TNI AD,Non BLU/BLUD,Kota Binjai,Jl. Bandung No.4 Binjai
1276077,Sumatera Utara,15978.6,221,RS Umum Sylvani,Rumah Sakit Umum,C,132,29,209,Perusahaan,Non BLU/BLUD,Kota Binjai,Jl Perintis Kemerdekaan No. 21
1276090,Sumatera Utara,15978.6,221,RS Umum Raskita,Rumah Sakit Umum,D,47,15,,SWASTA/LAINNYA,BLU,Kota Binjai,"Jl. Let. Jend. Jamin Ginting No. 362 Binjai, Kec. Binjai Selatan"
1276079,Sumatera Utara,15978.6,221,OG Hospital,Rumah Sakit Umum,D,79,23,34,Perusahaan,Non BLU/BLUD,Kota Binjai,Jl. Olahraga No. 1 Kel. Timbang Langkat Kec. Binjai Timur
1276076,Sumatera Utara,15978.6,221,RS Umum Ratu Mas,Rumah Sakit Umum,D,68,79,54,Perusahaan,Non BLU/BLUD,Kota Binjai,"Jl Tengku Amir Hamzah No. 281a, Binjai Utara - Kota Binjai - Sumatera Utara"
1278002,Sumatera Utara,15978.6,221,RS Umum Bethesda Gunungsitoli,Rumah Sakit Umum,C,107,33,88,Organisasi Sosial,Non BLU/BLUD,Kota Gunungsitoli,Jl Diponegoro No.375 C Desa sifalaete Tabaoloho Kecamatan Gunungsitoli Kota Gunungsitoli
1275232,Sumatera Utara,15978.6,221,RS Khusus Bedah Accuplast,Rumah Sakit Khusus Bedah,C,27,14,18,Organisasi Sosial,Non BLU/BLUD,Kota Medan,"Jl Sei Bahbolon No.40, Kec.Medan Baru, Kota Medan, Sumatera Utara 2015"
1275921,Sumatera Utara,15978.6,221,RS Khusus Bedah Setia Budi,Rumah Sakit Khusus Bedah,C,28,35,91,Perusahaan,Non BLU/BLUD,Kota Medan,"Jl. Mesjid No. 3 Kelurahan Tanjung Rejo, Kecamatan Medan Sunggal, Kota Medan, Sumatera Utara Kode Pos 20122"
1275874,Sumatera Utara,15978.6,221,RS Khusus Gigi dan Mulut Univ. Sumatera Utara,Rumah Sakit Khusus Gigi dan Mulut,B,12,16,65,Kementerian Lain,Non BLU/BLUD,Kota Medan,Jl Alumni No.2 Kampus USU Medan
1275932,Sumatera Utara,15978.6,221,RS Gigi dan Mulut Prima,Rumah Sakit Khusus Gigi dan Mulut,C,10,13,33,SWASTA/LAINNYA,Non BLU/BLUD,Kota Medan,Jl. Pabrik Tenun No. 103
1275918,Sumatera Utara,15978.6,221,RS Khusus Ginjal Rasyida,Rumah Sakit Khusus Ginjal,C,69,22,184,Perusahaan,Non BLU/BLUD,Kota Medan,Jl D.I Panjaitan No. 144 Medan Kel. Sei Sikambing D Kec. Medan Petisah
1275804,Sumatera Utara,15978.6,221,RS Ibu dan Anak Badrul Aini,Rumah Sakit Khusus Ibu dan Anak,C,55,8,32,Perusahaan,Non BLU/BLUD,Kota Medan,Jln. Bromo Gg.Sukri No.18 Kel.Tegal Sari III  Kec.Medan Area Kota Medan Sumatera Utara 
1275783,Sumatera Utara,15978.6,221,RS Ibu dan Anak Murni Teguh Rosiva,Rumah Sakit Khusus Ibu dan Anak,C,57,18,25,Perusahaan,Non BLU/BLUD,Kota Medan,Jl. Bangka No. 15 Medan
1275929,Sumatera Utara,15978.6,221,RS Ibu Dan Anak Artha Mahinrus,Rumah Sakit Khusus Ibu dan Anak,C,45,20,42,Perusahaan,Non BLU/BLUD,Kota Medan,Jl. Pasar III No. 151  Kel. Tegal Rejo Kec. Medan Perjuangan
1275998,Sumatera Utara,15978.6,221,RS Ibu dan Anak Stella Maris,Rumah Sakit Khusus Ibu dan Anak,C,76,32,263,Perusahaan,Non BLU/BLUD,Kota Medan,"Jl Samanhudi No.20-22, Kel. Jati, Kec. Medan Maimun, Kota Medan"
1275221,Sumatera Utara,15978.6,221,RS Jiwa Prof. Dr. Muhammad Ildrem,Rumah Sakit Khusus Jiwa,A,450,30,441,Pemprop,Non BLU/BLUD,Kota Medan,Jl Let. Jend. Jamin Ginting S Km. 10/ Jl. Tali Air No. 21 Kel. Mangga Kec. Medan Tuntungan
1275999,Sumatera Utara,15978.6,221,RS Jiwa Bina Karsa Medan,Rumah Sakit Khusus Jiwa,C,36,19,30,Organisasi Sosial,Non BLU/BLUD,Kota Medan,Jl Pales III Simpang Perumnas Simalingkar/Jl. Let. Jend. Djamin Ginting Km.9
1275922,Sumatera Utara,15978.6,221,RS Khusus Mata Provinsi Sumatera Utara,Rumah Sakit Khusus Mata,B,30,11,127,Pemprop,BLUD,Kota Medan,Jl. Kapten Sumarsono No 01 Kelurahan Helvetia Timur Kecamatan Medan Helvetia
1275309,Sumatera Utara,15978.6,221,RS Khusus Mata Medan Baru Medical Centre,Rumah Sakit Khusus Mata,C,17,6,32,Organisasi Sosial,Non BLU/BLUD,Kota Medan,"Jl Abdullah Lubis No.67, Medan"
1275914,Sumatera Utara,15978.6,221,RS Khusus Mata Mencirim Tujuh-Tujuh,Rumah Sakit Khusus Mata,C,16,17,51,SWASTA/LAINNYA,Non BLU/BLUD,Kota Medan,Jl Sei Mencirim No. 77 Medan 
1275898,Sumatera Utara,15978.6,221,RS Khusus Mata SMEC,Rumah Sakit Khusus Mata,C,16,19,169,Perusahaan,Non BLU/BLUD,Kota Medan,Jl Iskandar Muda No.278 
1275928,Sumatera Utara,15978.6,221,RS Khusus Mata Prima Vision,Rumah Sakit Khusus Mata,C,16,5,35,Perusahaan,Non BLU/BLUD,Kota Medan,"Jl. Pabrik Tenun No.51, RW.53,Kel. Sei Putih Tengah, Kec. Medan Petisah, Kota Medan, Sumatera Utara, 20114"
1275933,Sumatera Utara,15978.6,221,RS Khusus Paru Sumatera Utara,Rumah Sakit Khusus Paru,B,50,20,137,Pemprop,Non BLU/BLUD,Kota Medan,"Jl. Setia Budi Pasar II No 84, Kelurahan Tj. Sari, Kecamatan Medan Selayang,  Kota Medan  Provinsi Sumatera Utara"
1275889,Sumatera Utara,15978.6,221,RS Umum Murni Teguh Memorial Hospital,Rumah Sakit Umum,A,339,121,826,Perusahaan,Non BLU/BLUD,Kota Medan,Jl. Jawa No. 2 Medan 
1275655,Sumatera Utara,15978.6,221,RS Umum Pusat H. Adam Malik,Rumah Sakit Umum,A,758,158,2489,Kemkes ,BLU,Kota Medan,"Jl Bunga Lau No. 17, Medan"
1275911,Sumatera Utara,15978.6,221,RS Umum Siloam Dhirga Surya,Rumah Sakit Umum,B,255,134,141,Perusahaan,Non BLU/BLUD,Kota Medan,Jl Imam Bonjol No. 6
1275046,Sumatera Utara,15978.6,221,RS Bhayangkara Tingkat II,Rumah Sakit Umum,B,205,55,72,POLRI,BLU,Kota Medan,"Jl KH Wahid Hasyim No.1, Medan"
1275013,Sumatera Utara,15978.6,221,RS Umum Daerah Dr. Pirngadi,Rumah Sakit Umum,B,268,95,1404,Pemkot,BLUD,Kota Medan,"Jl Prof H M Yamin SH No. 47, Medan"
1275072,Sumatera Utara,15978.6,221,RS Umum Santa Elisabeth Medan,Rumah Sakit Umum,B,210,73,561,Organisasi Katholik,Non BLU/BLUD,Kota Medan,Jl. Haji Misbah No. 7 Medan
1275852,Sumatera Utara,15978.6,221,RS Columbia Asia Medan,Rumah Sakit Umum,B,227,136,856,SWASTA/LAINNYA,Non BLU/BLUD,Kota Medan,Jl Listrik No.2A Medan
1275298,Sumatera Utara,15978.6,221,RS Umum Mitra Sejati,Rumah Sakit Umum,B,261,78,448,Perusahaan,Non BLU/BLUD,Kota Medan,Jl Jend. AH Nasution No.7 Pangkalan Masyhur Medan
1275997,Sumatera Utara,15978.6,221,RS Umum Bina Kasih,Rumah Sakit Umum,B,327,84,158,Organisasi Sosial,Non BLU/BLUD,Kota Medan,Jl Jend. TB.Simatupang No.148 Sunggal 
1275035,Sumatera Utara,15978.6,221,RS Tk. II Putri Hijau Medan,Rumah Sakit Umum,B,200,61,476,TNI AD,BLU,Kota Medan,"Jl Putri Hijau No. 17, Medan"
1275622,Sumatera Utara,15978.6,221,RS Umum Imelda Pekerja Indonesia,Rumah Sakit Umum,B,224,98,458,Perusahaan,Non BLU/BLUD,Kota Medan,"Jl. Bilal No. 24, kel.Pulo Brayan Darat I, Kec.Medan Timur, Kode Pos 20239"
1275516,Sumatera Utara,15978.6,221,RS Umum Mitra Medika,Rumah Sakit Umum,C,163,81,432,Organisasi Sosial,Non BLU/BLUD,Kota Medan,"Jl. K.L. Yos Sudarso Km 7,5 Tanjung Mulia,Medan"
1275772,Sumatera Utara,15978.6,221,RS Umum Bandung,Rumah Sakit Umum,C,112,35,36,Organisasi Sosial,Non BLU/BLUD,Kota Medan,Jl Mistar No. 39-43
1275930,Sumatera Utara,15978.6,221,RS Umum Hermina Medan,Rumah Sakit Umum,C,135,72,230,SWASTA/LAINNYA,Non BLU/BLUD,Kota Medan,"JL. ASRAMA KEL. SEI SIKAMBING C II, KEC. MEDAN HELVETIA"
1275841,Sumatera Utara,15978.6,221,RS Umum Estomihi,Rumah Sakit Umum,C,115,28,170,Perusahaan,Non BLU/BLUD,Kota Medan,"Jl. Sisinga Mangaraja 235,Medan"
1275931,Sumatera Utara,15978.6,221,RS Umum Eshmun,Rumah Sakit Umum,C,175,75,118,Perusahaan,Non BLU/BLUD,Kota Medan,Jalan Marelan Raya No. 173A Kelurahan Tanah Enam Ratus Kecamatan Medan Marelan Kota Medan Provinsi Sumatera Utara
1275888,Sumatera Utara,15978.6,221,RS Umum Martha Friska Multatuli,Rumah Sakit Umum,C,130,98,203,Perusahaan,Non BLU/BLUD,Kota Medan,Jl Multatuli Komplek Taman Multatuli Indah No.1 Medan
1275890,Sumatera Utara,15978.6,221,RS Umum Bunda Thamrin,Rumah Sakit Umum,C,269,91,710,Perusahaan,Non BLU/BLUD,Kota Medan,Jl Sei Batang Hari  No. 28 - 30 - 32 - 34 Medan
1275750,Sumatera Utara,15978.6,221,RS Umum Prof. Dr. Boloni,Rumah Sakit Umum,C,100,27,75,Organisasi Sosial,Non BLU/BLUD,Kota Medan,Jl Robert Wolter Monginsidi No.11 Medan
1275899,Sumatera Utara,15978.6,221,RS Umum Tere Margareth,Rumah Sakit Umum,C,106,27,39,Organisasi Sosial,Non BLU/BLUD,Kota Medan,Jl Ring Road Setia Budi Kel. Tj. Sari
1275012,Sumatera Utara,15978.6,221,RS Umum Daerah H. Bachtiar Djafar,Rumah Sakit Umum,C,100,25,,Pemkot,Non BLU/BLUD,Kota Medan,"JL. K.L. YOS SUDARSO KM. 18,5 KEL. PEKAN LABUHAN KEC. MEDAN LABUHAN KOTA MEDAN PROV. SUMATERA UTARA - 20253"
1275163,Sumatera Utara,15978.6,221,RS Umum Islam Malahayati,Rumah Sakit Umum,C,102,64,354,Organisasi Sosial,Non BLU/BLUD,Kota Medan,Jl Pangeran Diponegoro No.2-4 Medan
1275141,Sumatera Utara,15978.6,221,RS AL Dr. Komang Makes Belawan,Rumah Sakit Umum,C,100,28,78,TNI AL,Non BLU/BLUD,Kota Medan,Jl. Bengkalis  No.1  Kel Belawan 1 Kec. Medan Belawan
1275996,Sumatera Utara,15978.6,221,RS SUFINA AZIZ,Rumah Sakit Umum,C,109,35,153,Organisasi Sosial,Non BLU/BLUD,Kota Medan,"Jl Karya Baru No.1,Medan"
1275094,Sumatera Utara,15978.6,221,RS Umum Advent Medan,Rumah Sakit Umum,C,178,55,227,Organisasi Sosial,Non BLU/BLUD,Kota Medan,"Jl Jend Gatot Subroto Km.4, Kel Sei Sikambing D, Kec Medan Petisah, Kota Medan, Provinsi Sumatera Utara"
1275600,Sumatera Utara,15978.6,221,RS Umum Prima Husada Cipta Medan,Rumah Sakit Umum,C,116,34,135,Perusahaan,Non BLU/BLUD,Kota Medan,"Jalan Stasiun No.92, Belawan II, Medan Kota Belawan, Belawan Bahagia, Medan Kota Belawan, Kota Medan, Sumatera Utara 20411"
1275633,Sumatera Utara,15978.6,221,RS Umum Martha Friska,Rumah Sakit Umum,C,156,66,403,Perusahaan,Non BLU/BLUD,Kota Medan,"Jl KL. Yos Sudarso Km.6 No. 91,Medan"
1275936,Sumatera Utara,15978.6,221,RS Umum Royal Prima Marelan,Rumah Sakit Umum,C,117,23,13,SWASTA/LAINNYA,Non BLU/BLUD,Kota Medan,Jl. Marelan Pasar 3 No. 187 Kel. Rengas Pulau Kec. Medan Marelan 20255 Sumut
1275265,Sumatera Utara,15978.6,221,RS Umum Sundari,Rumah Sakit Umum,C,179,47,235,Organisasi Sosial,Non BLU/BLUD,Kota Medan,"Jl Jend. T.B.Simatupang No.31,Kampung Lalang, Kec. Medan Sunggal, Medan, Sumatera Utara"
1275830,Sumatera Utara,15978.6,221,RS Umum Wulan Windy,Rumah Sakit Umum,C,223,12,97,Perusahaan,Non BLU/BLUD,Kota Medan,Jl. Marelan Raya No. 17 Rengas Pulau - Medan
1275011,Sumatera Utara,15978.6,221,RS Umum Mitra Medika Premiere,Rumah Sakit Umum,C,152,60,,SWASTA/LAINNYA,Non BLU/BLUD,Kota Medan,Jl. Letjen S. Parman No. 236 Kel. Petisah Tengah  Kec. Medan Petisah
1275909,Sumatera Utara,15978.6,221,RS Umum Madani,Rumah Sakit Umum,C,144,30,95,Perusahaan,Non BLU/BLUD,Kota Medan,"Jl. Arief Rahman Hakim No.168, Sukaramai I, Kec. Medan Area, Kota Medan, Sumatera Utara 20227, Indonesia"
1275061,Sumatera Utara,15978.6,221,RS Umum Delima Medan,Rumah Sakit Umum,C,100,22,117,Organisasi Sosial,Non BLU/BLUD,Kota Medan,"JL. KL. YOS SUDARSO  KM 13,6 NO. 19 A  MARTUBUNG, KEC. MEDAN LABUHAN, KEL. BESAR, PROV. SUMATERA UTARA 20251"
1275923,Sumatera Utara,15978.6,221,RS Umum Mitra Medika Amplas,Rumah Sakit Umum,C,200,28,146,SWASTA/LAINNYA,Non BLU/BLUD,Kota Medan,Jl. Sisingamangaraja No. 11 Kelurahan Harjosari 1 Kecamatan Medan Amplas
1275913,Sumatera Utara,15978.6,221,RS Umum Universitas Sumatera Utara,Rumah Sakit Umum,C,210,55,683,Kementerian Lain,Non BLU/BLUD,Kota Medan,Jl. Dr. T. Mansur No. 66 Kampus USU Medan 20154
1275276,Sumatera Utara,15978.6,221,RS Umum Vina Estetica,Rumah Sakit Umum,C,112,56,244,Organisasi Sosial,Non BLU/BLUD,Kota Medan,"Jl Sultan Iskandar Muda No.119, Kec. Medan Petisah, "
1275100,Sumatera Utara,15978.6,221,RS Umum Murni Teguh Methodist Susanna Wesley,Rumah Sakit Umum,C,100,40,62,Organisasi Sosial,Non BLU/BLUD,Kota Medan,Jl. Harmonika Baru Pasar I Padang Bulan Selayang II
1275126,Sumatera Utara,15978.6,221,RS Umum Methodist,Rumah Sakit Umum,C,106,57,104,Organisasi Protestan,Non BLU/BLUD,Kota Medan,"Jl M. H. Thamrin No. 105, Medan"
1275826,Sumatera Utara,15978.6,221,RS Umum Bahagia Medan,Rumah Sakit Umum,D,45,5,19,SWASTA/LAINNYA,Non BLU/BLUD,Kota Medan,"Jl Bahagia No.85, Kelurahan Teladan Timur, Kecamatan Medan Kota, Provinsi Sumatera Utara"
1275724,Sumatera Utara,15978.6,221,RS Umum Sarah,Rumah Sakit Umum,D,65,33,178,Perusahaan,Non BLU/BLUD,Kota Medan,Jl. Baja Raya No. 10 Kelurahan  Petisah Tengah Kecamatan   Medan Petisah  Kota Medan Propinsi  Sumatera Utara
1275702,Sumatera Utara,15978.6,221,RS Umum Sri Ratu,Rumah Sakit Umum,D,77,15,47,Organisasi Sosial,Non BLU/BLUD,Kota Medan,"Jln. Nibung Raya No.204-212 Kel. Petisah Tengah, Kec.Medan Petisah, Kota Medan, Prov.Sumatera Utara"
1275885,Sumatera Utara,15978.6,221,RS Umum Muhammadiyah Sumatera Utara,Rumah Sakit Umum,D,62,28,81,Organisasi Sosial,Non BLU/BLUD,Kota Medan,"Jl Mandala By Pass No.27, Desa/Kelurahan Tegal S Mandala I, Kec. Medan Denai, Kota Medan, Provinsi Sumatera Utara, Kode Pos : 20226"
1275010,Sumatera Utara,15978.6,221,RS Umum Wahyu,Rumah Sakit Umum,D,36,13,,SWASTA/LAINNYA,Non BLU/BLUD,Kota Medan,Jl. Padang No. 25 Medan
1275152,Sumatera Utara,15978.6,221,RSAU Dr. Abdul Malik,Rumah Sakit Umum,D,50,15,52,TNI AU,Non BLU/BLUD,Kota Medan,"Jl. Imam Bonjol No.50,Medan"
1275130,Sumatera Utara,15978.6,221,RS Umum Materna,Rumah Sakit Umum,D,60,17,187,Organisasi Sosial,Non BLU/BLUD,Kota Medan,Jl Teuku Umar 9-11 Medan
1275050,Sumatera Utara,15978.6,221,RS Umum Deli,Rumah Sakit Umum,D,68,34,255,Organisasi Sosial,Non BLU/BLUD,Kota Medan,Jl Merbabu No.18-20 A Medan
1277011,Sumatera Utara,15978.6,221,RS Umum Daerah Padang Sidempuan,Rumah Sakit Umum,C,151,28,477,Pemkot,BLUD,Kota Padang Sidempuan,"Jl Dr. F.L. Tobing No. 10, Kel. Wek. V Kec. Padangsidimpuan Utara Kota Padangsidimpuan"
1277026,Sumatera Utara,15978.6,221,RS Umum Inanta,Rumah Sakit Umum,C,101,31,94,Organisasi Sosial,Non BLU/BLUD,Kota Padang Sidempuan,"Jl. Sisingamangaraja No.85/87, Kota Padangsidimpuan Provinsi Sumatera Utara"
1277027,Sumatera Utara,15978.6,221,RS Metta Medika,Rumah Sakit Umum,C,111,57,114,Perusahaan,Non BLU/BLUD,Kota Padang Sidempuan,Jl. Sisingamangaraja No. 113 Padang Sidempuan
1277015,Sumatera Utara,15978.6,221,RS TNI Tk. IV 01.07.03,Rumah Sakit Umum,D,53,23,16,TNI AD,Non BLU/BLUD,Kota Padang Sidempuan,"Jl. Sudirman No.1 Kelurahan : Losung Batu, Kecamatan : Padang Sidempuan."
1273107,Sumatera Utara,15978.6,221,RS Mata Siantar,Rumah Sakit Khusus Mata,C,16,3,38,SWASTA/LAINNYA,Non BLU/BLUD,Kota Pematang Siantar,Jl. Kartini Nomor 18 Kelurahan Bantan Kecamatan Siantar Barat
1273011,Sumatera Utara,15978.6,221,RS Umum Daerah Dr. Djasamen Saragih,Rumah Sakit Umum,B,130,55,357,Pemkot,BLUD,Kota Pematang Siantar,"Jl. Sutomo No. 230, Pematangsiantar"
1273055,Sumatera Utara,15978.6,221,RS Umum Vita Insani,Rumah Sakit Umum,B,237,44,562,Perusahaan,Non BLU/BLUD,Kota Pematang Siantar,Jl. Merdeka No.329 Kel. Pahlawan Kec. Siantar Timur Kota Pematang Siantar
1273033,Sumatera Utara,15978.6,221,RS Umum Harapan,Rumah Sakit Umum,C,123,30,350,Organisasi Katholik,Non BLU/BLUD,Kota Pematang Siantar,Jl Farel Pasaribu No. 21
1273106,Sumatera Utara,15978.6,221,RS Umum Tiara Kasih Sejati,Rumah Sakit Umum,C,101,20,151,Perorangan,Non BLU/BLUD,Kota Pematang Siantar,"Jl Menambin No.4, Timbang Galung, Pematangsiantar"
1273119,Sumatera Utara,15978.6,221,RS Efarina Etaham Pematang Siantar,Rumah Sakit Umum,C,183,33,,SWASTA/LAINNYA,Non BLU/BLUD,Kota Pematang Siantar,Jl. Pendeta J. Wismar Saragih No.1  Bane Kec.Siantar Utara
1273102,Sumatera Utara,15978.6,221,RS Murni Teguh Horas Insani,Rumah Sakit Umum,C,105,35,275,Perusahaan,Non BLU/BLUD,Kota Pematang Siantar,"Jl. Medan KM 2.5, Kel. Nagapitu, Kec. Siantar Martoba, Kota Pematang Siantar, Sumatra Utara"
1273022,Sumatera Utara,15978.6,221,RS Tk. IV 01.07.01,Rumah Sakit Umum,C,177,31,366,TNI AD,Non BLU/BLUD,Kota Pematang Siantar,Jl. Gn Simanuk Manuk No.6. Pematangsiantar
1273120,Sumatera Utara,15978.6,221,RS Murni Teguh Pematang Siantar,Rumah Sakit Umum,D,51,9,,Perusahaan,Non BLU/BLUD,Kota Pematang Siantar,Jl. Siantar - Medan KM 4.5 Kel. Nagapita
1273108,Sumatera Utara,15978.6,221,RS Rasyida Siantar,Rumah Sakit Umum,D,44,14,47,SWASTA/LAINNYA,Non BLU/BLUD,Kota Pematang Siantar,"Jl. Seram Atas No. 5B, Kel. Bantan Kec. Siantar Barat Kota Pematang Siantar, Prov. Sumatera Utara - INDONESIA"
1271016,Sumatera Utara,15978.6,221,RS Umum Daerah Dr. FL Tobing Sibolga,Rumah Sakit Umum,B,196,101,472,Pemkot,BLUD,Kota Sibolga,Jl Dr. F.L. Tobing No. 35 Sibolga
1271032,Sumatera Utara,15978.6,221,RS Umum Metta Medika,Rumah Sakit Umum,C,112,66,215,Perusahaan,Non BLU/BLUD,Kota Sibolga,Jl Sutoyo Siswomiharjo No 34 Sibolga
1271033,Sumatera Utara,15978.6,221,RS Metta Medika II,Rumah Sakit Umum,C,110,74,157,SWASTA/LAINNYA,Non BLU/BLUD,Kota Sibolga,Jl. Diponegoro No. 6-8 Kota Sibolga
1272010,Sumatera Utara,15978.6,221,RS Umum Daerah Dr. Tengku Mansyur,Rumah Sakit Umum,C,117,33,257,Pemkot,BLUD,Kota Tanjung Balai,"Jl. Mayjen Sutoyo No. 39, Kel. Perwira, Kec. Tanjungbalai Selatan"
1272033,Sumatera Utara,15978.6,221,RS Umum Hadi Husada,Rumah Sakit Umum,D,74,22,98,Perusahaan,Non BLU/BLUD,Kota Tanjung Balai,Jl Jend. Sudirman No. 26 Tanjungbalai Kel. Karya Kec. Tanjungbalai Selatan Kota Tanjungbalai  Provinsi sumatra Utara
1274012,Sumatera Utara,15978.6,221,RS Umum Daerah Dr. H. Kumpulan Pane,Rumah Sakit Umum,B,202,73,530,Pemkot,BLUD,Kota Tebing Tinggi,Jl Dr. Kumpulan Pane No.226 Kec Kota Tebing Tinggi Kel. Bandar Utama
1274063,Sumatera Utara,15978.6,221,RS Chevani,Rumah Sakit Umum,C,133,37,159,Perusahaan,Non BLU/BLUD,Kota Tebing Tinggi,Jl. Prof. H. M. Yamin No. 17 Tanjung Marulak Hilir
1274034,Sumatera Utara,15978.6,221,RS Umum Sri Pamela,Rumah Sakit Umum,C,167,55,285,BUMN,Non BLU/BLUD,Kota Tebing Tinggi,Jl. Jend. Sudirman No. 299
1274058,Sumatera Utara,15978.6,221,RS Bhayangkara Tk.III Kota Tebing Tinggi,Rumah Sakit Umum,C,137,36,354,POLRI,BLU,Kota Tebing Tinggi,Jl Pahlawan No 17
1274062,Sumatera Utara,15978.6,221,RS Umum Universitas Prima Indonesia,Rumah Sakit Umum,D,54,9,6,Organisasi Sosial,Non BLU/BLUD,Kota Tebing Tinggi,Jl. Simalungun No. 7A
1274061,Sumatera Utara,15978.6,221,RS Umum Natama,Rumah Sakit Umum,D,50,15,41,Perusahaan,Non BLU/BLUD,Kota Tebing Tinggi,Jl. Kartini No. 30A Tebing Tinggi
1207015,Sumatera Utara,15978.6,221,RS Umum Daerah Rantau Prapat,Rumah Sakit Umum,B,220,97,590,Pemkab,BLUD,Labuhan Batu,"Jl. KH. Dewantara 129, Rantau Prapat"
1207067,Sumatera Utara,15978.6,221,RS Umum Karya Bakti Ujung Bandar,Rumah Sakit Umum,C,100,23,93,Perusahaan,Non BLU/BLUD,Labuhan Batu,Jalan Karya Bakti No. 20 Kelurahan Ujung Bandar Kecamatan Rantau Selatan Kabupaten Labuhanbatu Sumatera Utara
1207068,Sumatera Utara,15978.6,221,RS Umum Hartati Medical Centre,Rumah Sakit Umum,D,50,19,9,SWASTA/LAINNYA,Non BLU/BLUD,Labuhan Batu,"Jl. Siringo-ringo No. 150 Rantauprapat, Kel. Binaraga, Kec. Rantau Utara, Kab. Labuhan Batu, Provinsi Sumatera Utara"
1207073,Sumatera Utara,15978.6,221,RS Umum Citra Medika,Rumah Sakit Umum,D,17,3,,SWASTA/LAINNYA,Non BLU/BLUD,Labuhan Batu,"Jl. Ahmad Yani No. 221 CDEF Rantau Parapat Kel. Kartini, Kec. Rantau Utara"
1207069,Sumatera Utara,15978.6,221,RS Dokter Takdir,Rumah Sakit Umum,D,33,12,3,Perusahaan,Non BLU/BLUD,Labuhan Batu,"Jl. Siringo-ringo No. 11-13 ,Kelurahan Siringo-ringo,Kecamatan Rantau Utara,Kabupaten Labuhan Batu,Provinsi Sumatera Utara."
1222002,Sumatera Utara,15978.6,221,RS Umum Daerah Kota Pinang,Rumah Sakit Umum,C,133,32,205,Pemkab,BLUD,Labuhan Batu Selatan,Jl Istana No. 26.  Kelurahan  Kotapinang Kabupaten LabuhanBatu Selatan Provinsi Sumatera Utara
1207052,Sumatera Utara,15978.6,221,RS Sri Pamela Torgamba,Rumah Sakit Umum,D,58,24,85,BUMN,Non BLU/BLUD,Labuhan Batu Selatan,Jl. Lintas Sumatera - Riau KM. 380
1206063,Sumatera Utara,15978.6,221,RS Umum Nuraini,Rumah Sakit Umum,D,108,25,151,Perusahaan,Non BLU/BLUD,Labuhan Batu Selatan,Jl Lintas Sumatera Bloksongo Desa Sisumut Kecamatan Kotapinang Kabupaten Labuhanbatu Selatan Provinsi Sumatera Utara Kode Pos. 21464
1223002,Sumatera Utara,15978.6,221,RS Umum Daerah  Aek Kanopan,Rumah Sakit Umum,C,120,26,272,Pemkab,Non BLU/BLUD,Labuhan Batu Utara,Jl. Lintas Sumatera Desa Sidua-dua Kec. Kualuh Selatan Kab. Labuhan Batu Utara Provinsi Sumatera Utara
1223018,Sumatera Utara,15978.6,221,RS Sri Pamela Membang Muda,Rumah Sakit Umum,D,56,22,,SWASTA/LAINNYA,Non BLU/BLUD,Labuhan Batu Utara,"Jl. Lintas Sumatera Km. 224 Desa Perkebunan Membang Muda, Kec. Kualuh Hulu, Kab. Labuhanbatu Utara, Prov. Sumatera Utara."
1223005,Sumatera Utara,15978.6,221,RS Tiga Bersaudara,Rumah Sakit Umum,D,70,17,32,Perorangan,BLU,Labuhan Batu Utara,Jl. Lintas Sumatera Utara Kampung Pajak Kec NA IX X
1223006,Sumatera Utara,15978.6,221,RS Umum Flora,Rumah Sakit Umum,D,31,12,,Perusahaan,Non BLU/BLUD,Labuhan Batu Utara,Jl. Jenderal Sudirman No. 29 Aek Kanopan  Kec.kualuh Hulu kab.Labuhanbatu utara/Kota. Aek kanopan provinsi Sumatera Utara kode pos 21457.
1213059,Sumatera Utara,15978.6,221,RS Umum Putri Bidadari,Rumah Sakit Umum,B,367,44,721,SWASTA/LAINNYA,Non BLU/BLUD,Langkat,JL. STABAT-TANJUNG PURA RT.002/RW.007 DUSUN DONDONG SEJATI DESA JENTERA STABAT KEC. WAMPU KAB. LANGKAT
1213035,Sumatera Utara,15978.6,221,RS Umum Pertamina Pangkalan Brandan,Rumah Sakit Umum,C,102,78,212,BUMN,Non BLU/BLUD,Langkat,Jl. Wahidin No. 1 Pangkalan Brandan
1213013,Sumatera Utara,15978.6,221,RS Umum Daerah Tanjung Pura,Rumah Sakit Umum,C,120,33,261,Pemkab,BLUD,Langkat,Jl. Khairil Anwar No. 9-11 Tanjung Pura
1213062,Sumatera Utara,15978.6,221,RS Umum Mahkota Bidadari,Rumah Sakit Umum,C,230,36,,Perusahaan,Non BLU/BLUD,Langkat,"Jl. Sisingamangaraja No. 146, Desa Paluh Manis, Kecamatan Gebang, Kabupaten Langkat, Provinsi Sumatera Utara"
1213057,Sumatera Utara,15978.6,221,RS Umum Delia,Rumah Sakit Umum,C,114,32,215,Organisasi Sosial,Non BLU/BLUD,Langkat,"Jln. KI Hajar Dewantara, No 09 Dusun V Desa Sei Limbat Kecamatan Selesai Kabupaten Langkat, Provinsi Sumatera Utara"
1213024,Sumatera Utara,15978.6,221,RS Umum PTP II Tg Selamat,Rumah Sakit Umum,C,106,17,160,BUMN,Non BLU/BLUD,Langkat,Jl. Besar Batang Serangan Desa/Kelurahan Tanjung Selamat Kecamatan Padang Tualang Kabupaten Langkat Provinsi Sumatera Utara
1213058,Sumatera Utara,15978.6,221,RS Umum Wampu Norita,Rumah Sakit Umum,D,66,19,34,Perusahaan,Non BLU/BLUD,Langkat,Jl. Medan - Tj. Pura KM.46 No.86 Kec. Wampu Kab. Langkat 20851
1203022,Sumatera Utara,15978.6,221,RS Umum Daerah Panyabungan,Rumah Sakit Umum,C,123,53,358,Pemkab,BLUD,Mandailing Natal,"Jl Merdeka No.40, Kayu Jati Panyabungan"
1202029,Sumatera Utara,15978.6,221,RS Umum Armina Madina Panyabungan,Rumah Sakit Umum,C,102,26,,Organisasi Sosial,Non BLU/BLUD,Mandailing Natal,Jl Merdeka No. 23 Kayu Jati - Panyabungan
1202028,Sumatera Utara,15978.6,221,RS Umum Permata Madina Panyabungan,Rumah Sakit Umum,C,108,37,100,Organisasi Sosial,Non BLU/BLUD,Mandailing Natal,Jl Merdeka No. 155 Kelurahan Kayu Jati Kecamatan Panyabungan
1202017,Sumatera Utara,15978.6,221,RS Umum Daerah dr. Husni Thamrin,Rumah Sakit Umum,D,28,15,292,Pemkab,BLUD,Mandailing Natal,Jl. Multatuli No. 72 Kec. Natal Kab. Mandailing Natal
1201016,Sumatera Utara,15978.6,221,RS Umum Daerah dr. M. Thomsen Nias,Rumah Sakit Umum,C,349,42,859,Pemkab,BLUD,Nias,Jl dr. Ciptomangunkusumo No. 15 Gunungsitoli
1225002,Sumatera Utara,15978.6,221,RS Pratama Kab. Nias Barat,Rumah Sakit Umum,D PRATAMA,31,20,5,Pemkab,Non BLU/BLUD,Nias Barat,JL. Budi Utomo Desa Onolimbu Kec. Lahomi 
1225013,Sumatera Utara,15978.6,221,RS Pratama Lologolu Soguna Ba Zato,Rumah Sakit Umum,D PRATAMA,84,14,,Pemkab,Non BLU/BLUD,Nias Barat,"Jl. Desa Lologolu, Kec. Mandrehe"
1214010,Sumatera Utara,15978.6,221,RS Umum Daerah Lukas Hilisimaetano,Rumah Sakit Umum,D,50,4,,Pemkab,Non BLU/BLUD,Nias Selatan,Jl. RSUD Lukas No. 1 Hilisimaetano
1214022,Sumatera Utara,15978.6,221,RS Umum Daerah Nias Selatan,Rumah Sakit Umum,D,38,10,,Pemkab,Non BLU/BLUD,Nias Selatan,"Hiliana'a, Desa Hiliana'a Kec. Teluk Dalam Kab. Nias Selatan Prov. Sumatera Utara"
1214011,Sumatera Utara,15978.6,221,RS Umum Stella Maris,Rumah Sakit Umum,D,50,21,21,Organisasi Katholik,Non BLU/BLUD,Nias Selatan,Jl. Mgr. Albertus Soegijapranata Bintang Laut Telukdalam
1224002,Sumatera Utara,15978.6,221,RS Umum Daerah Tafaeri,Rumah Sakit Umum,D,58,27,95,Pemkab,BLUD,Nias Utara,"Jl. Lotu - Sawo Km.3, Desa Lolofaoso, Kecamatan Lotu"
1203055,Sumatera Utara,15978.6,221,RS Umum Daerah Sibuhuan,Rumah Sakit Umum,C,106,41,400,Pemkab,BLUD,Padang Lawas,Jl. KH. Dewantara Sibuhuan Kec. Barumun 
1221002,Sumatera Utara,15978.6,221,RS Umum Permata Madina Sibuhuan,Rumah Sakit Umum,D,62,20,96,SWASTA/LAINNYA,Non BLU/BLUD,Padang Lawas,Jl Ki Hajar Dewantara Sibuhuan
1203044,Sumatera Utara,15978.6,221,RS Umum Daerah Gunung Tua,Rumah Sakit Umum,C,104,58,479,Pemkab,Non BLU/BLUD,Padang Lawas Utara,Jl Raya gunung Tua - Binangan KM 6 Aek Haruaya
1216011,Sumatera Utara,15978.6,221,RS Umum Daerah Salak,Rumah Sakit Umum,C,100,24,145,Pemkab,BLUD,Pakpak Bharat,Jl. Raja David Desa Boangmanalu Kec. Salak Kabupaten Pakpak Bharat
1205024,Sumatera Utara,15978.6,221,RS Umum Daerah Dr. Hadrianus Sinaga,Rumah Sakit Umum,C,108,33,252,Pemkab,BLUD,Samosir,Jl .Dr. Hadrianus Sinaga No. 86 Pangururan
1218125,Sumatera Utara,15978.6,221,RS Umum Daerah Sultan Sulaiman Syariful Alamsyah,Rumah Sakit Umum,C,148,36,317,Pemkab,BLUD,Serdang Bedagai,"Jl. Negara Km. 58 No. 315, Kecamatan Sei Rampah Kabupaten Serdang Bedagai, Provinsi Sumatera Utara"
1218026,Sumatera Utara,15978.6,221,RS Umum Pabatu,Rumah Sakit Umum,C,100,30,190,BUMN,Non BLU/BLUD,Serdang Bedagai,"DESA KEDAI DAMAR, KEC.TEBING TINGGI,KAB.SERDANG BEDAGAI,SUMATERA UTARA"
1218024,Sumatera Utara,15978.6,221,RS Umum Melati ,Rumah Sakit Umum,C,172,28,129,Organisasi Sosial,Non BLU/BLUD,Serdang Bedagai,"Jl Deli No. 105-115 Perbaungan, Serdang Bedagai"
1218025,Sumatera Utara,15978.6,221,RS Umum Sawit Indah Perbaungan,Rumah Sakit Umum,D,50,12,11,Perusahaan,Non BLU/BLUD,Serdang Bedagai,Jl May.Jend (Purn) H.T. Rizal Nurdin No.10 Perbaungan
1218029,Sumatera Utara,15978.6,221,RS Umum Melati Desa Pon,Rumah Sakit Umum,D,47,28,1,SWASTA/LAINNYA,Non BLU/BLUD,Serdang Bedagai,Jalan Besar No 218 A Desa Pon - Sei Rampah
1218013,Sumatera Utara,15978.6,221,RS Umum Trianda,Rumah Sakit Umum,D,68,23,61,Organisasi Sosial,Non BLU/BLUD,Serdang Bedagai,"Jl Medan - Tebing Tinggi Km.42,5 No.752B, Dusun I Desa Pasar Bengkel, Kecamatan Perbaungan, Kabupaten Serdang Bedagai, Provinsi Sumatera Utara"
1209010,Sumatera Utara,15978.6,221,RS Umum Balimbingan PTP 4,Rumah Sakit Umum,C,121,19,152,BUMN,Non BLU/BLUD,Simalungun,"Desa Balimbingan, Kecamatan Tanah Jawa, Kabupaten Simalungun, Sumatera Utara"
1209077,Sumatera Utara,15978.6,221,RS Umum Daerah Tuan Rondahaim,Rumah Sakit Umum,C,103,48,186,Pemkab,BLUD,Simalungun,"Komplek Perkantoran SKPD Pemkab Simalungun, Desa/Kelurahan Sondi Raya, Kecamatan Raya"
1209076,Sumatera Utara,15978.6,221,RS Umum Daerah Perdagangan,Rumah Sakit Umum,C,105,30,186,Pemkab,BLUD,Simalungun,"Jl. Radjadmin Purba, SH. Perdagangan"
1209021,Sumatera Utara,15978.6,221,RS Umum Laras Kabupaten Simalungun,Rumah Sakit Umum,C,98,42,112,BUMN,Non BLU/BLUD,Simalungun,Jl. Desa Naga Jaya I Kec. Bandar Huluan Kab.Simalungun
1209065,Sumatera Utara,15978.6,221,RS Umum Daerah Parapat,Rumah Sakit Umum,D,54,13,110,Pemkab,BLUD,Simalungun,Jl. Kolonel TPR Sinaga Parapat
1209081,Sumatera Utara,15978.6,221,RS Umum Karya Husada,Rumah Sakit Umum,D,93,23,94,SWASTA/LAINNYA,Non BLU/BLUD,Simalungun,Jl. Merdeka Nomor 12-18 Kelurahan Perdagangan III Kecamatan Bandar Kabupaten Simalungun
1203033,Sumatera Utara,15978.6,221,RS Umum Daerah Tapanuli Selatan,Rumah Sakit Umum,C,110,29,226,Pemkab,Non BLU/BLUD,Tapanuli Selatan,"Jl. Rumah Sakit No.1 Banjar Toba, Kel. Bagas Nagodang, Kec. Sipirok"
1203067,Sumatera Utara,15978.6,221,RS Bhayangkara Tk. IV  Batangtoru,Rumah Sakit Umum,D,23,9,,POLRI,Non BLU/BLUD,Tapanuli Selatan,Jl. Merdeka No. 17 Desa Hapesong Baru Kec. Batang Toru
1203066,Sumatera Utara,15978.6,221,RS Umum Daerah Pintu Padang,Rumah Sakit Umum,D,51,5,,Pemkab,Non BLU/BLUD,Tapanuli Selatan,"Jl. Mandailing No.KM.18, Kel. Pintu Padang I, Kec. Batang Angkola, Kabupaten Tapanuli Selatan, Sumatera Utara, Indonesia"
1204056,Sumatera Utara,15978.6,221,RS Umum Daerah Pandan,Rumah Sakit Umum,C,124,38,389,Pemkab,BLUD,Tapanuli Tengah,Jl. Dr. FL. Tobing No. 05 Pandan
1205013,Sumatera Utara,15978.6,221,RS Umum Daerah Tarutung,Rumah Sakit Umum,B,204,106,738,Pemkab,BLUD,Tapanuli Utara,Jl. Agus Salim No. 1 Tarutung
1205142,Sumatera Utara,15978.6,221,RS Umum Sint Lucia,Rumah Sakit Umum,D,60,20,59,Organisasi Katholik,Non BLU/BLUD,Tapanuli Utara,Jl. Sisingamangaraja No. 171/173 Siborongborong. Tapanuli Utara
1205046,Sumatera Utara,15978.6,221,RS Umum Daerah Porsea,Rumah Sakit Umum,C,107,90,181,Pemkab,BLUD,Toba Samosir,"Jl. Raja Sipakko Napitulu, Ds. Parparean, Kec. Porsea, Kab. Toba Samosir"
1205061,Sumatera Utara,15978.6,221,RS Umum HKBP Balige,Rumah Sakit Umum,C,162,26,283,Organisasi Protestan,BLU,Toba Samosir,"Jl. Gereja No.17, Balige"
3402081,Yogyakarta,3802.7,1199,RS Bedah Adelia,Rumah Sakit Khusus Bedah,C,25,15,43,SWASTA/LAINNYA,Non BLU/BLUD,Bantul,JL Monumen TNI AU No 1 Tamanan Banguntapan Bantul
3402076,Yogyakarta,3802.7,1199,RS Khusus Bedah Ring Road Selatan,Rumah Sakit Khusus Bedah,C,25,21,110,SWASTA/LAINNYA,Non BLU/BLUD,Bantul,Glugo Panggungharjo Sewon Bantul Yogyakarta
3402080,Yogyakarta,3802.7,1199,RS Khusus Ibu dan Anak Kahyangan,Rumah Sakit Khusus Ibu dan Anak,C,25,16,32,Perusahaan,Non BLU/BLUD,Bantul,Jl Tinosidin No 390 Cebongan Ngestiharjo Kasihan Bantul
3402042,Yogyakarta,3802.7,1199,RS Ibu Anak Ummi Khasanah,Rumah Sakit Khusus Ibu dan Anak,C,25,6,72,Organisasi Sosial,Non BLU/BLUD,Bantul,Jl Pemuda Ds Gandekan Bantul
3471121,Yogyakarta,3802.7,1199,RS Paru Respira,Rumah Sakit Khusus Paru,C,25,27,147,Pemprop,Non BLU/BLUD,Bantul,"Jl Panembahan Senopati No 4, Palbapang, Bantul, Yogyakarta"
3471074,Yogyakarta,3802.7,1199,RSPAU Dr.  Suhardi Harjolukito,Rumah Sakit Umum,B,285,104,54,TNI AU,Non BLU/BLUD,Bantul,Jl. Raya Janti Blok O Banguntapan Bantul Yogyakarta
3402016,Yogyakarta,3802.7,1199,RS Umum Daerah Panembahan Senopati,Rumah Sakit Umum,B,264,106,962,Pemkab,BLUD,Bantul,Jl Dr. Wahidin Sudiro Husodo Bantul
3402064,Yogyakarta,3802.7,1199,RS Umum Rachma Husada ,Rumah Sakit Umum,C,98,23,154,Organisasi Sosial,Non BLU/BLUD,Bantul, Jl Parangtritis Km.16 Gerselo Patalan Jetis Bantul 
3402031,Yogyakarta,3802.7,1199,RSU PKU Muhammadiyah Bantul,Rumah Sakit Umum,C,112,55,389,Organisasi Islam ,Non BLU/BLUD,Bantul,Jl Jenderal Sudirman 124 Bantul
3402084,Yogyakarta,3802.7,1199,RS Universitas Islam Indonesia,Rumah Sakit Umum,C,120,62,330,SWASTA/LAINNYA,Non BLU/BLUD,Bantul,"Jl. Srandakan KM 5,5 Wijirejo Pandak Bantul"
3402020,Yogyakarta,3802.7,1199,RS Umum Santa Elisabeth,Rumah Sakit Umum,D,48,43,205,Organisasi Katholik,Non BLU/BLUD,Bantul,Ganjuran Sumbermulyo Bambanglipuro
3402086,Yogyakarta,3802.7,1199,RS Rajawali Citra ,Rumah Sakit Umum,D,50,39,271,Organisasi Sosial,Non BLU/BLUD,Bantul,"Jl Pleret Km.2,5, Banjardadap Potorono Banguntapan Bantul "
3402053,Yogyakarta,3802.7,1199,RS Umum Nur Hidayah,Rumah Sakit Umum,D,52,39,173,Organisasi Sosial,Non BLU/BLUD,Bantul,"Jl Imogiri Timur Km. 11,5 Trimulyo Jetis Bantul"
3402075,Yogyakarta,3802.7,1199,RS Umum Permata Husada,Rumah Sakit Umum,D,50,31,44,Organisasi Sosial,Non BLU/BLUD,Bantul,"Jl Raya Pleret KM 4, Kauman, Pleret, Bantul, Daerah Istimewa Yogyakarta"
3402077,Yogyakarta,3802.7,1199,RS Umum Griya Mahardika Yogyakarta,Rumah Sakit Umum,D,58,28,136,Perusahaan,Non BLU/BLUD,Bantul,jl. Parangtritis KM 4.5 gang Wijayakusuma No 212 Yogyakarta
3402097,Yogyakarta,3802.7,1199,RS Umum Daerah Saras Adyatma,Rumah Sakit Umum,D,50,25,,Pemkab,BLUD,Bantul,Jl. Paker-Dawetan Selo Sidomulyo Bambanglipuro Bantul 
3403026,Yogyakarta,3802.7,1199,RS Ibu dan anak Allaudya,Rumah Sakit Khusus Ibu dan Anak,C,28,21,16,SWASTA/LAINNYA,Non BLU/BLUD,Gunung Kidul,"Jl. Karangmojo - Wonosari km 2, Selang III, Selang, Kec. Wonosari, Kabupaten Gunungkidul, Daerah Istimewa Yogyakarta 55891"
3403010,Yogyakarta,3802.7,1199,RS Umum Daerah Wonosari,Rumah Sakit Umum,B,207,113,379,Pemkab,BLUD,Gunung Kidul,Jl Taman Bhakti No. 06 Wonosari
3403023,Yogyakarta,3802.7,1199,RS Umum Panti Rahayu,Rumah Sakit Umum,C,109,31,187,SWASTA/LAINNYA,Non BLU/BLUD,Gunung Kidul,Jl Wonosari-Ponjong Km 7 Kelor Karangmojo Gunungkidul
3403027,Yogyakarta,3802.7,1199,RS Umum Daerah Saptosari,Rumah Sakit Umum,D,69,27,19,Pemkab,BLUD,Gunung Kidul,Karang Jetis Saptosari Gunungkidul
3403024,Yogyakarta,3802.7,1199,RS Umum PKU Muhammadiyah Wonosari,Rumah Sakit Umum,D,50,28,124,Organisasi Islam ,Non BLU/BLUD,Gunung Kidul,"Jalan Lingkar Utara Kemorosari II, Piyaman Wonosari Gunungkidul DIY"
3403021,Yogyakarta,3802.7,1199,RS Umum Nur Rohmah,Rumah Sakit Umum,D,50,32,146,Perusahaan,Non BLU/BLUD,Gunung Kidul,"Jl Wonosari - Yogya Km. 7, Bandung, Playen, Gunungkidul"
3403022,Yogyakarta,3802.7,1199,RS Umum Pelita Husada ,Rumah Sakit Umum,D,57,17,57,Perorangan,Non BLU/BLUD,Gunung Kidul,Jl Raya Semanu Km.3 Sambirejo Semanu Gunungkidul DIY 55893 
3403025,Yogyakarta,3802.7,1199,RS Bethesda Wonosari,Rumah Sakit Umum,D,52,17,9,Organisasi Protestan,Non BLU/BLUD,Gunung Kidul,"Jl. Karangmojo-Wonosari Km.2,3 Selang III Selang Wonosari Gunung Kidul"
3403038,Yogyakarta,3802.7,1199,RS Islam Gunungkidul,Rumah Sakit Umum,D,55,20,,SWASTA/LAINNYA,Non BLU/BLUD,Gunung Kidul,Jl. Pramuka RT 004/RW 001 Ngipak Karangmojo Gunungkidul
3471085,Yogyakarta,3802.7,1199,RS Khusus Jiwa Puri Nirmala, ,Rumah Sakit Khusus Jiwa,1296,27,13,Non BLU/BLUD,C,Kota Yogyakarta,Jl Jayaningprangan No. 13 Gunungketur Pakualaman Yogyakarta
3471374,Yogyakarta,3802.7,1199,RS Gigi dan Mulut Universitas Muhammadiyah Yogyakarta,Rumah Sakit Khusus Gigi dan Mulut,A,16,18,61,SWASTA/LAINNYA,Non BLU/BLUD,Kota Yogyakarta,"Jl. HOS Cokroaminoto 17, Wirobrajan, Kota Yogyakarta"
3471325,Yogyakarta,3802.7,1199,RS Khusus Ibu dan Anak Permata Bunda,Rumah Sakit Khusus Ibu dan Anak,C,23,16,47,Organisasi Sosial,Non BLU/BLUD,Kota Yogyakarta,Jl. Ngeksigondo No. 56 Yogyakarta
3471107,Yogyakarta,3802.7,1199,RS Khusus Ibu dan Anak  PKU Muhammadiyah Kotagede ,Rumah Sakit Khusus Ibu dan Anak,C,34,19,80,Organisasi Islam ,Non BLU/BLUD,Kota Yogyakarta,Jl Kemasan No. 43 Purbayan Kotagede Yogyakarta
3471379,Yogyakarta,3802.7,1199,RS Khusus Ibu dan Anak Rachmi,Rumah Sakit Khusus Ibu dan Anak,C,25,23,43,Perusahaan,BLU,Kota Yogyakarta,Jl. KH. Wachid Hasyim No. 47 Notoprajan Ngampilan Yogyakarta 55262
3471096,Yogyakarta,3802.7,1199,RS  Mata Dr. Yap,Rumah Sakit Khusus Mata,B,42,24,262,Organisasi Sosial,Non BLU/BLUD,Kota Yogyakarta,Jl Cik Di Tiro No. 5 Yogyakarta
3471041,Yogyakarta,3802.7,1199,RS PKU Muhammadiyah Yogyakarta,Rumah Sakit Umum,B,200,76,302,Organisasi Islam ,Non BLU/BLUD,Kota Yogyakarta,Jl K.H. Ahmad Dahlan No. 20 Ngupasan Gondomanan Yogyakarta
3471063,Yogyakarta,3802.7,1199,RS Bethesda Yogyakarta,Rumah Sakit Umum,B,320,105,742,Organisasi Sosial,Non BLU/BLUD,Kota Yogyakarta,Jl Jend. Sudirman No. 70 Kotabaru Yogyakarta
3471234,Yogyakarta,3802.7,1199,RS Umum Daerah Kota Yogyakarta,Rumah Sakit Umum,B,210,90,479,Pemkot,BLUD,Kota Yogyakarta,Jl Wirosaban No. 1 Yogyakarta
3471052,Yogyakarta,3802.7,1199,RS Umum Panti Rapih,Rumah Sakit Umum,B,300,115,1508,Organisasi Sosial,Non BLU/BLUD,Kota Yogyakarta,Jl. Cik Di Tiro 30 Yogyakarta
3471380,Yogyakarta,3802.7,1199,RS Siloam Yogyakarta,Rumah Sakit Umum,C,103,62,243,Perusahaan,Non BLU/BLUD,Kota Yogyakarta,Jl. Laksda Adisucipto Nomor 32 34 Yogyakarta 55221
3471030,Yogyakarta,3802.7,1199,RS Tk. III 04.06.03 Dr. Soetarto,Rumah Sakit Umum,C,102,74,235,TNI AD,Non BLU/BLUD,Kota Yogyakarta,"Jl. Juadi No.19, Kotabaru, Kec. Gondokusuman, Kota Yogyakarta, Daerah Istimewa Yogyakarta 55224"
3471373,Yogyakarta,3802.7,1199,RS Happy Land Medical Centre,Rumah Sakit Umum,C,101,234,185,SWASTA/LAINNYA,Non BLU/BLUD,Kota Yogyakarta,Jl Ipda Tut Harsono No.53 Timoho Yogyakarta
3471026,Yogyakarta,3802.7,1199,RS Islam Hidayatullah Yogyakarta,Rumah Sakit Umum,D,98,28,144,Organisasi Islam ,Non BLU/BLUD,Kota Yogyakarta,Jl Veteran No.184 Pandeyan Umbulharjo Yogyakarta
3471377,Yogyakarta,3802.7,1199,RS Pratama Kota Yogyakarta,Rumah Sakit Umum,D,53,35,171,Pemkot,Non BLU/BLUD,Kota Yogyakarta,"Jl Kol. Sugiyono No.98 RT 069 RW 019 Brontokusuman, Mergangsan, Yogyakarta"
3471336,Yogyakarta,3802.7,1199,RS Bethesda Lempuyangwangi,Rumah Sakit Umum,D,50,26,163,Organisasi Sosial,Non BLU/BLUD,Kota Yogyakarta,Jl Hayam Wuruk No.6 Yogyakarta
3471381,Yogyakarta,3802.7,1199,RS AMC Muhammadiyah,Rumah Sakit Umum,D,49,44,,Perusahaan,Non BLU/BLUD,Kota Yogyakarta,"Jl. H.O.S Cokroaminoto No. 17 B Pakuncen, Wirobrajan, Kota Yogyakarta, Daerah Istimewa Yogyakarta"
3471282,Yogyakarta,3802.7,1199,RS Ludira Husada Tama,Rumah Sakit Umum,D,46,48,155,Organisasi Sosial,Non BLU/BLUD,Kota Yogyakarta,"Jl Wiratama 4 Tegalrejo, Yogyakarta"
3401015,Yogyakarta,3802.7,1199,RS Umum Daerah Wates,Rumah Sakit Umum,B,241,61,719,Pemkab,BLUD,Kulon Progo,Jl Tentara Pelajar Km.1 No.5 Wates Kulon Progo
3401052,Yogyakarta,3802.7,1199,RS Umum Daerah Nyi Ageng Serang,Rumah Sakit Umum,C,187,36,283,Pemkab,BLUD,Kulon Progo,"Jl Sentolo - Muntilan KM 0,3 Banguncipto, Sentolo, Kab. Kulon Progo, Prop. DIY"
3401053,Yogyakarta,3802.7,1199,RS Umum Pura Raharja Medika,Rumah Sakit Umum,D,50,34,51,SWASTA/LAINNYA,Non BLU/BLUD,Kulon Progo,Jl. Raya Brosot Bangeran Bumirejo Lendah Kulon Progo Daerah Istimewa Yogyakarta
3401048,Yogyakarta,3802.7,1199,RS Umum Kharisma Paramedika,Rumah Sakit Umum,D,52,19,74,SWASTA/LAINNYA,Non BLU/BLUD,Kulon Progo,"Jl. Khudori No.34, Wates, Kulon Progo "
3401058,Yogyakarta,3802.7,1199,RS Umum Queen Latifa,Rumah Sakit Umum,D,50,32,21,SWASTA/LAINNYA,Non BLU/BLUD,Kulon Progo,"Jl Raya Yogya Wates KM. 21 Sukoreno, Sentolo, Kabupaten Kulon Progo , Provinsi D. I Yogyakarta 55664"
3401037,Yogyakarta,3802.7,1199,RS Umum Rizki Amalia Medika,Rumah Sakit Umum,D,52,27,109,Organisasi Sosial,Non BLU/BLUD,Kulon Progo,Jl raya Brosot - Wates Km.5 Jogahan Bumirejo Lendah Kulon Progo
3401026,Yogyakarta,3802.7,1199,RSU Santo Yusup Boro,Rumah Sakit Umum,D,50,19,91,Organisasi Sosial,Non BLU/BLUD,Kulon Progo,"Boro RT. 01 / RW.01, Banjarasri, Kalibawang, Kulon Progo"
3401051,Yogyakarta,3802.7,1199,RS Umum Rizki Amalia,Rumah Sakit Umum,D,50,27,121,SWASTA/LAINNYA,Non BLU/BLUD,Kulon Progo,"Jl Wates-Purworejo Km.10, Kalidengen, Temon, KP"
3401050,Yogyakarta,3802.7,1199,RS Umum PKU Muhammadiyah Nanggulan,Rumah Sakit Umum,D,51,22,52,Organisasi Sosial,Non BLU/BLUD,Kulon Progo,"Ngemplak, Kembang, Nanggulan, Kulon Progo, Yogyakarta"
3404070,Yogyakarta,3802.7,1199,RS Khusus Bedah An-Nur,Rumah Sakit Khusus Bedah,C,35,30,152,Organisasi Sosial,Non BLU/BLUD,Sleman,Jl. Colombo No. 14-16 Sleman Yogyakarta
3471362,Yogyakarta,3802.7,1199,RS Gigi dan Mulut UGM Prof. Soedomo,Rumah Sakit Khusus Gigi dan Mulut,B,12,18,142,BUMN,Non BLU/BLUD,Sleman,Jl. Sekip Utara Yogyakarta
3404187,Yogyakarta,3802.7,1199,RS Khusus Ibu Anak Sadewa,Rumah Sakit Khusus Ibu dan Anak,C,49,32,199,Perusahaan,Non BLU/BLUD,Sleman,Babarsari TB 16/13-B Caturtunggal Depok Sleman
3404180,Yogyakarta,3802.7,1199,RS Ibu Anak Arvita Bunda,Rumah Sakit Khusus Ibu dan Anak,C,25,14,25,Organisasi Sosial,Non BLU/BLUD,Sleman,"Jl. Raya Tajem - Pasar Stan RT 04 RW 44 Maguwoharjo, Depok, Sleman, DI. Yogyakarta"
3404022,Yogyakarta,3802.7,1199,RS Jiwa Grhasia,Rumah Sakit Khusus Jiwa,A,202,59,395,Pemprop,BLUD,Sleman,Jl. Kaliurang Km. 17 Pakem Sleman DIY
3404015,Yogyakarta,3802.7,1199,RSUP Dr. Sardjito,Rumah Sakit Umum,A,729,280,3454,Kemkes ,BLU,Sleman,Jl Kesehatan No.1 Sekip Yogyakarta 
3404189,Yogyakarta,3802.7,1199,RS Akademik Universitas Gadjah Mada,Rumah Sakit Umum,B,380,52,483,Kementerian Lain,Non BLU/BLUD,Sleman,"Jl. Kabupaten (Lingkar Utara), Kronggahan, Trihanggo, Gamping, Sleman, D.I. Yogyakarta"
3404011,Yogyakarta,3802.7,1199,RS Umum Daerah Sleman,Rumah Sakit Umum,B,193,100,896,Pemkab,BLUD,Sleman,JL Bhayangkara No 48 Triharjo Sleman
3404056,Yogyakarta,3802.7,1199,RS Jih,Rumah Sakit Umum,B,224,113,264,Perusahaan,Non BLU/BLUD,Sleman,Jl Ring Road Utara no. 160 Condongcatur Depok
3404183,Yogyakarta,3802.7,1199,RS Umum PKU Muhammadiyah Gamping,Rumah Sakit Umum,B,227,53,696,Organisasi Sosial,Non BLU/BLUD,Sleman,"Jl. Wates KM 5,5 Gamping Sleman"
3404168,Yogyakarta,3802.7,1199,RS Umum Daerah Prambanan,Rumah Sakit Umum,C,104,37,248,Pemkab,BLUD,Sleman,"Jl Prambanan Piyungan Km.7, Delegan, Sumberharjo, Prambanan, Sleman "
3404210,Yogyakarta,3802.7,1199,RS PKU Muhammadiyah Sleman,Rumah Sakit Umum,C,102,28,,Organisasi Islam ,Non BLU/BLUD,Sleman,"Jl. Magelang KM 10,5 Pandowoharjo, Kec. Sleman"
3404193,Yogyakarta,3802.7,1199,RS Umum Hermina Yogya,Rumah Sakit Umum,C,100,85,212,Perusahaan,Non BLU/BLUD,Sleman,"Jl Mataram RT 05 RW 50, Gondangan, Ringinsari, Maguwoharjo, Depok, Kab. Sleman, Yogyakarta"
3404102,Yogyakarta,3802.7,1199,RS Umum Panti Rini,Rumah Sakit Umum,C,56,46,167,Organisasi Katholik,Non BLU/BLUD,Sleman,"Jl Solo Km 12,5 Krajan Tirtomartani Kalasan Sleman Yogyakarta "
3404157,Yogyakarta,3802.7,1199,RS Umum Sakina Idaman,Rumah Sakit Umum,C,100,26,85,Organisasi Sosial,Non BLU/BLUD,Sleman,"Jl Nyi Tjondroloekito No. 60, Sinduadi, Mlati, Sleman"
3404146,Yogyakarta,3802.7,1199,RS Islam Yayasan PDHI,Rumah Sakit Umum,C,125,58,472,Organisasi Sosial,Non BLU/BLUD,Sleman,"Jl Solo Km 12,5 Kalasan Sleman Yogyakarta"
3404182,Yogyakarta,3802.7,1199,RS Umum Gramedika 10,Rumah Sakit Umum,D,58,23,26,Perusahaan,Non BLU/BLUD,Sleman,"Jl Raya Besi Jangkang No. 10, Sardonoharjo, Ngaglik"
3404045,Yogyakarta,3802.7,1199,RS Queen Latifa,Rumah Sakit Umum,D,100,51,153,SWASTA/LAINNYA,Non BLU/BLUD,Sleman,"Jl Siliwangi (RingRoad Barat) No 118, Mlangi, Nogotirto, Gamping, Sleman, Yogyakarta"
3404181,Yogyakarta,3802.7,1199,RS At-Turots Al-Islamy,Rumah Sakit Umum,D,59,30,117,Organisasi Islam ,Non BLU/BLUD,Sleman,Klaci 1 Margoluwih Seyegan Sleman
3404124,Yogyakarta,3802.7,1199,RS Umum Panti Nugroho,Rumah Sakit Umum,D,50,43,144,Organisasi Sosial,Non BLU/BLUD,Sleman,"Jl. Kaliurang  Km.17 Pakem,Sleman"
3404191,Yogyakarta,3802.7,1199,RS Universitas Ahmad Dahlan,Rumah Sakit Umum,D,51,41,11,SWASTA/LAINNYA,Non BLU/BLUD,Sleman,"Jl Cindelaras Raya - Karangsari, Wedomartani, Ngemplak"
3404092,Yogyakarta,3802.7,1199,RS Umum Puri Husada Yogyakarta ,Rumah Sakit Umum,D,51,36,64,SWASTA/LAINNYA,Non BLU/BLUD,Sleman,Jl. Palagan Tentara Pelajar No.67 Km.11 Rejodani Ngaglik Sleman 
3404184,Yogyakarta,3802.7,1199,RS Umum Bhayangkara POLDA DIY,Rumah Sakit Umum,D,60,51,62,POLRI,BLU,Sleman,Jl Jogya - Solo KM. 14 Glondong Tirtomartani Kalasan Sleman Yogyakarta
3404190,Yogyakarta,3802.7,1199,RS Umum Mitra Sehat,Rumah Sakit Umum,D,50,22,11,Perusahaan,Non BLU/BLUD,Sleman,"Jl. Wates KM 9 Balecatur, Gamping"
3404196,Yogyakarta,3802.7,1199,RS Umum Bunga Bangsa Medika,Rumah Sakit Umum,D,50,18,8,SWASTA/LAINNYA,Non BLU/BLUD,Sleman,Jl. Lili Kembang Nomor 17 Maguwoharjo Depok
3404033,Yogyakarta,3802.7,1199,Charitas Hospital Klepu,Rumah Sakit Umum,D,49,22,150,Organisasi Sosial,Non BLU/BLUD,Sleman,Klepu Sendangmulyo Minggir
3404081,Yogyakarta,3802.7,1199,RS Umum Condong Catur ,Rumah Sakit Umum,D,80,50,219,SWASTA/LAINNYA,Non BLU/BLUD,Sleman,"Jl Manggis No.6, Gempol, Condong Catur, Depok, Sleman "
3404179,Yogyakarta,3802.7,1199,RS Umum Mitra Paramedika,Rumah Sakit Umum,D,50,29,78,Organisasi Sosial,Non BLU/BLUD,Sleman,Jl Raya Ngemplak Kemasan Widodomartani
